:020000040800F2
:10000000E00E0024790300088D48000889480008A4
:1000100089190090E5050008854B000800000000E4
:10002000000000000000000000000000594B000824
:10003000410C0008000000008F4800085B4B0008DE
:10004000AF030008AF030008AF030008AF030008C8
:10005000AF030008AF030008AF030008AF030008B8
:10006000AF030008AF030008AF030008AF030008A8
:10007000AD060090AF030008AF030008AF0300080F
:10008000AF030008AF030008AF030008AF03000888
:10009000AF030008AF030008AF030008AF03000878
:1000A000AF030008AF030008AF030008AF03000868
:1000B000AF030008AF030008E11E0090AF03000883
:1000C000AF030008AF030008AF030008AF03000848
:1000D000AF030008754B000849320090AF030008D9
:1000E000AF030008AF03000800000000AF030008E2
:1000F000AF030008AF030008AF030008AF03000818
:10010000AF030008AF030008AF030008AF03000807
:10011000654B0008AF030008251F0090AF030008DF
:10012000AF030008AF030008AF030008AF030008E7
:10013000AF030008AF030008AF030008AF030008D7
:1001400000000000000000000000000000000000AF
:10015000AF030008AF030008AF030008AF030008B7
:10016000AF030008AF030008AF030008AF030008A7
:10017000AF030008AF0300089D060090AF0300081E
:10018000AF030008AF030008AF030008AF03000887
:10019000AF030008AF030008AF030008AF03000877
:1001A000AF030008AF030008AF030008AF03000867
:1001B000AF030008AF030008AF030008AF03000857
:1001C000AF030008AF030008AF030008AF03000847
:1001D000AF030008AF030008AF030008AF03000837
:1001E000AF030008AF030008AF030008AF03000827
:1001F000AF030008AF030008AF030008AF03000817
:10020000AF030008AF030008AF030008AF03000806
:10021000AF030008AF030008AF030008AF030008F6
:10022000AF030008AF030008AF03000800000000A0
:10023000AF030008AF03000800000000AF03000890
:10024000AF030008AF030008AF030008AF030008C6
:10025000AF030008AF030008AF030008AF030008B6
:10026000AF030008AF030008AF030008AF030008A6
:10027000AF030008AF030008AF0300080000000050
:10028000AF030008AF030008AF0300080000000040
:1002900000000000AF03000800F002F800F05CF876
:1002A0000AA090E8000C82448344AAF10107DA45D1
:1002B00001D100F051F8AFF2090EBAE80F0013F0C7
:1002C000010F18BFFB1A43F0010318477C500000D0
:1002D0009C5000000A444FF0000C10F8013B13F052
:1002E000070408BF10F8014B1D1108BF10F8015B8F
:1002F000641E05D010F8016B641E01F8016BF9D182
:1003000013F0080F1EBF10F8014BAD1C0C1B09D1D8
:100310006D1E58BF01F801CBFAD505E014F8016B4A
:1003200001F8016B6D1EF9D59142D6D370470000DC
:100330000023002400250026103A28BF78C1FBD8EE
:10034000520728BF30C148BF0B6070471FB504F08B
:10035000E9FF1FBD10B510BD00F0BCF81146FFF756
:10036000F5FF04F087FC00F0DAF803B4FFF7F2FFC2
:1003700003BC04F025FC0000DFF84000016841F4F4
:1003800070010160BFF34F8FDFF83400016821F086
:1003900040410160BFF36F8F0A480047FEE7FEE768
:1003A000FEE7FEE7FEE7FEE7FEE7FEE7FEE7FEE725
:1003B00005480649044A064B7047000088ED00E0F6
:1003C00034EF00E099020008E0060024E00E00246B
:1003D000E0060024704753EA020C00F069802DE922
:1003E000F04B4FF00006002B1FBFB3FA83F503FA62
:1003F00005F424FA05F65E4012BF1643B2FA82F500
:1004000002FA05F4C5F120051EBF22FA05FC44EAF4
:100410000C04203556EA044C4FEA144418BF641CFF
:100420004FF000084FF00009904271EB030C39D3F4
:10043000002919BFB1FA81F701FA07F6B0FA80F77F
:1004400000FA07F6C7F120071EBF20FA07FC46EAAC
:100450000C062037B6FBF4FCA7EB0507103F07F0AE
:100460001F0BCBF120060CFA0BFB2CFA06F644BF4F
:10047000B3460026202FA4BF5E464FF0000B5BEA78
:10048000060C08BF4FF0010B19EB0B09ABFB027C0C
:1004900048EB0608C01B06FB02CC0BFB03CC71EB40
:1004A0000C01C1E70B46024641464846BDE8F08BC9
:1004B00013B54FF000004FF00001AFF30080BDE82E
:1004C0001C4070477047704770477047004870473E
:1004D0007C0600247546FFF7F9FFAE460500694625
:1004E000534620F00700854618B020B5FFF760FF9F
:1004F000BDE820404FF000064FF000074FF0000825
:100500004FF0000B21F00701AC46ACE8C009ACE8A5
:10051000C009ACE8C009ACE8C0098D46704710B509
:100520000446AFF300802046BDE81040FFF71DBF32
:1005300041F21D5CC9F2000C604740F29B3CC9F2DD
:10054000000C604741F2110CC9F2000C604747F6FD
:10055000713CC9F2000C604748F6D11CC9F2000C8E
:10056000604747F6D92CC9F2000C604746F6B54CF7
:10057000C9F2000C604744F2810CC9F2000C6047DC
:1005800041F6E10CC9F2000C604743F6A50CC9F234
:10059000000C604747F6C91CC9F2000C604742F2E4
:1005A000112CC9F2000C604746F6614CC9F2000CF0
:1005B000604748F2BD0CC9F2000C604744F2011CD0
:1005C000C9F2000C604743F2296CC9F2000C604785
:1005D00048F2914CC9F2000C604741F2A54CC9F2B7
:1005E000000C604700BFFEE70146374A08689042AA
:1005F00049D0354A18320868904244D0324A3032E5
:10060000086890423FD0304A4832086890423AD059
:100610002D4A60320868904235D02B4A78320868FB
:10062000904230D0284A9032086890422BD0264A17
:10063000A8320868904226D0244A0868904222D006
:10064000224A1832086890421DD0204A3032086889
:10065000904218D01D4A48320868904213D01B4A75
:100660006032086890420ED0184A7832086890428A
:1006700009D0164A90320868904204D0134AA83232
:100680000868904201D1012000E00020B0B10A7852
:10069000103A1823B2FBF3F000F007020C4B9A5CFF
:1006A000CA65032805D90A686FF30902121D8A6515
:1006B00003E00A686FF309028A6503E0086820F026
:1006C000FF008865886D70471000024010040240EA
:1006D0003E53000810B502682B4C0368A34222D099
:1006E000294C14340368A3421DD0274C28340368D6
:1006F000A34218D0244C3C340368A34213D0224CAC
:1007000050340368A3420ED01F4C64340368A342E4
:1007100009D01D4C78340368A34204D01A4C8C34A1
:100720000368A34201D1012300E000238BB10378C9
:10073000083B1424B3FBF4F1144B03EB8103036671
:10074000124B8033436601F01F040123A3408366EC
:1007500018E00378103B1824B3FBF4F10C4B9A42D9
:1007600004D80B4BA83B9A4200D30831094B03EB4A
:1007700081030366074B8033436601F01F040123A6
:10078000A340836610BD0000085402580058025868
:10079000B8040240000802400179A9B3082940D8F2
:1007A000204B02689A4222D01E4B143302689A42B0
:1007B0001DD01C4B283302689A4218D0194B3C3389
:1007C00002689A4213D0174B503302689A420ED0F7
:1007D000144B643302689A4209D0124B7833026892
:1007E0009A4204D00F4B8C3302689A4201D1012205
:1007F00000E000224AB14A1E0B4B03EB8202C266A4
:10080000094A4032026708E00BE04A1E074B03EB3F
:100810008202C266054A403202674A1E01239340A3
:1008200043677047085402580059025800090240B3
:10083000014600208A69D2B98A6A32B1012A0DD0F4
:10084000022A03D0032A10D10EE000BFCA6A02F0C8
:100850008072B2F1807F00D1012007E0CA6AB2F154
:10086000C07F00D1012001E000E000BF36E08A69CE
:10087000B2F5005F1BD18A6A32B1012A07D0022A81
:1008800003D0032A11D10AE000BF01200EE0CA6A9A
:1008900002F08072B2F1807F00D1012006E0CA6AC6
:1008A000B2F1C07F00D1012000E000BF16E08A6AEB
:1008B00032B1012A05D0022A04D0032A0CD103E068
:1008C00000BF00BF012008E0CA6A02F08072B2F1E6
:1008D000807F00D1012000E000BF00BF7047000012
:1008E00030B5384D0468AC4249D0364D18350468EF
:1008F000AC4244D0334D30350468AC423FD0314D2A
:1009000048350468AC423AD02E4D60350468AC429C
:1009100035D02C4D78350468AC4230D0294D903517
:100920000468AC422BD0274DA8350468AC4226D0D1
:10093000254D0468AC4222D0234D18350468AC42E2
:100940001DD0214D30350468AC4218D01E4D4835BD
:100950000468AC4213D01C4D60350468AC420ED024
:10096000194D78350468AC4209D0174D90350468AC
:10097000AC4204D0144DA8350468AC4201D1012426
:1009800000E0002474B1046863608468402C04D1E2
:100990000468A2600468E16012E00468A160046871
:1009A000E2600DE0046863608468402C04D1046850
:1009B000A2600468E16003E00468A1600468E2608A
:1009C00030BD00001000024010040240F0B5856DFB
:1009D000846D984F0668BE4270D0964F18370668EF
:1009E000BE426BD0934F30370668BE4266D0914FFF
:1009F00048370668BE4261D08E4F60370668BE42F7
:100A00005CD08C4F78370668BE4257D0894F9037FC
:100A10000668BE4252D0874FA8370668BE424DD006
:100A2000854F0668BE4249D0834F18370668BE42DC
:100A300044D0814F30370668BE423FD07E4F4837A2
:100A40000668BE423AD07C4F60370668BE4235D059
:100A5000794F78370668BE4230D0774F90370668B6
:100A6000BE422BD0744FA8370668BE4226D0734FC3
:100A70000668BE4222D0714F14370668BE421DD0B0
:100A80006E4F28370668BE4218D06C4F3C37066858
:100A9000BE4213D0694F50370668BE420ED0674F32
:100AA00064370668BE4209D0644F78370668BE4294
:100AB00004D0624F8C370668BE4201D1012600E0A7
:100AC00000263EB1D0E919767E60C66E16B1D0E937
:100AD0001C767E60574F0668BE4249D0554F183786
:100AE0000668BE4244D0534F30370668BE423FD0FE
:100AF000504F48370668BE423AD04E4F60370668BE
:100B0000BE4235D04B4F78370668BE4230D0494F91
:100B100090370668BE422BD0464FA8370668BE42C3
:100B200026D0454F0668BE4222D0434F183706688C
:100B3000BE421DD0404F30370668BE4218D03E4FEF
:100B400048370668BE4213D03B4F60370668BE4246
:100B50000ED0394F78370668BE4209D0364F9037ED
:100B60000668BE4204D0344FA8370668BE4201D1A1
:100B7000012600E00026DEB190F85C6006F01F0759
:100B80003F26BE40AE600668366826F480260768B9
:100B90003E60066873608668402E04D10668B260C5
:100BA0000668F16044E00668B1600668F2603FE004
:100BB000224F0668BE4222D0204F14370668BE423C
:100BC0001DD01E4F28370668BE4218D01B4F3C3739
:100BD0000668BE4213D0194F50370668BE420ED089
:100BE000164F64370668BE4209D0144F783706683E
:100BF000BE4204D0114F8C370668BE4201D1012697
:100C000000E00026A6B190F85C6006F01F07012600
:100C1000BE406660066873608668402E04D1066830
:100C2000B2600668F16003E00668B1600668F260D1
:100C3000F0BD0000100002401004024008540258A9
:100C4000704700002DE9F04704460F4690461E46C7
:100C5000DDF820904FF0000AA068802804D1400001
:100C600060654FF0010A75E100BF94F83400012877
:100C700002D10220BDE8F087012084F8340000BFD3
:100C800094F8350001287DD1022084F83500002039
:100C90006065B1492068884249D0AF491831206861
:100CA000884244D0AC493031206888423FD0AA49BC
:100CB0004831206888423AD0A7496031206888428C
:100CC00035D0A54978312068884230D0A24990318A
:100CD000206888422BD0A049A8312068884226D0BD
:100CE0009E492068884222D09C4918312068884259
:100CF0001DD09A4930312068884218D09749483130
:100D00002068884213D095496031206888420ED00F
:100D1000924978312068884209D090499031206802
:100D2000884204D08D49A8312068884201D1012031
:100D300000E0002090B12068006840F48020216825
:100D4000086020680661A06D00F1080594F85C0059
:100D500000F01F013F208840286011E020680068F3
:100D600048F2200108432168086020680661A06DF0
:100D7000051D94F85C0000F01F01012088402860E8
:100D8000754900E0E1E02068884270D0724918316E
:100D9000206888426BD0704930312068884266D024
:100DA0006D4948312068884261D06B4960312068C4
:100DB00088425CD0684978312068884257D06649BB
:100DC00090312068884252D06349A8312068884217
:100DD0004DD062492068884249D060491831206866
:100DE000884244D05D493031206888423FD05B4919
:100DF0004831206888423AD058496031206888429A
:100E000035D0564978312068884230D053499031E6
:100E1000206888422BD05149A8312068884226D0CA
:100E20004F492068884222D04D49143120688842B9
:100E30001DD04B4928312068884218D048493C31A0
:100E40002068884213D046495031206888420ED02D
:100E5000434964312068884209D04149783120688B
:100E6000884204D03E498C312068884201D101205B
:100E700000E0002068B14B46424639462046FFF765
:100E80002FFDD4E919104860E06E10B1D4E91C10B0
:100E9000486031492068884249D02F49183120687C
:100EA000884244D02C493031206888423FD02A49BA
:100EB0004831206888423AD027496031206888420A
:100EC00035D0254978312068884230D02249903188
:100ED000206888422BD02049A8312068884226D03B
:100EE0001E492068884222D01C4918312068884257
:100EF0001DD01A4930312068884218D0174948312E
:100F00002068884213D015496031206888420ED08D
:100F1000124978312068884209D010499031206800
:100F2000884204D00D49A8312068884206D1206843
:100F3000006840F00100216808600BE0206800684C
:100F400040F001002168086004E04FF40060606533
:100F50004FF0010A50468DE6100002401004024096
:100F6000085402582DE9F041044601F01DFA80466C
:100F700014B90120BDE8F08194F83500022808D0AA
:100F80008020606500BF002084F8340000BF01208D
:100F9000F0E7FE492068884249D0FC4918312068B2
:100FA000884244D0F9493031206888423FD0F7491F
:100FB0004831206888423AD0F4496031206888423C
:100FC00035D0F24978312068884230D0EF499031ED
:100FD000206888422BD0ED49A8312068884226D06D
:100FE000EB492068884222D0E949183120688842BC
:100FF0001DD0E74930312068884218D0E449483193
:101000002068884213D0E2496031206888420ED0BF
:10101000DF4978312068884209D0DD499031206865
:10102000884204D0DA49A8312068884201D10120E1
:1010300000E0002068B12068006820F01E002168F0
:1010400008602068406920F08000216848612568B8
:1010500006E02068006820F00E002168086025681E
:10106000CA492068884270D0C8491831206888422F
:101070006BD0C64930312068884266D0C3494831B8
:101080002068884261D0C1496031206888425CD0C4
:10109000BE4978312068884257D0BC4990312068D9
:1010A000884252D0B949A831206888424DD0B84909
:1010B0002068884249D0B64918312068884244D017
:1010C000B3493031206888423FD0B1494831206867
:1010D00088423AD0AE4960312068884235D0AC4968
:1010E00078312068884230D0A94990312068884200
:1010F0002BD0A749A8312068884226D0A54920686E
:10110000884222D0A3491431206888421DD0A149C9
:1011100028312068884218D09E493C312068884296
:1011200013D09C495031206888420ED099496431CF
:101130002068884209D0974978312068884204D0D5
:1011400094498C312068884201D1012000E00020C0
:1011500028B1206E006820F48070216E08608B49F1
:101160002068884249D0894918312068884244D093
:1011700086493031206888423FD084494831206810
:1011800088423AD0814960312068884235D07F4911
:1011900078312068884230D07C499031206888427C
:1011A0002BD07A49A8312068884226D07849206817
:1011B000884222D076491831206888421DD074496F
:1011C00030312068884218D07149483120688842FF
:1011D00013D06F496031206888420ED06C49783155
:1011E0002068884209D06A4990312068884204D03A
:1011F0006749A8312068884206D12068006820F03D
:1012000001002168086005E02068006820F0010006
:101210002168086011E001F0C7F8A0EB080005287C
:101220000BD920206065032084F8350000BF002022
:1012300084F8340000BF01209CE6286800F001001B
:101240000028E8D151492068884249D04F491831D7
:101250002068884244D04D493031206888423FD0D0
:101260004A494831206888423AD04849603120686C
:10127000884235D0454978312068884230D043498A
:101280009031206888422BD04049A831206888429C
:1012900026D03F492068884222D03D491831206835
:1012A00088421DD03A4930312068884218D03849E8
:1012B00048312068884213D035496031206888421F
:1012C0000ED0334978312068884209D030499031B6
:1012D0002068884204D02E49A8312068884201D174
:1012E000012000E0002040B1A66D94F85C0000F001
:1012F0001F013F208840B06007E0A76D94F85C00B4
:1013000000F01F0101208840786020492068884251
:1013100076D01E4918312068884271D01B4930317F
:10132000206888426CD0194948312068884267D0CB
:10133000164960312068884262D0144978312068AB
:1013400088425DD0114990312068884258D00F49B9
:10135000A8312068884253D00D49206888424FD078
:101360000B491831206888424AD009493031206839
:10137000884245D0064948312068884240D0044917
:101380006031206888423BD0014905E010000240EE
:1013900010040240085402587831206888422FD047
:1013A0002549206888422BD023491831206888427B
:1013B00026D022492068884222D020491431206852
:1013C00088421DD01D4928312068884218D01B4909
:1013D0003C312068884213D0184950312068884237
:1013E0000ED0164964312068884209D013497831FB
:1013F0002068884204D011498C312068884201D18C
:10140000012000E0002068B1D4E919104860E06EC6
:1014100040B1E06E006820F48070E16E0860D4E9AD
:101420001C104860012084F8350000BF002084F8BB
:10143000340000BF00BF9DE5A004024008540258DC
:1014400070B504460CB9012070BD94F8350002282F
:1014500003D0802060650120F6E7DC4920688842DF
:1014600049D0DA4918312068884244D0D749303110
:10147000206888423FD0D5494831206888423AD018
:10148000D24960312068884235D0D049783120680F
:10149000884230D0CD499031206888422BD0CB494A
:1014A000A8312068884226D0C9492068884222D0C5
:1014B000C7491831206888421DD0C549303120689D
:1014C000884218D0C24948312068884213D0C049A8
:1014D0006031206888420ED0BD497831206888424A
:1014E00009D0BB4990312068884204D0B849A8315E
:1014F0002068884201D1012000E00020F0B30420E0
:1015000084F83500B149206888424BD0AF49183182
:101510002068884246D0AD4930312068884241D0A9
:10152000AA494831206888423CD0A84960312068E7
:10153000884237D0A54978312068884232D0A34903
:101540009031206888422DD0A049A8312068884277
:1015500028D09F492068884224D09D4918312068AE
:1015600088421FD09A493031206888421AD0984961
:1015700048312068884215D0954900E020E060316C
:10158000206888420ED0924978312068884209D07C
:101590008F4990312068884204D08D49A831206855
:1015A000884206D12068006820F0010021680860A8
:1015B00009E12068006820F001002168086002E16C
:1015C0002068006820F00E00216808607F492068CC
:1015D000884249D07D4918312068884244D07B49EF
:1015E0003031206888423FD07849483120688842AD
:1015F0003AD0764960312068884235D073497831D5
:101600002068884230D071499031206888422BD0C0
:101610006E49A8312068884226D06D4920688842EA
:1016200022D06B491831206888421DD0684930317A
:101630002068884218D0664948312068884213D013
:1016400063496031206888420ED061497831206852
:10165000884209D05E4990312068884204D05C49B4
:10166000A8312068884206D12068006820F0010077
:101670002168086005E02068006820F0010021680A
:10168000086052492068884270D05049183120685B
:1016900088426BD04D4930312068884266D04B4932
:1016A00048312068884261D04849603120688842CA
:1016B0005CD0464978312068884257D04349903100
:1016C0002068884252D04149A831206888424DD0D4
:1016D0003F492068884249D03D49183120688842F6
:1016E00044D03B493031206888423FD038494831A6
:1016F000206888423AD0364960312068884235D027
:10170000334978312068884230D03149903120689F
:1017100088422BD02E49A8312068884226D02D49F6
:101720002068884222D02B491431206888421DD07D
:10173000284928312068884218D026493C31206841
:10174000884213D023495031206888420ED0214965
:1017500064312068884209D01E4978312068884267
:1017600004D01C498C312068884201D1012000E05E
:101770000020D8B1206E006820F48070216E0860CF
:10178000A56D94F85C0000F01F010120884068609E
:10179000D4E919104860E06E40B1E06E006820F4B2
:1017A0008070E16E0860D4E91C104860012084F864
:1017B000350000BF002084F8340000BF206D10B158
:1017C0002046216D884700203EE6000010000240C0
:1017D000100402400854025870B504460CB90120A8
:1017E00070BD9B492068884249D0994918312068CA
:1017F000884244D096493031206888423FD094498D
:101800004831206888423AD0914960312068884246
:1018100035D08F4978312068884230D08C4990315A
:10182000206888422BD08A49A8312068884226D077
:1018300088492068884222D0864918312068884229
:101840001DD0844930312068884218D08149483100
:101850002068884213D07F496031206888420ED0CA
:101860007C4978312068884209D07A4990312068D3
:10187000884204D07749A8312068884206D1206880
:10188000006820F001002168086005E02068006819
:1018900020F00100216808606D492068884249D025
:1018A0006B4918312068884244D06949303120683A
:1018B00088423FD066494831206888423AD064491E
:1018C00060312068884235D061497831206888428B
:1018D00030D05F499031206888422BD05C49A831D4
:1018E0002068884226D05B492068884222D0594926
:1018F0001831206888421DD056493031206888420E
:1019000018D0544948312068884213D05149603179
:10191000206888420ED04F4978312068884209D02B
:101920004C4990312068884204D04A49A831206847
:10193000884201D1012000E00020C8B100202168C8
:10194000086021684860216888602168C860216853
:1019500008612120216848612046FEF745FE0646C1
:1019600094F85C0000F01F013F208840B06043E025
:1019700039492068884222D037491431206888428A
:101980001DD0354928312068884218D032493C3171
:101990002068884213D030495031206888420ED0E8
:1019A0002D4964312068884209D02B49783120685C
:1019B000884204D028498C312068884201D1012016
:1019C00000E00020B0B10020216808602168486074
:1019D000216888602168C860216808612046FEF798
:1019E00003FE054694F85C0000F01F0101208840CA
:1019F000686001E00120F3E62046FEF76BFE206EF2
:101A000028B10020216E0860D4E919104860606890
:101A100058B16068082808D82046FEF7BDFE0020AF
:101A2000E16E0860D4E91C1048600020E066206781
:101A30006067E06320646064A064E06420656065C2
:101A400084F8350000BF84F8340000BF00BFC7E64B
:101A50001000024010040240085402582DE9F041E1
:101A6000044600F0A1FC804614B90120BDE8F081D5
:101A7000FE492068884249D0FC49183120688842D4
:101A800044D0FA493031206888423FD0F749483184
:101A9000206888423AD0F54960312068884235D0C4
:101AA000F24978312068884230D0F049903120687E
:101AB00088422BD0ED49A8312068884226D0EC49D5
:101AC0002068884222D0EA491831206888421DD017
:101AD000E74930312068884218D0E549483120680C
:101AE000884213D0E2496031206888420ED0E04934
:101AF00078312068884209D0DD49903120688842D9
:101B000004D0DB49A8312068884201D1012000E0DF
:101B10000020002873D0606A00B100BF022084F862
:101B2000350000BF002084F8340000BFCF49206892
:101B3000884249D0CD4918312068884244D0CB49E9
:101B40003031206888423FD0C849483120688842F7
:101B50003AD0C64960312068884235D0C3497831CF
:101B60002068884230D0C1499031206888422BD00B
:101B7000BE49A8312068884226D0BD4920688842E5
:101B800022D0BB491831206888421DD0B849303175
:101B90002068884218D0B64948312068884213D05E
:101BA000B3496031206888420ED0B149783120684D
:101BB000884209D0AE4990312068884204D0AC49AF
:101BC000A8312068884206D12068006820F0010012
:101BD0002168086005E02068006820F001002168A5
:101BE00008600DE000F0E0FBA0EB0800052807D935
:101BF00020206065032084F83500012036E76AE084
:101C00002068006800F001000028EBD1206805681A
:101C100098480540D4E902010843216908436169F5
:101C20000843A1690843E1690843216A0843054361
:101C3000606A042803D1D4E90B01084305438E48A8
:101C400000686FF30F00B0F1005F1DD360682928B2
:101C500002D360682E2811D960683F2802D36068DB
:101C600042280BD96068472802D36068482805D904
:101C700060684F2804D36068522801D8012000E032
:101C8000002008B145F4801520680560206845698A
:101C900025F00705606A0543606A04280DD1A06A33
:101CA0000543E06A48B12046FEF7C2FD28B1402056
:101CB0006065012084F83500D8E62068456120463B
:101CC000FEF792FC064694F85C0000F01F013F20EE
:101CD0008840B0609EE069492068884222D0674908
:101CE0001431206888421DD0644928312068884218
:101CF00018D062493C312068884213D05F49503186
:101D0000206888420ED05D4964312068884209D03D
:101D10005A4978312068884204D058498C3120686B
:101D2000884201D1012000E00020E0B3534920683F
:101D3000884222D051491431206888421DD04F4931
:101D400028312068884218D04C493C3120688842AC
:101D500013D04A495031206888420ED04749643137
:101D60002068884209D0454978312068884204D0EB
:101D700042498C312068884201D1012000E00020D6
:101D800000B100BF022084F8350000BF002084F8B5
:101D9000340000BF2068056839480540A068402825
:101DA00002D1102106E02EE0A068802801D1C101F7
:101DB00000E00021E06841EAD001206941EAD00159
:101DC000606941EAD001A06941EAD001E06941EAD5
:101DD000D001206A41EA10100543206805602749B8
:101DE0002068401A1421B0FBF1F08000E065204625
:101DF000FEF7FAFB074694F85C0000F01F01012093
:101E00008840786006E040206065032084F8350053
:101E100001202BE61549206888427FD013491831EC
:101E2000206888427AD0114930312068884275D0C4
:101E30000E4948312068884270D00C4960312068D2
:101E400088426BD0094978312068884266D00749BA
:101E500090312068884261D00449A83120688842C6
:101E60005CD003492068884258D00BE01000024043
:101E7000100402403F8010FE0010005C085402581D
:101E80000F00FEFF3B4918312068884246D039498F
:101E900030312068884241D0364948312068884234
:101EA0003CD0344960312068884237D0314978319C
:101EB0002068884232D02F499031206888422DD046
:101EC0002C49A8312068884228D02B4920688842B4
:101ED00024D029491431206888421FD0264928314E
:101EE000206888421AD024493C312068884215D0A5
:101EF000214950312068884210D01F496431206840
:101F000088420BD01C4978312068884206D01A4993
:101F10008C312068884200E000E001D1012000E01F
:101F2000002000B32046FEF7D5FBA068802801D131
:101F3000002060602079216E0860D4E919104860A3
:101F4000606860B16068082809D82046FEF724FC64
:101F50000020E16E0860D4E91C10486003E0002016
:101F6000E0662067606700206065012084F8350026
:101F700000207BE510040240085402582DE9F0418E
:101F800004460D4616461F464FF0000814B90120BE
:101F9000BDE8F08100BF94F83400012801D102208F
:101FA000F6E7012084F8340000BF94F835000128DA
:101FB0007ED1022084F835000020606565492068E4
:101FC000884249D0634918312068884244D0614929
:101FD0003031206888423FD05E49483120688842CD
:101FE0003AD05C4960312068884235D0594978310F
:101FF0002068884230D057499031206888422BD0E1
:102000005449A8312068884226D053492068884224
:1020100022D051491831206888421DD04E493031B4
:102020002068884218D04C4948312068884213D033
:1020300049496031206888420ED04749783120688C
:10204000884209D0444990312068884204D04249EE
:10205000A8312068884206D12068006820F001007D
:102060002168086005E02068006820F00100216810
:1020700008603B46324629462046FEF7A7FC354914
:10208000206888424BD0334918312068884246D0B6
:10209000304930312068884241D02E49483120688B
:1020A00088423CD02B4960312068884237D000E01C
:1020B00043E0284978312068884230D02549903162
:1020C000206888422BD02349A8312068884226D036
:1020D00021492068884222D01F491831206888424F
:1020E0001DD01D4930312068884218D01A49483126
:1020F0002068884213D018496031206888420ED089
:10210000154978312068884209D0134990312068F8
:10211000884204D01049A8312068884206D120683E
:10212000006840F001002168086010E02068006845
:1021300040F001002168086009E04FF4006060652C
:1021400000BF002084F8340000BF4FF00108404673
:102150001EE700001000024010040240034800681F
:1021600040F0010001490860704700002004005859
:10217000F8B502460B4600216F4DD7E001278F408E
:102180001E6806EA0704002C72D01E7906F00306CA
:10219000012E04D01E7906F00306022E13D190689A
:1021A0004F000326BE40B0434F00DE68BE403043C0
:1021B0009060506801268E40B0431E79C6F3001629
:1021C0008E40304350601E7906F00306032E09D07E
:1021D000D0684F000326BE40B0434F009E68BE400B
:1021E0003043D0601E7906F00306022E13D1CF08CB
:1021F00002F1200656F827004E07F70E0F26BE40C4
:10220000B0434F07FF0E1E69BE403043CF0802F1B6
:10221000200646F8270010684F000326BE40B04352
:102220001E7906F003064F00BE40304310605E6822
:1022300006F44036002E78D000BF404E366846F097
:1022400002063E4F3E603E46366806F002060096A5
:1022500000BF00BF3A4E8F0856F827008E07370F91
:102260000F26BE40B043374EB24202D100262EE0C8
:102270005BE0354EB24201D1012628E0334EB24236
:1022800001D1022623E0324EB24201D103261EE0E4
:10229000304EB24201D1042619E02F4EB24201D194
:1022A000052614E02D4EB24201D106260FE02C4E39
:1022B000B24201D107260AE02A4EB24201D10826D5
:1022C00005E0294EB24201D1092600E00A268F0717
:1022D0003F0FBE4030431A4E8F0846F827004FF09C
:1022E000B0463068A0435E6806F4801606B120430D
:1022F0004FF0B04630607068A0435E6806F4001688
:1023000006B120434FF0B04670606868A0435E6835
:1023100006F4003606B1204368602868A0435E6872
:1023200006F4803606B120432860491C1E68CE4062
:10233000002E7FF423AFF8BD80000058F44402580B
:10234000080400580000025800040258000802580F
:10235000000C0258001002580014025800180258CD
:10236000001C02580020025800240258024613693B
:102370000B400BB1012000E00020704710B542690E
:1023800021EA020302EA010443EA0443836110BD27
:102390000AB1816101E00B04836170470148006864
:1023A000000C70470010005C014800687047000096
:1023B0004C00002403480068034909780844014997
:1023C000086070474C0000245400002410B503201E
:1023D00000F00EF901F0FAFB10490968C1F303217E
:1023E0000F4A515C01F01F0120FA01F40B4800680C
:1023F00000F00F001146085C00F01F0024FA00F006
:1024000008490860084804600F2000F00FF808B180
:10241000012010BD00F09AF80020FAE71844025895
:102420002E530008040000240000002470B5044668
:102430001148007808B9012070BD0F4800784FF4AA
:102440007A71B1FBF0F00D490968B1FBF0F528464F
:1024500002F016F908B10120EEE7102C07D2002295
:102460002146501E00F087F80548046001E0012075
:10247000E2E70020E0E70000540000240000002410
:10248000500000244178154A11600178F9B1121DFD
:1024900041681160017B0907C27A41EA0261827AD0
:1024A00041EAC241427B41EA8241827B41EA4241A8
:1024B000C27B41EA0241427A41EA0221027A41EAC0
:1024C000420102781143054A0832116005E00021FB
:1024D000024A121D1160121D1160704798ED00E054
:1024E00000BF00BF00BFBFF35F8F00BF00BF00BFD2
:1024F0000548006820F48030034908600020024944
:10250000703108607047000024ED00E040F00101E8
:102510000D4A11600C497039096841F480310A4A4A
:10252000703A116000BF00BF00BFBFF34F8F00BF04
:1025300000BF00BF00BF00BF00BFBFF36F8F00BF71
:1025400000BF00BF7047000094ED00E070470146F7
:10255000084600280DDB00BF00BF00F01F0301226A
:102560009A4043099B0003F1E023C3F8002100BF18
:1025700000BF00BF70472DE9F05F80460D4616464C
:1025800002F002FB074639462A46334601F00700AF
:10259000C0F1070ABAF1040F02D94FF0040A01E0B2
:1025A000C0F1070AD14600F1040ABAF1070F02D2BE
:1025B0004FF0000A01E0A0F1030AD4464FF0010AEF
:1025C0000AFA09FAAAF1010A0AEA020A0AFA0CFA54
:1025D0004FF0010B0BFA0CFBABF1010B0BEA030BF9
:1025E0004AEA0B042146404602F0D6FABDE8F09FC5
:1025F00000BF00F00702064B19684FF6FF031940B1
:10260000044B0B4343EA0221014B196000BF7047A2
:102610000CED00E00000FA050348006840F080700F
:1026200001490860704700000C48025810B501F0DD
:1026300083FA05490968C1F30211044A515C01F0AB
:102640001F01C84010BD0000204402582E5300084E
:1026500070B50146844D2D6805F00303824D2D6849
:10266000C5F30530804D2D1D2D68C5F300147E4D3A
:1026700014352D68C5F3CC0515FB04F501EE105A91
:10268000B8EE411AF0EE410A00286FD023B1012BB9
:102690004ED0022B6BD16BE0734D283D2D68C5F3F6
:1026A00040153DB3704D283D2D68C5F3C1066F4DF3
:1026B00025FA06F201EE102AF8EE411A01EE100A90
:1026C000B8EE411A81EE812A9FED691AC0EE811A97
:1026D000654D10352D68C5F3080501EE105AB8EEAA
:1026E000411A31EE811AF7EE001A31EE211A22EE6C
:1026F000010A1CE001EE100AB8EE411ADFED5D1A86
:1027000081EE812A9FED5A1AC0EE811A564D10357E
:102710002D68C5F3080501EE105AB8EE411A31EEE6
:10272000811AF7EE001A31EE211A22EE010A5BE05F
:1027300001EE100AB8EE411ADFED4F1A81EE812A40
:102740009FED4B1AC0EE811A474D10352D68C5F329
:10275000080501EE105AB8EE411A31EE811AF7EE73
:10276000001A31EE211A22EE010A3DE077E01DE069
:1027700001EE100AB8EE411A9FED402AC2EE011A8E
:102780009FED3B1A80EE812A374D10352D68C5F339
:10279000080501EE105AB8EE411A32EE011AB7EEF2
:1027A000002A31EE021A21EE810A1DE001EE100A24
:1027B000B8EE411ADFED301A81EE812A9FED2C1A16
:1027C000C0EE811A284D10352D68C5F3080501EEBD
:1027D000105AB8EE411A31EE811AF7EE001A31EEB6
:1027E000211A22EE010A00BF00BF1F4D10352D68CF
:1027F000C5F3462501EE105AB8EE411AF7EE001A5D
:1028000031EE211AC0EE011ABCEEE11A81ED001A78
:10281000154D10352D68C5F3064501EE105AB8EE7A
:10282000411AF7EE001A31EE211AC0EE011ABCEE81
:10283000E11A81ED011A0C4D10352D68C5F30665BE
:1028400001EE105AB8EE411AF7EE001A31EE211AD5
:10285000C0EE011ABCEEE11A81ED021A03E0002578
:102860000D604D608D6070BD284402580090D0030B
:10287000000000460024744C0024744A0024F44AEA
:1028800070B50146844D2D6805F00303824D2D6817
:10289000C5F30550804D2D1D2D68C5F300247E4DD8
:1028A0001C352D68C5F3CC0515FB04F501EE105A57
:1028B000B8EE411AF0EE410A00286FD023B1012B87
:1028C0004ED0022B6BD16BE0734D283D2D68C5F3C4
:1028D00040153DB3704D283D2D68C5F3C1066F4DC1
:1028E00025FA06F201EE102AF8EE411A01EE100A5E
:1028F000B8EE411A81EE812A9FED691AC0EE811A65
:10290000654D18352D68C5F3080501EE105AB8EE6F
:10291000411A31EE811AF7EE001A31EE211A22EE39
:10292000010A1CE001EE100AB8EE411ADFED5D1A53
:1029300081EE812A9FED5A1AC0EE811A564D183544
:102940002D68C5F3080501EE105AB8EE411A31EEB4
:10295000811AF7EE001A31EE211A22EE010A5BE02D
:1029600001EE100AB8EE411ADFED4F1A81EE812A0E
:102970009FED4B1AC0EE811A474D18352D68C5F3EF
:10298000080501EE105AB8EE411A31EE811AF7EE41
:10299000001A31EE211A22EE010A3DE077E01DE037
:1029A00001EE100AB8EE411A9FED402AC2EE011A5C
:1029B0009FED3B1A80EE812A374D18352D68C5F3FF
:1029C000080501EE105AB8EE411A32EE011AB7EEC0
:1029D000002A31EE021A21EE810A1DE001EE100AF2
:1029E000B8EE411ADFED301A81EE812A9FED2C1AE4
:1029F000C0EE811A284D18352D68C5F3080501EE83
:102A0000105AB8EE411A31EE811AF7EE001A31EE83
:102A1000211A22EE010A00BF00BF1F4D18352D6894
:102A2000C5F3462501EE105AB8EE411AF7EE001A2A
:102A300031EE211AC0EE011ABCEEE11A81ED001A46
:102A4000154D18352D68C5F3064501EE105AB8EE40
:102A5000411AF7EE001A31EE211AC0EE011ABCEE4F
:102A6000E11A81ED011A0C4D18352D68C5F3066584
:102A700001EE105AB8EE411AF7EE001A31EE211AA3
:102A8000C0EE011ABCEEE11A81ED021A03E0002546
:102A90000D604D608D6070BD284402580090D003D9
:102AA000000000460024744C0024744A0024F44AB8
:102AB0002DE9F04104460025A8464FF00062D4E914
:102AC000001011400020134659404040014331D1CD
:102AD000A06E48B1B0F5801F0DD0B0F5001F11D029
:102AE000B0F5401F16D114E0F948006840F40030FA
:102AF000F749086010E0022104F1080001F0C8FE67
:102B0000054609E0022104F1280001F073FF0546A3
:102B100002E001E0012500BF00BF55B9EC482430B8
:102B2000006820F44010A16E0843E9492431086090
:102B300000E0A8464FF48073D4E90010194000204B
:102B40005940404001432ED1A06D05281BD2DFE83B
:102B500000F0030A11181900DD48006840F4003045
:102B6000DB49086011E0002104F1080001F090FE4B
:102B700005460AE0002104F1280001F03BFF05466C
:102B800003E002E001E0012500BF00BF55B9D048D5
:102B90002430006820F00700A16D0843CC4924319F
:102BA000086000E0A8464FF40073D4E90010194013
:102BB000002059404040014334D1E06D802818D0B6
:102BC00003DC40B140281DD10CE0C02818D0B0F57E
:102BD000807F17D115E0BE48006840F40030BC4942
:102BE000086011E0002104F1080001F051FE0546E3
:102BF0000AE0002104F1280001F0FCFE054603E094
:102C000002E001E0012500BF00BF55B9B048243003
:102C1000006820F4E070E16D0843AD49243108609C
:102C200000E0A8464FF48063D4E90010194000206A
:102C300059404040014339D1D4F8A800B0F5800F85
:102C40001AD004DC50B1B0F5001F1ED10DE0B0F574
:102C5000C00F18D0B0F5000F17D115E09C480068E0
:102C600040F400309A49086011E0002104F10800A6
:102C700001F00EFE05460AE0002104F1280001F0F3
:102C8000B9FE054603E002E001E0012500BF00BFF8
:102C90005DB98F482C30006820F46000D4F8A8108B
:102CA00008438B492C31086000E0A8464FF40062CD
:102CB000D4E9001011400020134659404040014320
:102CC00039D1D4F8AC00B0F1007F1AD004DC50B197
:102CD000B0F1807F1ED10DE0B0F1407F18D0B0F18F
:102CE000806F17D115E07A48006840F400307849C9
:102CF000086011E0002104F1080001F0C9FD05465B
:102D00000AE0002104F1280001F074FE054603E00A
:102D100002E001E0012500BF00BF5DB96C482C3026
:102D2000006820F0E060D4F8AC10084368492C310A
:102D3000086000E0A8464FF00073D4E90001184095
:102D4000002158404940084328D1E06CA8B1102820
:102D500004D0202809D0302810D10DE05C4800684C
:102D600040F400305A4908600AE0022104F10800EA
:102D700001F08EFD054603E002E001E0012500BF01
:102D800000BF55B952482030006820F03000E16C97
:102D900008434F492031086000E0A8464FF48053B3
:102DA000D4E900101940002059404040014337D178
:102DB000206EB0F5005F1AD004DC50B1B0F5805F32
:102DC0001ED10DE0B0F5405F18D0B0F5804F17D19F
:102DD00015E03F48006840F400303D49086011E0CC
:102DE000002104F1080001F053FD05460AE000212E
:102DF00004F1280001F0FEFD054603E002E001E0D9
:102E0000012500BF00BF55B931482430006820F4C7
:102E1000E040216E08432E492431086000E0A846B6
:102E20004FF40053D4E900101940002059404040AD
:102E3000014335D1606EB0F5403F1ED007DC68B16C
:102E4000B0F5803F0BD0B0F5003F19D10EE0B0F5E2
:102E5000802F13D0B0F5A02F12D110E012E0012185
:102E600004F1080001F014FD05460BE0012104F116
:102E7000280001F0BFFD054604E003E002E001E0A8
:102E8000012500BF00BF55B911482430006820F467
:102E9000E020616E08430E492431086000E0A84636
:102EA0004FF48043D4E900011840002158404940C4
:102EB000084337D1D4F8B000B0F1405F20D009DC2E
:102EC00078B1B0F1805F0DD0B0F1005F1BD110E0A0
:102ED0002C440258B0F1804F13D0B0F1A04F12D162
:102EE00010E012E0012104F1080001F0D1FC0546D8
:102EF0000BE0012104F1280001F07CFD054604E00F
:102F000003E002E001E0012500BF00BF4DB9FE482B
:102F1000006820F0E040D4F8B0100843FA49086097
:102F200000E0A8464FF40042D4E900101140002010
:102F3000134659404040014329D1206FB0B1B0F150
:102F4000805F03D0B0F1005F11D108E0EE482C386B
:102F5000006840F40030EC492C39086009E0012198
:102F600004F1080001F094FC054602E001E00125AF
:102F700000BF00BF55B9E4480838006820F0405051
:102F8000216F0843E0490839086000E0A8464FF087
:102F90008072D4E90010114000201346594040408F
:102FA00001432AD1A06CB8B1012804D002280BD06B
:102FB000032812D10FE0D4482C38006840F40030C8
:102FC000D1492C3908600AE0022104F1080001F01F
:102FD0005FFC054603E002E001E0012500BF00BF01
:102FE00055B9C9480C38006820F00300A16C0843AB
:102FF000C5490C39086000E0A8464FF48002D4E9C6
:1030000000011040002113465840494008437DD13B
:10301000BE48006840F48070BC490860FFF7C4F9FE
:10302000064606E0FFF7C0F9801B642801D9032596
:1030300005E0B648006800F480700028F2D000BFB8
:1030400085BBB1481830006800F44070B4F8B41083
:1030500001F44071884213D0AB481830006820F466
:103060004077A9481830006840F48030A6491831EC
:1030700008600846006820F4803008600846076051
:10308000D4F8B400B0F5807F15D1FFF78DF906466E
:1030900009E0FFF789F9801B41F28831884202D9A3
:1030A000032507E038E0984818300068C0F3400076
:1030B0000028EED000BF55BB00BFB4F8B40000F448
:1030C0004070B0F5407F0ED18F484838006820F43A
:1030D0007C518F4AD4F8B400104041EA10108A495C
:1030E0004839086007E088484838006820F47C5078
:1030F000854948390860844818300068B4F8B4102D
:10310000C1F30B0108438049183101E005E001E0FB
:10311000086002E0A84600E0A8460122D4E90001C8
:1031200010400021134658404940084330D1E06F19
:1031300018281AD005DC48B1082808D0102817D163
:103140000CE0202812D0282812D110E012E0012132
:1031500004F1080001F09CFB05460BE0012104F19D
:10316000280001F047FC054604E003E002E001E02E
:10317000012500BF00BF55B96348001F006820F05B
:103180003800E16F08436049091F086000E0A84665
:103190000222D4E900011040002113465840494062
:1031A000084329D1A06F062816D2DFE800F00304F7
:1031B0000B12131412E0012104F1080001F068FB66
:1031C00005460BE0012104F1280001F013FC05463F
:1031D00004E003E002E001E0012500BF00BF55B9B3
:1031E0004948001F006820F00700A16F08434649C6
:1031F000091F086000E0A8460423D4E90010194024
:10320000002059404040014329D1D4F894000628B9
:1032100016D2DFE800F003040B12131412E00121B0
:1032200004F1080001F034FB05460BE0012104F134
:10323000280001F0DFFB054604E003E002E001E0C6
:10324000012500BF00BF4DB92F48006820F00700DE
:10325000D4F8941008432C49086000E0A8462023C5
:10326000D4E900011840002158404940084337D1B3
:10327000D4F89000B0F1405F1ED007DC68B1B0F127
:10328000805F0BD0B0F1005F19D10EE0B0F1804F3C
:1032900013D0B0F1A04F12D110E012E0002104F1E0
:1032A000080001F0F5FA05460BE0022104F12800C0
:1032B00001F0A0FB054604E003E002E001E0012587
:1032C00000BF00BF5DB91048001F006820F0E0405B
:1032D000D4F8901008430C49091F086000E0A84684
:1032E0004023D4E9001019400020594040400143D8
:1032F0003CD1D4F89C00B0F5406F25D00EDCA0B1D5
:10330000B0F5806F12D005E05844025800480258CA
:10331000FFFCFF0FB0F5006F19D10EE0B0F5805F34
:1033200013D0B0F5A05F12D110E012E0002104F13B
:10333000080001F0ADFA05460BE0022104F1280077
:1033400001F058FB054604E003E002E001E001253E
:1033500000BF00BF4DB9FE48006820F4E050D4F82B
:103360009C100843FA49086000E0A8468023D4E98D
:1033700000101940002059404040014335D1D4F895
:10338000A000B0F5C04F1ED007DC68B1B0F5005FFB
:103390000BD0B0F5804F19D10EE0B0F5004F13D02F
:1033A000B0F5204F12D110E012E0002104F1080026
:1033B00001F06EFA05460BE0022104F1280001F04D
:1033C00019FB054604E003E002E001E0012500BF2F
:1033D00000BF4DB9DE48006820F46040D4F8A0106A
:1033E0000843DB49086000E0A8460823D4E9001040
:1033F0001940002059404040014317D1D4F88400BF
:10340000B0F5805F07D1022104F1280001F0F2FA43
:1034100008B14FF00108CE48001F006820F440506A
:10342000D4F884100843CA49091F08601023D4E95E
:1034300000101940002059404040014315D1D4F8F4
:103440009800B0F5807F07D1022104F1280001F037
:10345000D1FA08B14FF00108BD48006820F440706F
:10346000D4F898100843BA4908604FF40022D4E910
:10347000000110400021134658404940084327D11D
:10348000D4F8A40030B1B0F5803F0AD0B0F5003FC9
:103490000FD10DE0002104F1080001F0F9F9054613
:1034A00009E0022104F1280001F0A4FA054602E037
:1034B00001E0012500BF00BF4DB9A548006820F418
:1034C0004030D4F8A4100843A149086000E0A846A1
:1034D0004FF48023D4E900011840002158404940AE
:1034E00008432DD1D4F88800B0F5801F06D0B0F580
:1034F000001F0CD0B0F5401F11D10FE094482C38BC
:10350000006840F4003092492C39086009E001213C
:1035100004F1280001F06EFA054602E001E0012501
:1035200000BF00BF5DB98A48001F006820F440104A
:10353000D4F8881008438649091F086000E0A846AF
:103540004FF48032D4E90001104000211346584066
:103550004940084325D1206D18B1B0F5803F10D106
:1035600008E07B482C38006840F4003078492C395A
:10357000086008E0022104F1080001F089F905461D
:1035800001E0012500BF00BF55B971480C38006843
:1035900020F48030216D08436D490C39086000E04B
:1035A000A8464FF00052D4E9001011400020134605
:1035B00059404040014307D1022104F1280001F0A5
:1035C00019FA08B14FF001084FF40033D4E90001B3
:1035D0001840002158404940084329D1D4F88000C0
:1035E000A0B1B0F5807F06D0B0F5007F0CD0B0F56B
:1035F000407F0CD109E056482C38006840F4003078
:1036000053492C39086004E003E002E001E00125A1
:1036100000BF00BF5DB94E48001F006820F4407035
:10362000D4F8801008434A49091F086000E0A84602
:103630004FF48012D4E90010114000201346594085
:103640004040014309D142480838006820F000405A
:10365000616F08433E49083908604FF08052D4E951
:1036600000101140002013465940404001430AD148
:1036700037484838006820F48040D4F8B810084330
:103680003349483908604FF40012D4E90010114062
:103690000020134659404040014309D12C480838C6
:1036A000006820F08070E16E0843294908390860FD
:1036B0004FF08042D4E900101140002013465940D9
:1036C0004040014311D100BF21484838006820F430
:1036D00000401F494839086008460068D4F8BC100B
:1036E00008431B494839086000BF4FF00042D4E945
:1036F000001011400020134659404040014309D1B9
:1037000013480C38006820F04050616D08431049A0
:103710000C3908604FF40002D4E900101140002079
:1037200013465940404001430AD10948001F006830
:1037300020F44000D4F88C1008430549091F0860A4
:10374000012300216068184001224940504001E0F7
:1037500058440258014306D104F1080001F098F8DA
:10376000054605B1A8460222002160681040494084
:103770005040014307D1012104F1080001F088F80D
:10378000054605B1A84604230020616819400422BB
:1037900040405140084307D1022104F1080001F0E4
:1037A00077F8054605B1A84608230021606818404F
:1037B000082249405040014306D104F1280001F09D
:1037C00019F9054605B1A84610220021606810408D
:1037D00049405040014307D1012104F1280001F084
:1037E00009F9054605B1A84620220020616811406C
:1037F00040405140084307D1022104F1280001F064
:10380000F9F8054605B1A846B8F1000F02D100202D
:10381000BDE8F0810120FBE72DE9F04104460D46AB
:1038200014B90120BDE8F081BD48006800F00F0028
:10383000A8420ED2BA48006820F00F002843B849C9
:1038400008600846006800F00F00A84201D001207F
:10385000E8E7207800F0040004280ED1B14920697F
:10386000096801F07001884207D9AE48006820F06D
:10387000700021690843AB490860207800F0080017
:10388000082811D1A749091D6069096801F0700174
:10389000884209D9A348001D006820F070006169C2
:1038A0000843A049091D0860207800F01000102886
:1038B00011D19C49091DA069096801F4E0618842A1
:1038C00009D99848001D006820F4E060A169084308
:1038D0009449091D0860207800F02000202811D1AB
:1038E00090490831E069096801F07001884209D9FE
:1038F0008C480830006820F07000E169084389496D
:1039000008310860207800F0020002280ED18549B5
:10391000E068096801F00F01884207D98148006812
:1039200020F00F00E16808437E490860207800F02D
:103930000100002850D07B48006820F47060A16826
:103940000843784908606068022807D1754818382C
:103950000068C0F34040F8B9012063E760680328BD
:1039600007D1704818380068C0F34060A0B9012042
:1039700058E76068012807D16A4818380068C0F322
:10398000002048B901204DE7664818380068C0F3A8
:10399000800008B9012045E762480838006820F037
:1039A0000700616808435F4908390860FEF7FCFCBE
:1039B000064608E0FEF7F8FC801B41F28831884299
:1039C00001D903202EE757480838006800F0380076
:1039D0006168B0EBC10FEDD1207800F00200022841
:1039E0000ED15049E068096801F00F01884207D202
:1039F0004C48006820F00F00E1680843494908601E
:103A00004748006800F00F00A8420ED944480068FB
:103A100020F00F002843424908600846006800F083
:103A20000F00A84201D00120FCE6207800F004003D
:103A300004280ED13B492069096801F070018842D1
:103A400007D23848006820F07000216908433549E2
:103A50000860207800F00800082811D13149091DBC
:103A60006069096801F07001884209D22D48001D83
:103A7000006820F07000616908432A49091D086048
:103A8000207800F01000102811D12649091DA069E6
:103A9000096801F4E061884209D22248001D0068EB
:103AA00020F4E060A16908431E49091D08602078E0
:103AB00000F02000202811D11A490831E069096876
:103AC00001F07001884209D216480830006820F0E1
:103AD0007000E169084313490831086000F076F886
:103AE00010490968C1F303210F4A515C01F01F011D
:103AF00020FA01F70B48006800F00F001146085C3F
:103B000000F01F0027FA00F0084908600848076025
:103B100008480068FEF78AFC8046404682E60000BE
:103B200000200052184402582E53000804000024BC
:103B3000000000245000002410B500F047F80D49A3
:103B40000968C1F303210C4A515C01F01F0120FAFE
:103B500001F40848006800F00F001146085C00F00E
:103B60001F0024FA00F00549086005480460084673
:103B7000006810BD184402582E53000804000024A9
:103B80000000002400B5FFF7D7FF05490968C1F31D
:103B90000211044A515C01F01F01C84000BD000041
:103BA0001C4402582E53000800B5FFF7C5FF054915
:103BB0000968C1F30221044A515C01F01F01C840A9
:103BC00000BD00001C4402582E530008F0B5824E80
:103BD000366806F0380636B1082E15D0102E15D0EE
:103BE000182E7DD114E07C4E103E3668C6F3401688
:103BF00046B1794E103E3668C6F3C107774E26FAB5
:103C000007F000E07548E5E07548E3E07548E1E05D
:103C1000714E1836366806F003046F4E1836366853
:103C2000C6F305116C4E1C36366806F001056A4E67
:103C300024363668C6F3CC0616FB05F601EE106A8C
:103C4000B8EE410A002971D024B1012C50D0022CC9
:103C50006DD16DE0604E103E3668C6F340163EB33F
:103C60005D4E103E3668C6F3C1075C4E26FA07F378
:103C700001EE103AF8EE411A01EE101AB8EE411AB0
:103C800081EE812A9FED581AC0EE011A524E20365D
:103C90003668C6F3080601EE106AB8EE411A31EE36
:103CA000811AF7EE001A31EE211A62EE010A1EE0C7
:103CB00001EE101AB8EE411ADFED4C1A81EE812A9E
:103CC0009FED491AC0EE011A434E20363668C6F3FE
:103CD000080601EE106AB8EE411A31EE811A00E0D2
:103CE00076E0F7EE001A31EE211A62EE010A5BE08F
:103CF00001EE101AB8EE411A9FED3D2AC2EE011AEC
:103D00009FED391A80EE012A334E20363668C6F30D
:103D1000080601EE106AB8EE411A32EE011AB7EE4B
:103D2000002A31EE021A61EE810A3DE04EE01DE00C
:103D300001EE101AB8EE411ADFED2E1A81EE812A3B
:103D40009FED291AC0EE011A234E20363668C6F3BD
:103D5000080601EE106AB8EE411A31EE811AF7EE4C
:103D6000001A31EE211A62EE010A1DE001EE101A6E
:103D7000B8EE411A9FED1E2AC2EE011A9FED1A1AE3
:103D800080EE012A144E20363668C6F3080601EE8E
:103D9000106AB8EE411A32EE011AB7EE002A31EE7F
:103DA000021A61EE810A00BF00BF0B4E2036366852
:103DB000C6F34626721C01EE102AB8EE411AC0EE78
:103DC000811ABCEEE11A11EE100A00E0002001E0B9
:103DD000034800BF00BFF0BD104402580090D0035C
:103DE00000093D0000127A00000000460024744CD7
:103DF0000024744A0024F44A2DE9F047044614B91B
:103E00000120BDE8F087207800F00100002872D082
:103E1000FC48006800F03808FA481830D0F80090E4
:103E2000B8F1100F06D0B8F1180F0FD109F0030048
:103E300002280BD1F34810380068C0F34040002836
:103E40006ED0606800286BD10120DAE700BF60689F
:103E5000B0F5803F08D1EB481038006840F480305E
:103E6000E849103908602EE0606868B9E548103804
:103E7000006820F48030E349103908600846006883
:103E800020F4802008601EE06068B0F5A02F0DD1FE
:103E9000DC481038006840F48020DA4910390860A6
:103EA0000846006840F4803008600CE0D5481038BF
:103EB000006820F48030D349103908600846006853
:103EC00020F48020086000BF6068A8B1FEF76CFA9B
:103ED000054608E0FEF768FA401B41F28831884247
:103EE00001D903208DE7C74810380068C0F340406F
:103EF0000028EFD014E014E0FEF756FA054608E07B
:103F0000FEF752FA401B41F28831884201D9032062
:103F100077E7BC4810380068C0F340400028EFD174
:103F200000BF207800F00200022874D1B548006874
:103F300000F03808B3481830D0F80090B8F1000FFE
:103F400005D0B8F1180F56D109F00300D0BBAD4829
:103F500010380068C0F3800018B1E06808B901208B
:103F60004FE7A8481038006820F01900E1680843BE
:103F7000A44910390860FEF717FA054606E0FEF777
:103F800013FA401B022801D903203AE79D48103854
:103F90000068C0F380000028F1D000BFFEF7FEF9F2
:103FA00041F2030188421AD8206940280BD1954874
:103FB0000C38006820F47C3040F4003091490C3912
:103FC000086017E017E08F480C38006820F47C3058
:103FD000216940EA01308B490C3908600AE08948C0
:103FE0000C38006820F0FE40217C40EA01608549E1
:103FF0000C39086066E0E06888B3824810380068D1
:1040000020F01900E16808437E4910390860FEF786
:10401000CBF9054607E056E0FEF7C6F9401B02283B
:1040200001D90320EDE6774810380068C0F380001E
:104030000028F1D000BFFEF7B1F941F20301884238
:104040001AD8206940280BD16E480C38006820F43B
:104050007C3040F400306B490C39086017E017E001
:1040600068480C38006820F47C30216940EA01304F
:1040700064490C3908600AE062480C38006820F096
:10408000FE40217C40EA01605E490C39086019E07D
:104090005C481038006820F001005A491039086067
:1040A000FEF782F9054606E0FEF77EF9401B02287E
:1040B00001D90320A5E6534810380068C0F38000FA
:1040C0000028F1D100BF207800F0100010287CD12A
:1040D0004C48006800F038084A481830D0F8009082
:1040E000B8F1080F06D0B8F1180F3DD109F0030060
:1040F000012839D1434810380068C0F3002020B1AE
:10410000E069802801D001207BE600BFFEF746F978
:1041100041F2030188421AD8206A20280AD139487E
:104120000C38006820F0F84040F0804035490C39E8
:10413000086018E033480C38006820F0F84094F824
:10414000201040EA81602F490C3908600BE02D48AF
:10415000001F006820F07C5094F8201040EA0160B5
:104160002849091F086066E0E06978B325481038DF
:10417000006840F08000234910390860FEF714F908
:10418000054606E0FEF710F9401B022801D903207E
:1041900037E61C4810380068C0F300200028F1D032
:1041A00000BFFEF7FBF841F2030188421CD8206AE9
:1041B00020280CD113480C38006820F0F84040F05B
:1041C000804010490C3908601AE035E01CE00D48C9
:1041D0000C38006820F0F84094F8201040EA816024
:1041E00008490C3908600BE00648001F006820F001
:1041F0007C5094F8201040EA01600249091F0860D1
:1042000019E0000010440258FA48006820F08000CD
:10421000F8490860FEF7C8F8054606E0FEF7C4F85E
:10422000401B022801D90320EBE5F2480068C0F3E7
:1042300000200028F2D100BF207800F008000828F4
:1042400036D16069D0B1EB487430006840F00100AD
:10425000E84974310860FEF7A7F8054606E0FEF766
:10426000A3F8401B022801D90320CAE5E1487430B5
:104270000068C0F340000028F1D019E0DD48743038
:10428000006820F00100DB4974310860FEF78CF80B
:10429000054606E0FEF788F8401B022801D90320F6
:1042A000AFE5D44874300068C0F340000028F1D175
:1042B000207800F02000202830D1A069B8B1CD4886
:1042C000006840F48050CB490860FEF76DF8054661
:1042D00006E0FEF769F8401B022801D9032090E5AB
:1042E000C4480068C0F340300028F2D016E0C1484E
:1042F000006820F48050BF490860FEF755F8054675
:1043000006E0FEF751F8401B022801D9032078E5AA
:10431000B8480068C0F340300028F2D1207800F09F
:10432000040004287DD1B448006840F48070B2498C
:104330000860FEF739F8054606E0FEF735F8401B41
:10434000642801D903205CE5AB48006800F4807064
:104350000028F2D000BFA068012808D1A54870301D
:10436000006840F00100A349703108602DE0A068AA
:1043700068B9A0487030006820F001009D49703194
:1043800008600846006820F0040008601DE0A0688E
:1043900005280DD197487030006840F00400954919
:1043A000703108600846006840F0010008600CE0C9
:1043B00090487030006820F001008E49703108602C
:1043C0000846006820F00400086000BFA068A0B1A3
:1043D000FDF7EAFF054608E0FDF7E6FF401B41F266
:1043E0008831884201D903200BE58248703000688B
:1043F000C0F340000028EFD013E0FDF7D5FF0546DD
:1044000008E0FDF7D1FF401B41F28831884201D915
:104410000320F6E4774870300068C0F340000028BD
:10442000EFD1606A00287DD072481030006800F03B
:104430003800182877D0606A022875D16D48006866
:1044400020F080706B490860FDF7AEFF054606E07E
:10445000FDF7AAFF401B022801D90320D1E46548DB
:104460000068C0F340600028F2D100BFD4E90A1010
:1044700041EA00105F492831096840F2F332914364
:1044800008435C4928310860208E401EC0F30800B4
:10449000616B491E4FF47E4202EA41210843218F9D
:1044A000491ED20102EA014108433C21095D491E2F
:1044B000120202EA016108434E493031086000BF30
:1044C000081F006820F00100091F086049483430C7
:1044D00000684FF6F8718843A16C40EAC100454975
:1044E0003431086043482C30006820F00C00216C07
:1044F000084340492C3108600846006820F002005B
:10450000616C08433B492C3108600846006840F460
:10451000803008600846006840F4003008600846B3
:10452000006802E093E038E01FE040F4802008607B
:104530000846006840F0010008602E48006840F01E
:1045400080702C490860FDF72FFF054606E0FDF757
:104550002BFF401B022801D9032052E425480068A4
:10456000C0F340600028F2D071E02248006820F0DB
:10457000807020490860FDF717FF054606E0FDF74B
:1045800013FF401B022801D903203AE419480068B0
:10459000C0F340600028F2D159E01648283007687F
:1045A000144830300668606A012821D007F0030102
:1045B000A06A81421CD1C7F30511E06A884217D175
:1045C000C6F30801206B401E814211D1606B401E72
:1045D000C6F3462188420BD1A06B401EC6F30641AC
:1045E000884205D1E06B401EC6F30661884205D0C3
:1045F000012006E4004402580048025815480068AB
:10460000C0F3CC07A06CB84221D01248083800682B
:1046100020F001000F4908390860FDF7C5FE054686
:1046200000BFFDF7C1FE401BFBD00A4800684FF6F3
:10463000F8718843A16C40EAC1000649086005484A
:104640000838006840F0010002490839086000207D
:1046500048E4000034440258042808D14FF0E02117
:10466000096941F004014FF0E022116107E04FF0C9
:10467000E021096921F004014FF0E0221161704747
:1046800070B504462546681EB0F1807F01D3012035
:104690000FE0681E4FF0E02148610F214FF0FF301E
:1046A00000F07AFA00204FF0E021886107200861CD
:1046B000002070BD10B586B004462B4920688842A2
:1046C00050D100BF00BF2948006840F010002749C2
:1046D00008600846006800F01000009000BF00BFAE
:1046E00000BF00BF00BF21481038006840F0010043
:1046F0001E49103908600846006800F0010000906B
:1047000000BF00BF00BF00BF00BF0846006840F008
:10471000010008600846006800F00100009000BF3A
:1047200000BF00BF4FF400700190022002900120F2
:104730000390022004900720059001A90C48FDF782
:1047400017FD4FF4806001900720059001A90848EB
:10475000FDF70EFD2520FDF7FAFE03221146252068
:10476000FDF709FF06B010BD00100140F0440258EB
:104770000000025810B504463849206888423CD1F0
:104780003748008800F4004088BB3548008800F4B2
:10479000804070B1334800780A2803D000203049A7
:1047A000088024E02E48008840F400402C4908800E
:1047B0001DE02C4800780D2806D12948008840F4D7
:1047C00080402749088012E026480078244909885B
:1047D000C1F30D01244A505421480088401C20494F
:1047E000088008460088C72801DD002008800122D3
:1047F0001C491E48FBF79CFE2EE01D49206888429C
:104800002AD11C48007810BB1B4800780A2808D120
:1048100001201849087000201849194A1288885444
:1048200015E0174800887F280ADA134801781448F1
:1048300002880088401C124B18801048815406E002
:1048400000200F49088080210C48FBF776FE0122EA
:1048500009490C48FBF76CFE10BD00000010014038
:10486000480000244A0000245002002418030024B9
:10487000004C00407400002470000024B0050024A7
:10488000720000241C05002400BFFEE7704770473B
:104890002DE9F04104460E4600275548006800F017
:1048A0000300032802D10120BDE8F08150482838D8
:1048B000006820F080604E4928390860FDF774FDDB
:1048C000054606E0FDF770FD401B022801D90320D4
:1048D000EAE7474828380068C0F3C0600028F1D1F3
:1048E00000BF4348006820F47C30216840EA013072
:1048F0003F490860A088401EC0F30800A168491E17
:104900004FF47E4202EA41210843A189491ED201A7
:1049100002EA01410843217C491E120202EA0161B8
:10492000084333491031086000BF3148001D00685A
:1049300020F0C000616908432D49091D0860084640
:10494000006820F02000A16908432949091D08607A
:104950000846006820F01000086025481430006800
:104960004FF6F8718843E16940EAC10020491431EB
:1049700008601F48001D006840F010001C49091D18
:1049800008602EB90846006840F40020086012E074
:10499000012E08D11648001D006840F4801014490B
:1049A000091D086007E01248001D006840F400106F
:1049B0000F49091D08600E482838006840F08060E3
:1049C0000B4928390860FDF7EFFC054606E0FDF7C6
:1049D000EBFC401B022801D9032065E70448283876
:1049E0000068C0F3C0600028F1D038465CE70000E2
:1049F000284402582DE9F04104460E460027554848
:104A0000006800F00300032802D10120BDE8F08116
:104A100050482838006820F080504E4928390860F6
:104A2000FDF7C2FC054606E0FDF7BEFC401B022870
:104A300001D90320EAE7474828380068C0F34070EE
:104A40000028F1D100BF4348006820F07C70218825
:104A500040EA01503F490860A088401EC0F30800AA
:104A6000A168491E4FF47E4202EA41210843A18910
:104A7000491ED20102EA01410843217C491E12026B
:104A800002EA0161084333491831086000BF314828
:104A9000001D006820F44060616908432D49091D2C
:104AA00008600846006820F40070A169084329499D
:104AB000091D08600846006820F4807008602548D9
:104AC0001C3000684FF6F8718843E16940EAC10084
:104AD00020491C3108601F48001D006840F48070A8
:104AE0001C49091D08602EB90846006840F4800082
:104AF000086012E0012E08D11648001D006840F43D
:104B000000001449091D086007E01248001D0068F4
:104B100040F080700F49091D08600E482838006871
:104B200040F080500B4928390860FDF73DFC0546F0
:104B300006E0FDF739FC401B022801D9032065E798
:104B4000044828380068C0F340700028F1D0384687
:104B50005CE7000028440258704710B5FDF72AFCB6
:104B600010BD000010B50248FBF7ECFC10BD0000C2
:104B70001C05002410B50248FBF7E4FC10BD000042
:104B80001803002400BFFEE702480068C0F30220BB
:104B9000704700000CED00E010B5002804DB0A07A8
:104BA000130E054A135406E00A07140E034A00F0D8
:104BB0000F031B1FD45410BD00E400E018ED00E00B
:104BC00000BF704710B504460420FFF745FD0148BB
:104BD000046010BD4000002470B504461E2094FB04
:104BE000F0F594FBF0F100FB114604E047F2305081
:104BF00000F00CF86D1E002DF8D12EB14FF47A7133
:104C000006FB01F000F002F870BD00000146114AF9
:104C100012684A434FF0E0235A6100229A611A4613
:104C2000126942F001021A6100BF4FF0E0221069E0
:104C300000F001021AB100F48032002AF5D04FF0E2
:104C4000E022126922F001024FF0E0231A610022F3
:104C50009A6170474000002400BF054AD26902F003
:104C60004002002AF9D0C2B2014B9A62704700009C
:104C7000001001403EB50025002400F0F5F8FDF7D6
:104C8000A5FB042302221146F02000F079FA4FF42C
:104C9000F070FFF797FF4FF4E13000F027FBFBF7D0
:104CA00056FC4FF41650FBF757FCFBF75AFCFBF78A
:104CB0005DFCFBF760FCFBF763FC45F6BF5142F27D
:104CC0000F70FBF762FC4FF478404FA1102213469F
:104CD000CDE900210290C82232211E20FBF75AFCA8
:104CE0004FF478404AA110221346CDE900210290EA
:104CF000C82246211E20FBF74DFC4FF4784047A107
:104D000010221346CDE900210290C8225A211E200C
:104D1000FBF740FCFBF743FC21E04FF4784043A154
:104D200010221346CDE900210290F02282211E209C
:104D3000FBF730FCC820FFF74FFF4FF6FF70AA23A8
:104D4000EF22822100901E20FBF72EFCC820FFF7E7
:104D500043FF00BF20213948FDF710FB00BFFBF7E0
:104D600028FC0028D9D14FF4784035A110221346F1
:104D7000CDE900210290C82282211E20FBF70AFC07
:104D800035E00020FBF71AFC0546012D03D1002079
:104D90002E4908702CE0022D03D101202B49087008
:104DA00026E0601C84B2642C0CD14FF4784028A11A
:104DB00010221346CDE900210290E62296211E2002
:104DC000FBF7E8FBC82C0FD14FF6FF70A623D222C9
:104DD000962100901E20FBF7E7FB002400BF202156
:104DE0001648FDF7CBFA00BF0520FFF7F5FEC8E730
:104DF00000BF16480078012802D1FBF7E4FB01E070
:104E0000FBF7E6FB00203EBD53544D33320000005B
:104E10004F563536343020544553540041544F4D8D
:104E200040414C49454E54454B0000004F563536E5
:104E30003430204552524F520000000000100258FA
:104E40004F5635363430204F4B0000000800002408
:104E50004B4559303A5247423536352020574B5F43
:104E600055503A4A5045470010B500BF4C480068BD
:104E700000F4003000B139E000BF00BF00BFBFF355
:104E80004F8F00BF00BF00BF00BF00BF00BFBFF318
:104E90006F8F00BF00BF00BF00204249086000BF05
:104EA00000BF00BFBFF34F8F00BF00BF00BF00BFF8
:104EB00000BF00BFBFF36F8F00BF00BF00BF384807
:104EC000006840F400303649086000BF00BF00BFF2
:104ED000BFF34F8F00BF00BF00BF00BF00BF00BFC8
:104EE000BFF36F8F00BF00BF00BF00BF00BF2C4BE0
:104EF0001B6803F4803303B148E00023284C70346E
:104F0000236000BF00BF00BFBFF34F8F00BF00BFD3
:104F100000BF231F1868C0F34E3100BFC0F3C902A1
:104F200000BF43F6E07303EA41134FF0404404EA44
:104F3000827423431B4C1034236000BF00BF131E38
:104F4000A2F10102EDD10B1EA1F10101E6D100BFDA
:104F500000BF00BFBFF34F8F00BF00BF00BF104BAB
:104F60001B6843F480330E4C236000BF00BF00BFBA
:104F7000BFF34F8F00BF00BF00BF00BF00BF00BF27
:104F8000BFF36F8F00BF00BF00BF00BF05484C30AC
:104F9000006840F0040003494C31086010BD000077
:104FA00014ED00E050EF00E030B587B00546002476
:104FB00000BF6A48006840F002006849086008467F
:104FC000006800F00200019000BF00BF00BF08466B
:104FD000006840F0080008600846006800F008001B
:104FE000019000BF00BF00BF0846006840F01000FD
:104FF00008600846006800F01000019000BF00BF84
:1050000000BF56480C38006840F4804053490C39C2
:1050100008600846006800F48040019000BF00BFAF
:10502000402002900220039003200590012004906C
:105030000A20069002A94A48FDF79AF80420029037
:105040000920069002A94648FDF792F84FF46050F7
:1050500002900920069002A94248FDF789F8042031
:1050600002900920069002A93F48FDF781F83B48CD
:105070006438006840F48040384964390860084664
:10508000006820F48040086000BF3848806800F065
:1050900020000028F9D13648344908603548486076
:1050A0000846006840F00100086000BF2F48806893
:1050B00000F020000028F9D14FF483702B4948619B
:1050C00000BF2A48806800F002000028F9D0274875
:1050D000C06840F002002549C86000BF23488068CE
:1050E00000F020000028F9D12049C861EB2444F4E5
:1050F000807444F44064A81C44EA003444F44044FE
:1051000000BF44F4801444F0407444F04064084606
:1051100044611948006820F4803017490860164837
:105120007030006820F001001349703108600020E1
:10513000091D08604FF01040091D08600F48091D47
:10514000086005200C49703108600B48006840F485
:1051500080300949086007B030BD0000E0440258C3
:1051600000040258000C025800100258005000526F
:10517000100300010102180024ED00E02D000303DC
:105180002DE9F041CEB080460D4616461F4600245C
:105190005248006820F004005049086000BF002019
:1051A00001904F48006820F001004D490860084612
:1051B000006800F00100019048480C30006840F49D
:1051C000404046490C3108600846006800F4404001
:1051D000019000BF00BF00BF40480C30006800F4E1
:1051E0000050B0F5005FF7D121203A904FF48030A5
:1051F0003B9000203D904190012040900220439040
:1052000002213AA88162CDF81881C562466387639E
:10521000002141640821016400218164FEF7ECFD56
:1052200004461CB101204EB0BDE8F0813F20329011
:105230000320339000203490082035904020379090
:1052400000013890402036903990042132A8FEF7B2
:10525000E3FA04460CB10120E5E722490020CDE93C
:105260000210082004904FF4DC7105910221069190
:1052700007910891002109910A910B910220149045
:10528000202015900020209021904FF44010249071
:1052900002A8FDF70DFC04460CB10120C3E7002075
:1052A000FFF782FEFDF7B8F90F48006840F0800074
:1052B0000D49086000BF0C48F430006840F002005F
:1052C0000949F43108600846006800F002000190C6
:1052D00000BF00BFFCF742FF0020A4E70C480258C3
:1052E0002C040058030004030044025810B504467F
:1052F00009480A4908600846446000218160C1608D
:10530000016181610C214161FBF767F901220449C8
:105310000248FBF70DF910BD0010014018030024EE
:105320004A0000244FF04070E1EE100A7047000080
:105330000000010203040102030406070809000635
:105340001016000610160000685300080000002424
:1053500050020000D40200084C54000850020024FF
:10536000900C000030030008113C90D00304011F92
:105370001334F91B903C041A44041A14041A200430
:105380001A28040110321033010122F80322FFFF12
:10539000392CB11A4C541A60041A68041A54041AAD
:1053A00070041A50041A58041B8B847812FB149052
:1053B000759C1490CCFA1490D94B1B084410130D13
:1053C0004C1B0860081339831B90F81813897C1450
:1053D00090D8FC1C90617DA01AFD2819081A7C1831
:1053E000130D821B902C081AB5281AA8301AE5282C
:1053F0001A7C081B797ECC19281A1D601A542013B8
:10540000E17F1B90E4701AAB181A081069201A5536
:10541000401AD4301B1D804819601AD5101AA420D8
:105420001A4F381A74301BD138581908131D3D1BF8
:1054300090882022AC142455921C90B18A8C128B37
:0C5440001B90950C1A16F301DC00000014
:0200000490006A
:10000000642900F07F80752900F07C80782900F059
:10001000B580632900F08B82732900F09082002064
:10002000704700000FB4044910B503AA029800F00D
:100030008BFA10BC5DF814FB440000240FB41CB50F
:10004000074B06AA7B4469460090059800F04DFADC
:100050000020694600F05CFA1CBC5DF814FB00004F
:10006000C904000070B5044685690068C10601D561
:10007000302600E02026C00707D070BDD4E901215A
:1000800030469047206A401C20626D1EF6D570BD38
:1000900070B5044685690078C00707D170BDD4E902
:1000A000012120209047206A401C20626D1EF6D559
:1000B00070BD70B50C460546012A05D0287880062B
:1000C00000D5EA69002302E0012305E05B1C9342AE
:1000D00002D2E05C0028F9D1A869E618C01AA8612C
:1000E000286A184428622846FFF7BCFF04E0D5E9D7
:1000F000012114F8010B9047B442F8D32846FFF7CA
:10010000C7FF70BD2DE9F04106460024106875292F
:10011000314616A510D0AFF30080002802DA404225
:1001200013A507E031688A0701D512A502E0490747
:1001300004D511A5012401E0AFF3008000210A22BB
:1001400006F1240709E0B0FBF2FCB0FBF2F302FB7E
:100150001C00303078541846491C0028F3D123463F
:100160002A463046BDE8F04100F060B900000000CA
:100170002D0000002B0000002000000070B5044698
:100180000D4621461068AFF300802188090502D58D
:100190000F4A7A4402E00E4A7A440E32002104F1FA
:1001A000240305E000F00F060009965D5E54491C2B
:1001B0000028F7D120780023000704D5702D02D045
:1001C00009B1022311322046BDE8704000F02EB97B
:1001D00045F700002DE9F05F894604464FF0000A1C
:1001E000DFF874B1FB44C0F820A02046E1688847DE
:1001F000002874D0252806D0D4E901219047206A30
:10020000401C2062F1E700265F462046E1688847EF
:100210002028054607DB312D05D2781910F8200C6F
:1002200008B10643F1E7B00701D526F00406C4F88B
:100230001CA00027C4F818A02A2D09D0284603F0D6
:10024000EBF938B304EB8708303DC8F8185019E0D3
:1002500059F8041B204604EB87029161E168884746
:10026000012F054618D1E069002820DA26F0200683
:100270001DE0D8F8180000EB800005EB4000303896
:10028000C8F818002046E1688847054603F0C4F91D
:100290000028EED1012F0AD02E2D08D12046E1688A
:1002A00088477F1C0546022F46F02006C4DBA06964
:1002B000002803DA404246F00106A061F00701D0B1
:1002C00026F010066C2D0BD0682D09D04C2D39D09E
:1002D0006A2D35D0742D35D07A2D33D016E038E024
:1002E000E1682F4620468847B842054609D16C2F61
:1002F00026D04FF48060E1680643204688470546D3
:1003000004E06C2F1AD04FF4807006430DB3A5F1B2
:100310004100192802D8203546F400664A4629468D
:10032000204626604E46FFF76BFE80B101280BD0B9
:10033000F61D26F0070000F1080956E74020E4E723
:100340008020D8E70020D6E706F104094DE72846CB
:1003500052E7206ABDE8F09F1BF7000010B5431C70
:1003600002E010F8011B71B18107FAD14FF00132A0
:1003700002C88C1A8C4314EAC211F9D0C01A0A06BA
:1003800003D0C01E10BDC01A10BD0A0401D0801ECB
:1003900010BD0902FCD0401E10BD4FF00002042920
:1003A000C0F0128010F0030C00F01B80CCF1040CA4
:1003B000BCF1020F18BF00F8012BA8BF20F8022BD8
:1003C000A1EB0C0100F00DB85FEAC17C24BF00F87E
:1003D000012B00F8012B48BF00F8012B70474FF0AC
:1003E000000200B5134694469646203922BFA0E885
:1003F0000C50A0E80C50B1F12001BFF4F7AF090791
:1004000028BFA0E80C5048BF0CC05DF804EB890081
:1004100028BF40F8042B08BF704748BF20F8022BC4
:1004200011F0804F18BF00F8012B70472DE9F047FD
:100430000D4699469246044600F124080168880654
:1004400004D5E06921F01001216000E00120A842FC
:1004500001DD471B00E00027A1697A1902EB0900C2
:10046000081AA0612078C00602D42046FFF7FAFDE2
:10047000002608E0D4E901211AF806009047206A16
:10048000401C761C20624E45F4DB2078C0060AD55D
:100490002046FFF7E7FD06E0D4E901213020904730
:1004A000206A401C2062381EA7F10107F4DC07E037
:1004B000D4E9012118F805009047206A401C206209
:1004C000281EA5F10105F3DC2046FFF7E1FD2078A9
:1004D000000602D50220BDE8F0870120FBE70000FE
:1004E00001694A1C02610878704700B58FB0CDE9F8
:1004F00001310021059105497944CDE903101146E8
:100500006846FFF767FE0FB000BD0000E5FFFFFF84
:100510000A6802F8010B0A60704710B5436913B10D
:10052000AFF3008001E0FFF7C4FD012010BD127899
:1005300000F124010A7000224A700122EDE71168DF
:100540004FF0FF32E9E70000074B70B50D467B44E2
:10055000FFF7CBFF0446284600F008F810B14FF033
:10056000FF3070BD204670BD07470078007B00F06B
:100570008000704742F27D3CC0F6000C604741F2BB
:10058000414CC0F6000C604742F2711CC0F6000CF2
:10059000604742F2775CC0F6000C604742F24F5C65
:1005A000C0F6000C604740F6657CC0F6000C604762
:1005B00044F2B56CC0F6000C604742F2A93CC0F6AC
:1005C000000C604742F2913CC0F6000C604744F6D4
:1005D000D93CC0F6000C604742F26D3CC0F6000CFE
:1005E000604744F60D4CC0F6000C604744F2757C41
:1005F000C0F6000C604742F22D6CC0F6000C60475C
:1006000042F2516CC0F6000C604742F6810CC0F615
:10061000000C604740F2D73CC0F6000C604743F640
:10062000853CC0F6000C604743F6A93CC0F6000CC0
:10063000604741F2D97CC0F6000C604741F65D2C62
:10064000C0F6000C604741F67D7CC0F6000C6047A8
:1006500040F6454CC0F6000C604742F2E14CC0F653
:10066000000C604742F2854CC0F6000C604742F235
:100670000D5CC0F6000C604770B50546AC6BA06C15
:10068000406D022806D0012084F83500E06C40F06F
:100690004000E064204600F0B9F970BD10B5024892
:1006A00000F0D4F910BD00000804002410B5334850
:1006B00000683349884204D93248006800F4006079
:1006C00027E02E4800682E496039884205D92C4819
:1006D000B438006800F400601BE0284800682A492C
:1006E000884205D92648B838006800F4006010E058
:1006F0002248006824496039884205D92248B83820
:10070000406800F4006004E01F48B838006800F456
:10071000006088B3194800681949884204D9C81490
:100720001849091D086024E014480068144960391C
:10073000884204D9C8141249AC39086019E00F483E
:1007400000681149884204D9C8140D49B0390860BD
:100750000FE00A4800680C496039884204D9C8147F
:100760000949B839C86004E04FF400600649B83957
:10077000886006480068804710BD000058040024C7
:10078000B804024000540258B8000240640000243B
:1007900070B50446B3F5804F13D1D1E9000540EAA6
:1007A00005108D6840EA05208D6928438D8940EA4F
:1007B000054054F82250064E3540284344F82200A4
:1007C00003E06FF0704044F82200002070BD00008C
:1007D0000000F0CF70B50246086852F8200020F003
:1007E00001000E6842F826008868082801D14025DB
:1007F00000E00025486828438E683043CE683043C7
:100800000E6930434E6930438E693043CE693043C0
:100810000E6A30434E6A30438E6A3043CE6A40EAF5
:100820000603086B0343486B0343886B0343114C77
:1008300044F4801444F4001444F4E024086852F8AA
:100840002000A04318430E6842F82600086BB0F55C
:10085000801F07D1086828B1106820F480100E6B43
:1008600030431060086818B110684E6B3043106058
:10087000002070BD7FFB080030B50346D1E90005BC
:1008800040EA05108D6840EA05208D8940EA05455B
:10089000088A401E45EA0055087D801E45EA006032
:1008A0008D692843551C53F8255005F040452843D1
:1008B000551C43F82500186800F48010B0F5801F1F
:1008C0000BD1586820F47004088A401E44EA005492
:1008D000586820F4700020435860002030BD2DE996
:1008E000FF4F87B01446994600200490059006906B
:1008F000039002908246002544E000263EE00898DE
:1009000028B105FB0461089830F8117004E029460D
:10091000304606F077FC87B24FEAD72BC7F3451075
:10092000019007F01F084FEACB0040EAAB0000F04F
:10093000FF0B0198810041EA201001904FEAC800A6
:1009400040EAA808BBF1960F16DD0198782813DD60
:10095000B8F1640F10DA08F1320083450CDD08F1BC
:1009600028010198884207DD0398304403900298DB
:10097000284402900AF1010AB01C86B2A642BEDBEE
:10098000A81C85B24D45B8DBBAF1050F25D9012267
:100990008DF81020039AB2FBFAF292B2ADF8122051
:1009A000029AB2FBFAF292B2ADF81420224604EB9E
:1009B000D273C3F34F004A4609EBD273C3F34F011E
:1009C000BDF81220121A12B2ADF81620BDF814208C
:1009D0008A1A12B2ADF8182000BF04990798016076
:1009E00005994160BDF8181001810BB0BDE8F08F8A
:1009F00010B50446204600F0D4F80020E06484F8E6
:100A0000350000BF84F8340000BF10BD70470000FF
:100A100010B5044603F02CFB00BF40210848FFF747
:100A2000A9FD00BF07480078401C06490870064829
:100A30000068C06840F0010003490968C86010BD43
:100A400000100258600000240804002470B5044619
:100A50002068056905F0040004280ED1216848616A
:100A6000E06C40F00200E064042084F83500234884
:100A7000A16C0865A06CFFF782FD05F0020002285A
:100A80000ED121684861E06C40F00100E064042070
:100A900084F835001948A16C0865A06CFFF76FFD5C
:100AA00005F01000102804D121684861204600F0AC
:100AB00077F805F00800082804D12168486120462D
:100AC00000F071F805F00100B8B12068006800F08E
:100AD0000200022805D12068C06820F01E002168AD
:100AE000C8602068C06820F001002168C86001204B
:100AF000216848612046FFF78BFF70BD79060090A2
:100B000010B504460CB9012010BD94F8350010B999
:100B1000204600F047F8022084F83500A06908B1AB
:100B200000216162206800681C4908402168086053
:100B3000616960680843E168084321690843A16866
:100B40000843A1690843216A0843616A0843A16A0E
:100B50000843E16A0843216B084321680968084398
:100B600021680860606810280BD1217F607F41EA0E
:100B70000021A07F41EA0041E07F41EA0060216856
:100B800088612068C06840F01E002168C8600020AD
:100B9000E064012084F835000020B5E707F0E0FFAD
:100BA000704770477047704770B504460E4615464B
:100BB0000CB9012070BD94F8450028B9002084F8D4
:100BC0004400204600F028F804F108012068FFF7EF
:100BD00001FE3146A2682068FFF74EFE2946E36A0F
:100BE000D4E90102FFF7D4FDA168206850F8210084
:100BF00040F00100A268216841F822000548006821
:100C000040F0004003490860012084F845000020BE
:100C1000D0E700000040005210B586B0044600BF87
:100C20002048006840F480501E490860084600686B
:100C300000F48050009000BF00BF00BF19480C3086
:100C4000006840F0080017490C3108600846006849
:100C500000F00800009000BF00BF00BF0846006819
:100C600040F0100008600846006800F01000009096
:100C700000BF00BF4CF203700190022002900120DF
:100C80000390032004900C20059001A90648FFF76B
:100C90007BFC4FF68070019001A90448FFF774FCBB
:100CA00006B010BDD4440258000C0258001002587F
:100CB00070477047704710B504460CB9012010BD4D
:100CC00094F83D0028B9002084F83C00204600F04C
:100CD00029F8022084F83D00211D206801F02AF93E
:100CE000012084F8480000BF84F83E0001213F2025
:100CF0000155402001554120015542200155432016
:100D0000015500BF00BF012084F844004520015573
:100D1000462001554720015500BF012084F83D00C1
:100D20000020CCE738B504460E492068884217D128
:100D300000BF00BF0C48006840F010000A4908607E
:100D40000846006800F01000009000BF00BF00BF20
:100D5000032201213620FFF71CFC3620FFF71EFC82
:100D600038BD000000100040E8440258014691F8E8
:100D70003D00012801D001207047022081F83D008C
:100D80000868C06840F001000B68D8601C4B086818
:100D900098421BD00868B0F1804F17D0194B0868F3
:100DA000984213D0184B086898420FD0174B086828
:100DB00098420BD0164B0868984207D0154B08682C
:100DC000984203D0144B0868984210D10868806894
:100DD000124B00EA0302062A0FD0B2F5803F0CD076
:100DE0000868006840F001000B68186005E00868BA
:100DF000006840F001000B6818600020BCE70000AC
:100E0000000001400004004000080040000C0040C9
:100E100000040140001800400040014007000100AC
:100E2000704710B5044620680069C0F34000D8B18F
:100E30002068C068C0F34000B0B16FF002002168C4
:100E40000861012020772068806900F0030018B154
:100E50002046FFF7E5FF05E0204600F0BEF82046FB
:100E600000F0BCF80020207720680069C0F3800003
:100E7000D8B12068C068C0F38000B0B16FF0040042
:100E800021680861022020772068806900F44070A2
:100E900018B12046FFF7C4FF05E0204600F09DF89A
:100EA000204600F09BF80020207720680069C0F3FE
:100EB000C000D8B12068C068C0F3C000B0B16FF006
:100EC000080021680861042020772068C06900F0CC
:100ED000030018B12046FFF7A3FF05E0204600F00D
:100EE0007CF8204600F07AF800202077206800691E
:100EF000C0F30010D8B12068C068C0F30010B0B1D2
:100F00006FF0100021680861082020772068C06910
:100F100000F4407018B12046FFF782FF05E020463C
:100F200000F05BF8204600F059F800202077206898
:100F3000006900F0010058B12068C06800F00100AD
:100F400030B16FF0010021680861204600F048F8D8
:100F500020680069C0F3C01058B12068C068C0F3B1
:100F6000C01030B16FF08000216808612046FFF7A3
:100F7000A0FE20680069C0F3002058B12068C06856
:100F8000C0F3C01030B16FF4807021680861204652
:100F9000FFF78EFE20680069C0F3801058B120680A
:100FA000C068C0F3801030B16FF040002168086164
:100FB000204600F027F820680069C0F3401058B1BF
:100FC0002068C068C0F3401030B16FF02000216885
:100FD00008612046FFF76EFE10BD704770470000A5
:100FE00010B5044605492068884205D100BF40215C
:100FF0000348FFF7BFFA00BF10BD0000001000401B
:10100000001002587047704770477047704770472C
:101010002DE9F04704462068C56920680668206805
:10102000876840F60F0005EA0009B9F1000F0FD1FB
:1010300005F0200060B106F0200010B907F08050E4
:1010400030B1606F10B12046616F8847BDE8F0870E
:10105000B9F1000F7ED0FE48384018B9FD48304045
:101060000028F7D005F0010058B106F4807040B1B7
:10107000012021680862D4F8900040F00100C4F813
:10108000900005F0020058B107F0010040B10220C5
:1010900021680862D4F8900040F00400C4F8900081
:1010A00005F0040058B107F0010040B104202168A8
:1010B0000862D4F8900040F00200C4F8900005F0F7
:1010C000080070B106F0200010B9E148384040B186
:1010D000082021680862D4F8900040F00800C4F8A5
:1010E000900005F4006060B106F0806048B14FF4F4
:1010F000006021680862D4F8900040F02000C4F835
:101100009000D4F89000002852D005F0200050B193
:1011100006F0200010B907F0805020B1606F10B1C8
:101120002046616F8847D4F890A02068806800F05E
:101130004000402802D00AF0280070B3204601F099
:1011400071F92068806800F04000402826D100BF77
:1011500000BF00E02DE02168083151E8001F21F0B8
:1011600040002168083141E80002002AF1D100BFA7
:10117000D4F8800068B1B848D4F880100865D4F875
:101180008000FFF7FCF998B1D4F88000016D884722
:101190000EE02046FFF73BFF0AE003E02046FFF7A2
:1011A00036FF05E02046FFF732FF0020C4F890002C
:1011B0004CE7E06E01287DD105F01000002879D0C1
:1011C00006F010000028FAD010202168086220687C
:1011D000806800F0400040286DD1D4F8800000689D
:1011E0009E4988426BD0D4F8800000689B49183132
:1011F000884264D0D4F88000006898493031884231
:101200005DD0D4F88000006894494831884256D0B7
:10121000D4F8800000689149603188424FD0D4F8FA
:10122000800000688D497831884248D0D4F8800029
:1012300000688A499031884241D0D4F88000006823
:101240008649A83188423AD0D4F8800000688449A1
:10125000884234D0D4F8800000688149183188422F
:101260002DD0D4F8800000687D493031884226D0E6
:10127000D4F8800000687A49483188421FD0D4F8F9
:101280008000006876496031884218D0D4F8800028
:10129000006873497831884211D0D4F88000006822
:1012A0006F49903188420AD0D4F8800000686C49B8
:1012B000A83102E0AEE069E001E0884204D1D4F850
:1012C00080000068406803E0D4F88000006840684F
:1012D0001FFA80F8B8F1000F57D0B4F85C00404511
:1012E00053DDA4F85E80D4F88000C069B0F5807F3B
:1012F00040D000BF00BF216851E8001F21F480707A
:10130000226842E800010029F5D100BF00BF00BFFC
:101310002168083151E8001F21F0010021680831DF
:1013200041E80002002AF3D100BF00BF00BF2168DE
:10133000083151E8001F21F040002168083141E8E0
:101340000002002AF3D100BF2020C4F88C00002046
:10135000E06600BF00BF216851E8001F21F01000C7
:10136000226842E800010029F5D100BFD4F88000CE
:10137000FFF719F902202067B4F85C00B4F85E208A
:10138000801A81B22046FFF73EFE5FE634F85C0F1C
:101390006188401A1FFA80F860885C3CC8B3B8F1D5
:1013A000000F36D000BF00BF216851E8001F21F4B4
:1013B0009070226842E800010029F5D100BF00BF0B
:1013C00000BF2168083151E8001F214AD24301EAD9
:1013D00002002168083141E80002002AF1D100BF73
:1013E0002020C4F88C000020E066606700BF00BFCA
:1013F000216851E8001F21F01000226842E8000136
:101400000029F5D100BF0220206741462046FFF7A2
:10141000FAFD1BE605F4801050B107F4800038B1E6
:101420004FF48010216808622046FFF7EFFD0DE6BB
:1014300005F08000B0B106F0800010B907F400009C
:1014400080B1A06F10B12046A16F8847FEE5000073
:1014500001000010200100040B2400901000024045
:101460001004024005F0400030B106F0400018B111
:10147000204601F00DF8E9E505F4000030B106F072
:10148000804018B12046FFF7C0FDDFE505F0807011
:1014900030B106F0004018B12046FFF7B5FDD5E5A4
:1014A00000BFD3E510B504460CB9012010BDA069FA
:1014B00000B100E000BFD4F8880028B9002084F80B
:1014C00084002046FFF774F82420C4F888002068C0
:1014D000006820F0010021680860204601F0EEFA63
:1014E000012800D1E2E7A06A10B1204600F09CFE7E
:1014F0002068406820F49040216848602068806837
:1015000020F02A00216888602068006840F001000F
:1015100021680860204600F003FFC7E770B5044665
:101520000D461646D4F88C00202821D105B10EB9FD
:10153000012070BD0020E0660E492068884211D06D
:101540002068406800F4000060B100BF00BF21685F
:1015500051E8001F41F08060226842E80001002944
:10156000F5D100BF32462946204601F06DFDE0E787
:101570000220DEE7000C00582DE9F84F04460E4625
:1015800017469946D4F88800202854D106B117B9D7
:101590000120BDE8F88F00205434E063212060630F
:1015A000FFF70BF8824627806780543CA068B0F5AF
:1015B000805F04D1206910B90025B04602E03546AD
:1015C0004FF0000820E05346002280212046CDF84D
:1015D000009001F0E7FD20B12020C4F8880003202E
:1015E000D7E745B9B8F80000C0F308002168886261
:1015F00008F1020803E02878216888626D1CB4F8BD
:101600005600401EA4F85600B4F856000028DAD15F
:101610005346002240212046CDF8009001F0C2FD43
:1016200020B12020C4F888000320B2E72020C4F8AD
:1016300088000020ADE70220ABE770472DE9F041BC
:1016400094B004460E461546304606EBD071C1F301
:101650004F07284605EBD071C1F34F08A7F10A01E7
:1016600088B24FF4FC631422414602F05BFE4FF453
:10167000FC60009008F10A0083B2143881B23A4647
:10168000384602F06BFE2078002848D0A188628896
:101690000A3A90B24FF47843142202F043FE4FF41A
:1016A00078400090B4F804C00CF10A0C1FFA8CF3D7
:1016B0006288B4F804C0ACF10A0C1FFA8CF1104631
:1016C00002F04CFEA388628825A104A8FEF7B6FCB0
:1016D0004FF4784004A91022CDE900210290A5F131
:1016E000280081B21346C8220A2006F06DF9B4F929
:1016F0000830B4F906201EA104A8FEF79FFC4FF4A1
:10170000784004A91022CDE900210290A5F114002F
:1017100081B21346C8220A2006F056F91DE04FF4A4
:10172000784018A11022CDE900210290A5F12800EF
:1017300081B21346C8220A2006F046F94FF47840D9
:1017400015A11022CDE900210290A5F1140081B26B
:101750001346C8220A2006F037F914B0BDE8F0811C
:1017600042616C6C3A202533642C202533640000E0
:1017700064783A202534642C2064793A2025346436
:101780000000000042616C6C3A204E6F7420466F7E
:10179000756E64202020200064783A2020202030BC
:1017A0002C2064793A2020202030200000B587B01A
:1017B000142102A8FEF713FE00BF1B48006840F08A
:1017C0000400194908600846006800F00400019010
:1017D00000BF00BF00BF0846006840F0020008607C
:1017E0000846006800F00200019000BF00BF4020E2
:1017F00002900120039000200490059002A90B485C
:10180000FEF7C2FE002240210848FEF7DBFE4FF43F
:1018100000400290002003900490059002A9044823
:10182000FEF7B2FE07B000BDE044025800080258BF
:10183000000402582DE9F05F06460F46904699468F
:10184000DDE90AAB3B2000F069F804463C2000F0DB
:1018500065F8054645EA042000B230803D2000F0DE
:101860005DF804463E2000F059F8054645EA04209C
:1018700000B238803F2000F051F80446402000F0CC
:101880004DF8054645EA042000B2A8F800004320C0
:1018900000F044F80446442000F040F8054645EACC
:1018A000042000B2A9F80000452000F037F80446F3
:1018B000462000F033F8054645EA042000B2AAF8B5
:1018C0000000472000F02AF80446482000F026F8DF
:1018D000054645EA042000B2ABF80000BDE8F09FE1
:1018E00010B5FFF763FF00F09FF801216B2000F0B7
:1018F00034F800216C2000F030F80921192000F0A4
:101900002CF806211A2000F028F818211B2000F0DE
:1019100024F818211C2000F020F810BD70B50446F2
:1019200000F02DF9D02000F011F900F0DBF820468E
:1019300000F00CF900F0D6F800F021F9D12000F009
:1019400005F900F0CFF800F0DCF80546012000F0C2
:10195000F1F800F022F9284670BD70B505460C4636
:1019600000F00DF9D02000F0F1F800F0BBF82846A7
:1019700000F0ECF800F0B6F8204600F0E7F800F0D0
:10198000B1F800F00AF970BD00BF002240211848EC
:10199000FEF718FE00BF17A0FEF744FB4FF47A7065
:1019A000FEF715FE19A0FEF73DFB4FF47A70FEF727
:1019B0000EFE00BF00BF00BF00BF00BFBFF34F8FD0
:1019C00000BF00BF00BF1648006800F4E060154982
:1019D0000843001D1249086000BF00BF00BFBFF3ED
:1019E0004F8F00BF00BF00BF00BF00BFFDE700007A
:1019F000001002584D656D20416363657373204587
:101A000072726F7221210D0A00000000536F66741C
:101A1000205265736574696E672E2E2E0D0A0000C4
:101A20000CED00E00000FA0500B587B0142102A813
:101A3000FEF7D5FC00BF1F48006840F001001D49BB
:101A400008600846006800F00100019000BF00BF78
:101A500000BF0846006840F00400086008460068BF
:101A600000F00400019000BF00BF4FF480700290AE
:101A700011200390012004900020059002A90E4837
:101A8000FEF782FD80200290112003900120049037
:101A90000020059002A90948FEF776FD01221102F7
:101AA0000548FEF78FFD012280210448FEF78AFDDC
:101AB00007B000BDE0440258000002580008025878
:101AC00010B580210648FEF787FD04460A20FEF780
:101AD00088FD012C01D1012010BD0020FCE7000091
:101AE0000008025810B5012000F074F8012000F041
:101AF0005FF8FFF7E5FF0446002000F059F82046A4
:101B000010BD70B50025012000F064F800240DE040
:101B1000012000F04DF8FFF7D3FF10B180202041E5
:101B20000543002000F044F8601CC4B2082CEFDB31
:101B3000284670BD10B50446204600F04BF8012041
:101B400000F036F8002000F033F810BD70B50546FF
:101B5000002411E080212141294009B1012100E048
:101B60000021084600F036F8012000F021F800209E
:101B700000F01EF8601CC4B2082CEBDB70BD10B581
:101B8000012000F027F8012000F012F8002000F0FA
:101B900021F8002000F00CF810BD10B5002000F076
:101BA00019F8012000F004F8012000F013F810BD2E
:101BB00010B504460CB1012000E0002002464FF4AD
:101BC00080710348FEF7FEFC0A20FEF70AFD10BDF7
:101BD0000000025810B504460CB1012000E00020BE
:101BE000024680210348FEF7EDFC0A20FEF7F9FCCF
:101BF00010BD00000008025830B52DED028B89B0F1
:101C0000FEF7DBFC054623480068281A142803D297
:101C100009B0BDEC028B30BD1E4805601E4890ED3A
:101C2000000ADFED1E0A30EEC08ABFEE000AB4EEF5
:101C3000C08AF1EE10FA08DDB7EE000AB4EEC08AF1
:101C4000F1EE10FA01D200241AE0B7EE000A28EEF5
:101C5000000AF0EE408AB7EE000A28EE800AF0EEA5
:101C6000408AB2EE0E1AFAEE0E0AB0EE680A00F0E2
:101C700027F9F0EE408ABDEEE80A10EE100A04B231
:101C8000224607A101A8FEF7D9F901A800F0B0FA91
:101C900000BFBDE71400002418000024000000006D
:101CA00040302C25640D0A0010B52DED028B88B054
:101CB0009FED2D0AB0EE408A9FED2B0AF0EE408A90
:101CC00000242FE002A803A904AB05AACDE9001067
:101CD00006A907A8FFF7AEFDBDF90C0000EE100A3B
:101CE000B8EEC00A38EE000AB0EE408ABDF9140022
:101CF00000EE100AF8EEC00ABDF91C0000EE100A52
:101D0000B8EEC00A01F050FBF1EE400A9FED171A41
:101D1000B0EE680A00EE810AF0EE408A0520FEF778
:101D200056FC641CC82CCDDB9FED110AC8EE000ADE
:101D30001048C0ED000A9FED0E0AC8EE800A0E485A
:101D4000C0ED000A9FED080A0C4880ED000AFEF77E
:101D500034FC0B490860FEF730FC0A49086008B003
:101D6000BDEC028B10BD000000000000E22E6542B9
:101D7000000048431C000024200000241800002418
:101D8000240000241400002410B52DED048B88B02D
:101D9000FEF713FC04463E480068201A00EE100AC5
:101DA000B8EE400ADFED3B0A80EE201AF0EE418AE1
:101DB00037480460F5EEC08AF1EE10FA06D99FEDBF
:101DC000360AF4EEC08AF1EE10FA03DD9FED330A15
:101DD000F0EE408A02A803A904AB05AACDE90010E1
:101DE00006A907A8FFF726FDBDF9140000EE100AAA
:101DF000F8EEC00ABDF91C0000EE100AB8EEC00AE9
:101E000001F0D2FAB1EE400ADFED250A20EE200AF9
:101E1000B0EE409A234890ED000A39EE400AB0EE49
:101E2000409ABDF90C0000EE100AB8EEC00A1E4838
:101E3000D0ED000A30EE600ADFED1C0A20EE208AA9
:101E4000BFEE000AB4EEC08AF1EE10FA0ADDB7EE7A
:101E5000000AB4EEC08AF1EE10FA03D29FED140A24
:101E6000B0EE408A134890ED000AF0EE409A48EE3A
:101E7000289A9FED110A29EE000ADFED100A00EE04
:101E8000A90A80ED000A08B0BDEC048B10BD00006B
:101E90002400002400007A44CDCCCC3D0AD7233C5A
:101EA000E22E6542200000241C00002400007A3D40
:101EB0000000000018000024CDCC4C3D3333733FAC
:101EC000B4EEC10AF1EE10FA02DDB0EE410A06E00E
:101ED000B4EEE00AF1EE10FA01D2B0EE600A7047FB
:101EE00010B50E480068C06800F0010078B10C49D8
:101EF00008698047002009490968486200BF6420DA
:101F000006490968C86264210448C16000BF6FF0D7
:101F1000010002490968086110BD00003006002474
:101F20005C01002410B50248FEF77BFF10BD0000E5
:101F3000D004002410B50268294B98420ED0B0F1AD
:101F4000804F0BD0274B984208D0274B984205D0A2
:101F5000264B984202D0264B984203D122F07002C1
:101F60004B681A431E4B984217D0B0F1804F14D0E3
:101F70001C4B984211D01C4B98420ED01B4B9842E0
:101F80000BD01B4B984208D01A4B984205D01A4BE5
:101F9000984202D0194B984203D122F44072CB6888
:101FA0001A4322F080034C6943EA040202608B6802
:101FB000C3620B6883620A4B98420BD00C4B984269
:101FC00008D00C4B984205D00B4B984202D00B4BDB
:101FD000984201D10B6903630123436110BD0000E6
:101FE000000001400004004000080040000C0040D8
:101FF000000401400040014000440140004801400D
:1020000000200D4908800D4908800D490860012015
:102010000C4908700C49087000200C4908700C49E4
:1020200008609FED0C0A0C4880ED000A9FED090A3C
:102030000A4880ED000A7047780000247A000024E6
:102040007C00002480000024810000248200002401
:102050008400002400000000880000248C0000247C
:10206000F0B589B00446FEF7A8FA0746554800685F
:10207000381A1E2801D209B0F0BD524807600CB1D1
:10208000207868B99FED500A504880ED000A9FED16
:102090004E0A4F4880ED000A4EA000F0A9F8EAE78A
:1020A000B4F90650B4F9086015F10A0F02DD0A2DE3
:1020B00000DA002516F10A0F02DD0A2E00DA0026EA
:1020C000424890ED000ADFED450A20EE200A684202
:1020D00000EE900AF8EEE00A9FED411A00EE810A48
:1020E0003A4880ED000A3A4890ED000ADFED3B0ADD
:1020F00020EE200A704200EE900AF8EEE00A9FED12
:10210000381A00EE810A324880ED000A2F4890ED1F
:10211000000AFFEE000AB4EEE00AF1EE10FA0CDD60
:1021200090ED000AF7EE000AB4EEE00AF1EE10FAC4
:1021300003D29FED250A80ED000A254890ED000AA4
:10214000FFEE000AB4EEE00AF1EE10FA0CDD90EDBD
:10215000000AF7EE000AB4EEE00AF1EE10FA03D23C
:102160009FED190A80ED000A184890ED000AB5EEBF
:10217000C00AF1EE10FA0BD1154890ED000AB5EE49
:10218000C00AF1EE10FA03D112A000F031F872E7A4
:102190000F4890ED000ABDEEC00A10EE100A03B21F
:1021A0000A4890ED000ABDEEC00A10EE100A02B215
:1021B0000CA101A8FDF742FF01A800F019F800BF2B
:1021C00059E700008400002400000000880000247B
:1021D0008C00002440302C300D0A00009A99193FE1
:1021E000CDCCCC3E4025642C25640D0A00000000B7
:1021F00070B504462046FEF7B1F885B24FF0FF33C4
:102200002A4621460148FFF7B7F970BD1C05002496
:1022100010B5012202490348FFF780F910BD000004
:10222000700000241C05002490F8281001F0010122
:1022300039B10168496821F40031C26A114302686A
:10224000516090F8281001F00201022907D10168BD
:10225000496821F48031026B11430268516090F8A3
:10226000281001F00401042907D10168496821F40C
:102270008021426B11430268516090F8281001F0F0
:102280000801082907D10168496821F40041826BDF
:1022900011430268516090F8281001F010011029D4
:1022A00007D10168896821F48051C26B114302682B
:1022B000916090F8281001F02001202907D10168D1
:1022C000896821F40051026C11430268916090F812
:1022D000281001F04001402913D10168496821F418
:1022E0008011426C114302685160416CB1F5801F4E
:1022F00007D10168496821F4C001826C114302686A
:10230000516090F8281001F08001802907D1016800
:10231000496821F40021C26C114302685160704782
:1023200038B504460020C4F89000FEF746F905468B
:102330002068006800F00800082821D16FF07E4076
:102340002B4600224FF400110090204600F02AFF97
:10235000B0B100BF00BF216851E8001F21F080002C
:10236000226842E800010029F5D100BF2020C4F80E
:10237000880000BF002084F8840000BF032038BD1F
:102380002068006800F00400042830D16FF07E401F
:102390002B4600224FF480010090204600F002FFFF
:1023A00028B300BF00BF216851E8001F21F49070DE
:1023B000226842E800010029F5D100BF00BF00BF3C
:1023C0002168083151E8001F21F00100216808311F
:1023D00041E80002002AF3D100BF2020C4F88C009D
:1023E00000BF002084F8840000BF0320C7E720203E
:1023F000C4F88800C4F88C000020E066206700BFA5
:1024000084F8840000BF00BFB9E770B50546AC6B27
:102410000020A4F85E00A4F856002046FEF7F7FD61
:1024200070BD000000BF00BF026852E8002F22F418
:102430009071036843E80012002AF5D100BF00BF85
:1024400000BF0268083252E8002F104B02EA030175
:102450000268083242E80013002BF2D100BFC16EBF
:1024600001290CD100BF00BF026852E8002F22F002
:102470001001036843E80012002AF5D100BF2021B3
:10248000C0F88C100021C16641677047FEFFFFEF66
:1024900010B5044600BF00BF216851E8001F21F0BD
:1024A0004000226842E800010029F5D100BF202049
:1024B000C4F888000020A0672046FFF7BEF810BDD2
:1024C0002DE9F0410446B4F86070D4F88C0022285D
:1024D0006ED12068406A86B2A56D06EA07002880A2
:1024E000A06D801CA065B4F85E00401EA4F85E00DC
:1024F000B4F85E00002861D100BF00BF216851E838
:10250000001F21F49070226842E800010029F5D1F3
:1025100000BF00BF00BF2168083151E8001F21F053
:1025200001002168083141E80002002AF3D100BF10
:102530002020C4F88C0000206067206720492068B4
:10254000884211D02068406800F4000060B100BFEC
:1025500000BF216851E8001F21F08060226842E836
:1025600000010029F5D100BFE06E01281CD1002038
:10257000E06600BF00BF216851E8001F21F0100095
:10258000226842E800010029F5D100BF2068C06937
:10259000C0F3001010B1102021680862B4F85C107C
:1025A0002046FEF730FD09E02046FEF71FF805E063
:1025B0002068806940F0080021688861BDE8F081EA
:1025C000000C00582DE9F84F0446B4F860B02068BC
:1025D000C5692068006800902068D0F808A0D4F889
:1025E0008C0022287ED1B4F86890ADE02068406A63
:1025F0001FFA80F8A76D08EA0B003880A06D801CD8
:10260000A065B4F85E00401EA4F85E002068C569AD
:1026100005F00700B0B305F0010060B1009800F4C8
:10262000807040B1012021680862D4F8900040F029
:102630000100C4F8900005F0020058B10AF0010052
:1026400040B1022021680862D4F8900040F00400F4
:10265000C4F8900005F0040058B10AF0010040B140
:10266000042021680862D4F8900040F00200C4F809
:102670009000D4F8900028B12046FEF7C8FC002056
:10268000C4F89000B4F85E0000285DD100BF00BF20
:10269000216851E8001F21F48070226842E800019F
:1026A0000029F5D100BF00BF00BF2168083151E803
:1026B000001F404A01EA02002168083141E8000297
:1026C000002AF2D100BF2020C4F88C0000206067EF
:1026D000206739492068884213D02068406800F498
:1026E000000000E05DE060B100BF00BF216851E87C
:1026F000001F21F08060226842E800010029F5D126
:1027000000BFE06E01281CD10020E06600BF00BFC2
:10271000216851E8001F21F01000226842E8000102
:102720000029F5D100BF2068C069C0F3001010B1C6
:10273000102021680862B4F85C102046FEF763FCA4
:1027400002E02046FDF752FFB9F1000F04D005F07A
:10275000200000287FF44AAFB4F85E6006B3B4F8F6
:102760006800B04223DD00BF00BF2168083151E896
:10277000001F21F080502168083141E80002002A42
:10278000F3D100BF0D48606700BF00BF216851E86A
:10279000001F41F02000226842E800010029F5D125
:1027A00005E02068806940F0080021688861BDE884
:1027B000F88F0000FEFFFFEF000C0058C1240090CE
:1027C00070B50446B4F86060D4F88C0022286FD14C
:1027D0002068406A85B2F0B22840A16D0870A06DF3
:1027E000401CA065B4F85E00401EA4F85E00B4F87A
:1027F0005E00002862D100BF00BF216851E8001FC1
:1028000021F49070226842E800010029F5D100BF50
:1028100000BF00BF2168083151E8001F21F001000E
:102820002168083141E80002002AF3D100BF2020CE
:10283000C4F88C0000206067206721492068884226
:1028400011D02068406800F4000060B100BF00BFF4
:10285000216851E8001F21F08060226842E80001F1
:102860000029F5D100BFE06E01281CD10020E066F0
:1028700000BF00BF216851E8001F21F0100022684E
:1028800042E800010029F5D100BF2068C069C0F30B
:10289000001010B1102021680862B4F85C102046C6
:1028A000FEF7B1FB0AE02046FDF7A0FE06E0FFE7D9
:1028B0002068806940F008002168886170BD0000D0
:1028C000000C00582DE9F05F0446B4F860A02068C1
:1028D000C5692068D0F800B02068D0F80890D4F816
:1028E0008C0022287ED1B4F86880ACE02068406A71
:1028F00087B20AF0FF003840A16D0870A06D401C3F
:10290000A065B4F85E00401EA4F85E002068C569AA
:1029100005F00700A8B305F0010058B10BF4807072
:1029200040B1012021680862D4F8900040F0010015
:10293000C4F8900005F0020058B109F0010040B160
:10294000022021680862D4F8900040F00400C4F826
:10295000900005F0040058B109F0010040B10420D6
:1029600021680862D4F8900040F00200C4F890009A
:10297000D4F8900028B12046FEF749FB0020C4F8A7
:102980009000B4F85E0000285DD100BF00BF216850
:1029900051E8001F21F48070226842E800010029FC
:1029A000F5D100BF00BF00BF2168083151E8001F0A
:1029B0003F4A01EA02002168083141E80002002A8A
:1029C000F2D100BF2020C4F88C000020606720678F
:1029D00038492068884213D02068406800F400001D
:1029E00070B100E05CE000BF00BF216851E8001F4B
:1029F00021F08060226842E800010029F5D100BF83
:102A0000E06E01281CD10020E06600BF00BF2168F5
:102A100051E8001F21F01000226842E8000100295F
:102A2000F5D100BF2068C069C0F3001010B11020BC
:102A300021680862B4F85C102046FEF7E4FA02E070
:102A40002046FDF7D3FDB8F1000F04D005F02000BB
:102A500000287FF44BAFB4F85E6006B3B4F86800AA
:102A6000B04223DD00BF00BF2168083151E8001FDC
:102A700021F080502168083141E80002002AF3D19A
:102A800000BF0D48606700BF00BF216851E8001F0C
:102A900041F02000226842E800010029F5D105E05C
:102AA0002068806940F0080021688861BDE8F09FD7
:102AB000FEFFFFEF000C0058C12700902DE9F04FFA
:102AC00089B0054600200890F8492868884200D15E
:102AD00000E000BF2969A868084369690843E969FB
:102AE00040EA010828680068F149084040EA080007
:102AF000296808602868406820F44050E968084365
:102B000029684860D5F81880E8492868884202D0CA
:102B1000286A40EA080828688068E649084040EAD0
:102B20000800296888602868C06A20F00F00696A78
:102B300008432968C86200BFDF492868884220D15D
:102B4000DE48006800F03800182811D005DC48B1D4
:102B5000082809D0102811D108E020280AD02828F8
:102B60000CD109E001240BE0042409E0082407E06B
:102B7000102405E0202403E0402401E0802400BF6D
:102B8000F8E0CF492868884219D1CC48006800F0A5
:102B90000700062810D2DFE800F0030507090B0D37
:102BA00000240BE0042409E0082407E0102405E0D9
:102BB000202403E0402401E0802400BFDAE0C14982
:102BC0002868884219D1BD48006800F0070006282F
:102BD00010D2DFE800F0030507090B0D00240BE01D
:102BE000042409E0082407E0102405E0202403E081
:102BF000402401E0802400BFBCE0B349286888423B
:102C000019D1AE48006800F00700062810D2DFE8AE
:102C100000F0030507090B0D00240BE0042409E074
:102C2000082407E0102405E0202403E0402401E00C
:102C3000802400BF9EE0A5492868884219D19F489A
:102C4000006800F00700062810D2DFE800F0030556
:102C500007090B0D00240BE0042409E0082407E019
:102C6000102405E0202403E0402401E0802400BF7C
:102C700080E097492868884220D19048006800F099
:102C80003800182811D005DC48B1082809D01028D0
:102C900011D108E020280AD028280CD109E001240D
:102CA0000BE0042409E0082407E0102405E02024B8
:102CB00003E0402401E0802400BF5BE085492868F0
:102CC000884219D17D48006800F00700062810D21C
:102CD000DFE800F0030507090B0D00240BE00424D6
:102CE00009E0082407E0102405E0202403E0402444
:102CF00001E0802400BF3DE077492868884219D16F
:102D00006E48006800F00700062810D2DFE800F0E7
:102D1000030507090B0D00240BE0042409E0082437
:102D200007E0102405E0202403E0402401E0802493
:102D300000BF1FE05D49286888421AD15F48001D26
:102D4000006800F00700062810D2DFE800F0030555
:102D500007090B0D02240BE0042409E0082407E016
:102D6000102405E0202403E0402401E0802400BF7B
:102D700000E0802400BF4D49286888427DD1102C96
:102D80001AD006DC022C09D0042C0BD0082C29D137
:102D90000DE0202C21D0402C24D120E0FDF72BFC8D
:102DA000064623E005A8FDF72BFC069E1EE002A8C0
:102DB000FDF72BFC039E19E0404854380068C0F32F
:102DC000401040B13D4854380068C0F3C101434849
:102DD00020FA01F600E0414E08E0414E06E04FF4D3
:102DE000004603E000260120089000BF00BF002E2F
:102DF00010D03C49686A31F81000B6FBF0F96868F9
:102E000000EB4000484503D868680003484502D2FB
:102E10000120089003E13349686A31F810C0624626
:102E2000002330461946FDF7F5FB4FF4807300226E
:102E30008446ACFB030B01FB03B10CFB021C69686D
:102E40004908034659184CEB0200CDE90010D5F8AB
:102E500004C06246002308460199FDF7DBFB0746E4
:102E6000B7F5407F06D3B7F5801F03D22868C76047
:102E7000D5E002E001200890D1E0E869B0F5004F0C
:102E80007BD1082C39D005DC5CB1012C2CD0042C72
:102E90004CD12DE0102C35D0202C42D0402C45D1E7
:102EA00041E0FDF7BCFB064644E00000000C005882
:102EB000F369FFCFFFF4FF110010014054440258A2
:102EC0000044004000480040004C004000500040DA
:102ED0000014014000780040007C00400090D003C6
:102EE00000093D00789C0090FDF79EFB064621E01E
:102EF00005A8FDF785FB069E1CE002A8FDF785FBF3
:102F0000039E17E04C480068C0F3401038B14A48AF
:102F10000068C0F3C101494820FA01F600E0474EBD
:102F200008E0474E06E04FF4004603E0002601208B
:102F3000089000BF00BFFEB14249686A31F8100036
:102F4000B6FBF0F04000696800EB5100B0FBF1F710
:102F5000102F0FD3B7F5803F0CD24FF6F07007EA71
:102F6000000AC7F342004AEA000A2868C0F80CA029
:102F700055E002E00120089051E0082C1AD005DC51
:102F80005CB1012C0DD0042C2DD10EE0102C16D0EC
:102F9000202C23D0402C26D122E0FDF740FB064612
:102FA00025E0FDF741FB064621E005A8FDF728FBDB
:102FB000069E1CE002A8FDF728FB039E17E01E48B2
:102FC0000068C0F3401038B11B480068C0F3C1016D
:102FD0001A4820FA01F600E0184E08E0184E06E004
:102FE0004FF4004603E000260120089000BF00BF18
:102FF000AEB11449686A31F81000B6FBF0F06968A8
:1030000000EB5100B0FBF1F7102F06D3B7F5803F6E
:1030100003D2B8B22968C86001E0012008900120FD
:10302000A5F86A00A5F8680000206867A8670898F6
:1030300009B0BDE8F08F0000004402580090D003B2
:1030400000093D00789C009030B503469965A3F8CF
:103050005C20A3F85E200020586700BF9868B0F598
:10306000805F0AD1186920B940F2FF10A3F8600010
:1030700020E0FF20A3F860001CE0986848B91869B8
:1030800018B9FF20A3F8600014E07F20A3F86000C7
:1030900010E09868B0F1805F09D1186918B97F20F5
:1030A000A3F8600006E03F20A3F8600002E00020E3
:1030B000A3F8600000BF0020C3F890002220C3F8EE
:1030C0008C0000BF00BF1C68083454E8004F44F077
:1030D00001001C68083444E80005002DF3D100BF4E
:1030E000586EB0F1005F2CD1B3F86800904228DC34
:1030F0009868B0F5805F04D1186910B92548586701
:1031000001E025485867186960B100BF00BF1C681E
:1031100054E8004F44F480701D6845E80004002C1A
:10312000F5D100BF00BF00BF1C68083454E8004F51
:1031300044F080501C68083444E80005002DF3D1A9
:1031400026E09868B0F5805F04D1186910B913487B
:10315000586701E012485867186960B100BF00BFA6
:103160001C6854E8004F44F490701D6845E8000462
:10317000002CF5D10CE000BF00BF1C6854E8004FE4
:1031800044F020001D6845E80004002CF5D100BF84
:10319000002030BDC5250090C5280090C1240090B6
:1031A000C12700902DE9F04104460D461746984688
:1031B000069E3CE0701CC8B3FDF7FFF9A0EB0800C9
:1031C000B04200D816B90320BDE8F081206800683D
:1031D00000F0040050B32068C069C0F3C00078B1AB
:1031E0000820216808622046FFF71CF90820C4F86F
:1031F000900000BF002084F8840000BF0120E3E7B6
:103200002068C069C0F3C02080B14FF4006021681D
:1032100008622046FFF706F92020C4F8900000BF9E
:10322000002084F8840000BF0320CDE7FFE720687A
:10323000C0692840A84201D1012000E00020B84226
:10324000B8D00020C0E70000F0B58BB04348056857
:1032500005F02000002878D0404808300068C4B24B
:103260003F48007850B9AA2C08D13D480178007831
:10327000401C3B4A10703B48445466E03848007894
:1032800001280AD1552C08D1354801780078401C16
:10329000334A10703348445457E0314800780228CC
:1032A0000CDB2F480078062808DA2D4801780078D2
:1032B000401C2B4A10702B48445446E028480078A4
:1032C000062835D15A2C33D1254801780078401C86
:1032D000234A1070234844540A23072201462248F7
:1032E000FEF74AF91F4880781E49C97840EA012054
:1032F00006B21C4800791B49497940EA012007B20F
:103300003B46324619A103A8FCF798FE4FF47840DB
:1033100003A910221346CDE900210290C8224FF4E0
:1033200082711E2004F050FB00200D4908700CE053
:1033300000200B490870AA2C07D1084601780078B4
:10334000401C074A10700748445405F00F0018B19C
:103350000F200249091D08600BB0F0BD1C4400405D
:103360006F000024680000241C05002464783A20C3
:10337000252D35642064793A20252D356400000020
:103380004100080218BF04200A0E18BF40F00100D7
:103390004FF07F4232EA010108BF40F002000128ED
:1033A00008BF05207047000010EE100A10B510EE9F
:1033B000901A4FF0684202EB40032DED028BB3F1FF
:1033C000654F3CBF02EB4102B2F1654F7CD200BFBA
:1033D000C0F3C753C1F3C7529A1A1B2A09DD10F074
:1033E000004F14BF9FED6E0A9FED6E0ABDEC028B7D
:1033F00010BD12F11A0F1BDA11F0004F09D010F0B6
:10340000004F0CBF9FED680A9FED680ABDEC028B70
:1034100010BD80EE208A18EE100AFFF7B1FF0428D5
:1034200008BF00F0F1F8B0EE480ABDEC028B10BD09
:103430004200B2EB410F37D910F0004F19BFDFED5A
:103440005C1A9FED5C1ADFED5C1A9FED5C1AB0EE22
:10345000602A0A46F1EE400A80F00041B0EE420ACE
:1034600010460A1A5200B2F1807F34D2484010F060
:10347000004FDFED532A9FED533A1DBF9FED522AB7
:1034800071EEE21A31EE431A9FED502A04BF71EE3D
:10349000A21A31EE031AF0EE402A42EE602A40EE04
:1034A000020A82EEA02A18E011F0004F04BF9FED3F
:1034B000481AF0EE411AD4D010F0004F1CBFDFEDD7
:1034C000451A9FED451A00E026E004BFDFED431AE0
:1034D0009FED431AC5E780EE202A22EE020ADFEDB7
:1034E000410ADFED412ABDEC028B40EE202ADFEDE0
:1034F0003F0A40EE220ADFED3E2A40EE202ADFEDB1
:103500003D0A40EE220A22EE000A00EE201A31EEB9
:10351000020A30EE210A10BD4FF07F42B2EB400F9D
:1035200028BFB2EB410F05D2BDEC028BBDE81040C5
:1035300000F066B840EA01035B0008BF41F0FF41BC
:103540000BD0B2EB400F08BFB2EB410F08D120F017
:10355000804000EE100A21F0804100EE901A37E71B
:10356000B2EB400F12BF5FEA410240F0FF4001F0B2
:1035700000413FF42DAF4A0092EA40033FF528AFE7
:10358000002AACBF9FED1C1A9FED1C1A20EE010A09
:1035900060EE810A10EE100A10EE901A18E7000093
:1035A000DB0FC9BFDB0FC93FDB0F4940DB0F49C051
:1035B0000000C9BF22AAFDB90000C93F22AAFD39F7
:1035C0000060ED3EC30ACE37000000BF0000003FA0
:1035D00000000000000049C022AA7DBA0000494056
:1035E00022AA7D3A2DAD65BD8FB8D53D0FB511BE70
:1035F00061C84C3EA8AAAABE0000804F0000802FE0
:1036000030EE200A704700009FED020A20EE000A0B
:10361000704700000000001030380A2801D2012055
:10362000704700207047000088B0002500264FF644
:10363000FF7000F0A7FD4FF4784078A110221346E8
:10364000CDE900210290C82232211E2004F0BCF9ED
:103650004FF4784073A110221346CDE90021029067
:10366000C82246211E2004F0AFF94FF4784072A121
:1036700010221346CDE900210290C82264211E20A9
:1036800004F0A2F94FF478406FA110221346CDE95F
:1036900000210290C822A0211E2004F095F904F018
:1036A00037FE04F041FC002004F0EEFA032004F0A1
:1036B00019FB042004F0E8FA032004F051FB212058
:1036C00004F03AFE04F0F1FB00F06EFA00204FF433
:1036D0000053012201460090614800F01DF9614845
:1036E0004088B0F5487F11DB5E494988A1F54870F4
:1036F00000EBD071C1F34F015B4A11804FF4487663
:10370000512143F2350004F0A2FE04E000205649A6
:1037100008805448468854480088544908805148D5
:10372000028833460021042004F094FD4FF47840D1
:103730004FA110221346CDE900210290F022BE21B4
:103740001E2004F041F9FEF7AFFA4FF4FC604DA1E2
:1037500010221346CDE900210290F022BE211E2046
:1037600004F032F94FF4FA70FCF731FF00F074FB0B
:10377000002000F007FD4FE0FEF706FBFEF73CFAE5
:10378000002000F0BDFC04465CB3022C01D000F028
:10379000E9FB022C0FD1681CC5B2062D00DB002509
:1037A000284604F007FE3C4850F825203BA104A819
:1037B000FCF744FC00BF00BF022C12D04FF478404D
:1037C00004A910221346CDE900210290D222322111
:1037D0001E2004F0F9F84FF44870FCF7F8FE00F0F2
:1037E0003BFBFCF7EAFE2E490968401A642810D317
:1037F000FCF7E3FE2A49086000F0B4FB04F054F83B
:1038000019480188002003F067FE04F053F900F026
:1038100023FB0A20FCF7DBFEAEE7000053544D33D8
:10382000320000004F56353634302052474235368C
:1038300035204D6F646500004B4559303A436F6E3B
:103840007472617374000000574B5F55503A4675AF
:103850006C6C53697A652F5363616C6500000000DE
:1038600000001060F80300240C0000240A0000246B
:103870004B656570204D5055205374696C6C2E2E2D
:103880002E000000506974636820496E6974204FEF
:103890004B20202020000000280000242573000079
:1038A0001000002470B505460C460748074908601B
:1038B0000846446000218160C560FDF7FCF90348BB
:1038C000FDF754FA70BD000000100040D004002441
:1038D00070B504460D4616460D48FDF789F80D48AB
:1038E0000B49086000204860610109488160F101CE
:1038F000C160A9010161002141618161FDF700F909
:1039000003480068006802490968086070BD00004B
:1039100008040024000002482DE9F84306460C463E
:1039200015461F46DDF8208000BF9948006840F02A
:103930000100974908600846006800F00100009007
:1039400000BF00BF00BF934893498864084691496F
:10395000886300BF084600689049884258D08D4867
:1039600000688E491831884252D08A4800688B49D5
:10397000303188424CD087480068884948318842B5
:1039800046D08448006885496031884240D08148EB
:1039900000688249783188423AD07E4800687F4981
:1039A0009031884234D07B4800687C49A8318842F5
:1039B0002ED0784800687A49884229D07548006836
:1039C00077491831884223D07248006874493031F1
:1039D00088421DD06F48006871494831884217D02D
:1039E0006C4800686E496031884211D069480068AF
:1039F0006B49783188420BD066480068684990313D
:103A0000884205D0634800686549A831884208D1DA
:103A100060480068006820F010005E49096808608E
:103A200007E05C480068006820F002005949096816
:103A300008605A481830574908604B2048600021F8
:103A400054488160C160C0F810804FF480514161DA
:103A500087610911C16149020162042141620121AA
:103A600081620021C1620163FCF7E3FD4948FCF774
:103A7000E5FD00BF0020474981F8340000BF34B99C
:103A80002B46324647494348FCF7DDFD7DE023469F
:103A9000324644493F480095FCF7DAFD3D4800684E
:103AA0003E49884258D03B4800683C49183188421A
:103AB00052D0384800683949303188424CD03548B6
:103AC000006836494831884246D032480068334958
:103AD0006031884240D02F480068304978318842B0
:103AE0003AD02C4800682D499031884234D029487A
:103AF00000682A49A83188422ED026480068284903
:103B0000884229D02348006825491831884223D0AB
:103B1000204800682249303188421DD01D48006885
:103B20001F494831884217D01A4800681C49603143
:103B3000884211D0174800681949783188420BD063
:103B40001448006816499031884205D01148006831
:103B50001349A831884208D10E480068006840F037
:103B600010000C490968086007E00A48006800680E
:103B700040F00200074909680860032202210C2076
:103B8000FCF707FD0C20FCF709FDBDE8F8830000F9
:103B9000D8440258580400240804002410000240AD
:103BA000100402402800024800B587B000BF544806
:103BB000006840F00100524908600846006800F0C3
:103BC0000100019000BF00BF00BF081D006840F069
:103BD0000100091D08600846006800F0010001901E
:103BE00000BF00BF00BF0846006840F00200086048
:103BF0000846006800F00200019000BF00BF00BF4F
:103C00000846006840F0040008600846006800F0BC
:103C10000400019000BF00BF00BF0846006840F0EC
:103C2000080008600846006800F00800019000BF26
:103C300000BF502002900220039001200490032036
:103C400005900D20069002A92E48FCF79DFC4FF42C
:103C500060700290022003900120049003200590E0
:103C60000D20069002A92848FCF78EFC4FF43C601A
:103C700002900220039001200490032005900D2063
:103C8000069002A92148FCF77FFC08200290022040
:103C9000039001200490032005900D20069002A9B6
:103CA0001B48FCF771FC022211464E20FCF771FC08
:103CB0004E20FCF773FC1748174908600020486045
:103CC0002021154881600021C1600161416181614D
:103CD000FCF716FF00200F49C8600F480068C06855
:103CE00040F001000C490968C8600B480068006892
:103CF00040F4804008490968086007B000BD000032
:103D0000DC4402580000025800040258000802581F
:103D1000000C025800000248080400242DE9F0417C
:103D200004460D4616461F4600F01CF94FF6FF707C
:103D300000F028FA3B4632462946204603F05CFC58
:103D40003B4632460021084604F084FA002108462A
:103D500003F0C2FB03F0AEFE3B4800683B498842DB
:103D600058D03948006839491831884252D036480D
:103D700000683649303188424CD0334800683349B6
:103D80004831884246D03048006830496031884226
:103D900040D02D4800682D49783188423AD02A48D1
:103DA00000682A499031884234D027480068274962
:103DB000A83188422ED0244800682549884229D05D
:103DC0002148006822491831884223D01E480068E3
:103DD0001F49303188421DD01B4800681C494831BA
:103DE000884217D01848006819496031884211D0BC
:103DF000154800681649783188420BD0124800688F
:103E000013499031884205D00F4800681049A83105
:103E1000884208D10C480068006840F001000A4957
:103E20000968086007E008480068006840F0010081
:103E30000549096808600748006840F00100054925
:103E40000860BDE8F0810000580400241000024022
:103E5000100402400000024810B50021084603F09B
:103E60003BFB03F027FE3B4800683B49884258D0A3
:103E70003848006838491831884252D035480068BF
:103E80003549303188424CD0324800683249483197
:103E9000884246D02F4800682F496031884240D080
:103EA0002C4800682C49783188423AD0294800686B
:103EB00029499031884234D0264800682649A831E3
:103EC00088422ED0234800682449884229D02148BE
:103ED000006822491831884223D01E4800681F49D3
:103EE000303188421DD01B4800681C494831884247
:103EF00017D01848006819496031884211D0154818
:103F000000681649783188420BD01248006813497E
:103F10009031884205D00F4800681049A831884286
:103F200008D10C480068006840F0010009490968A0
:103F3000086007E007480068006840F00100054994
:103F4000096808600648006840F0010004490860FC
:103F500010BD00005804002410000240100402406C
:103F6000000002483E48006820F001003C4908601B
:103F700000BF3B48006800F001000028F9D1394833
:103F800000683949884258D03648006836491831A7
:103F9000884252D0334800683349303188424CD08F
:103FA0003048006830494831884246D02D48006882
:103FB0002D496031884240D02A4800682A4978312A
:103FC00088423AD02748006827499031884234D047
:103FD000244800682449A83188422ED0214800682E
:103FE0002249884229D01F48006820491831884258
:103FF00023D01C4800681D49303188421DD0194823
:1040000000681A494831884217D016480068174995
:104010006031884211D013480068144978318842D1
:104020000BD01048006811499031884205D00D48E6
:1040300000680E49A831884208D10A480068006823
:1040400020F0010007490968086007E0054800689A
:10405000006820F00100034909680860704700000B
:1040600000000248580400241000024010040240DE
:1040700010B50021084603F02FFA03F01BFD10BD18
:1040800000B587B000BF00BF1B48006840F00100CA
:10409000194908600846006800F00100019000BF5F
:1040A00000BF00BF00BF00BF0846006840F001002D
:1040B00008600846006800F00100019000BF00BFE2
:1040C00000BF4FF4004002900020039002200490B3
:1040D0000320059002A90948FCF756FA0120029036
:1040E00000200390022004900320059002A90348B9
:1040F000FCF74AFA07B000BDE0440258000002583D
:1041000070B504460025012C01D11C4908701B48DC
:10411000007810B34FF400411948FCF75DFA01280C
:1041200005D001211648FCF757FA012815D10A20BD
:10413000FCF74DFA0020114908704FF40041104877
:10414000FCF74AFA012800D1012501210C48FCF7AF
:1041500043FA01280FD102250DE04FF40041084831
:10416000FCF73AFA38B901210548FCF735FA10B9DD
:10417000012002490870284670BD00005500002447
:104180000000025870B5044600260948058840889A
:1041900045430021084603F09FF903F08BFC00BF64
:1041A00002E004480480761CAE42FAD370BD0000E1
:1041B000F80300240000106010B5044658488471CC
:1041C000002C58D1F020564908804FF4A070488048
:1041D0000846808845F21051884210D14FF4305083
:1041E0004F4908814FF4285048814FF42C50888162
:1041F0004FF4F07008804FF4487048801AE0484847
:10420000808841F6631188420DD12C2044490881F1
:104210002B2048812A2088814FF4F07008804FF4C9
:104220004870488006E02C203D4908812A204881BA
:104230002B2088813A48808845F21031884205D089
:104240003748808847F29671884206D14FF4A070B3
:10425000334908804FF4F07048803148808849F62F
:104260000601884258D14FF4F0702D4908804FF470
:104270004870488050E04FF4A07029490880F02031
:1042800048800846808845F21051884210D14FF48A
:104290003050234908814FF4285048814FF42C5066
:1042A00088814FF4487008804FF4F070488020E017
:1042B0001B48808841F66311884205D018488088E1
:1042C00049F6060188420DD12C20154908812A2083
:1042D00048812B2088814FF4487008804FF4F0709B
:1042E000488006E02C200E4908812A2048812B2096
:1042F00088810B48808845F21031884205D00848F3
:10430000808847F29671884206D14FF4F0700449D4
:1043100008804FF4A0704880002002F0BFFF10BD5D
:10432000F8030024F8B504460D4616461F463EB174
:1043300009480088A04203DB07484088A84200DA09
:10434000F8BDA019401E82B22B4629462046009790
:1043500002F086FC00BFF3E7F80300242DE9FF4FCD
:1043600084B081468A460020029083460698A0EBDE
:1043700009050798A0EB0A06CDF80490CDF800A037
:10438000002D01DD012705E00DB9002702E04FF007
:10439000FF376D42002E02DD4FF0010806E016B92E
:1043A0004FF0000802E04FF0FF387642B54201DDE1
:1043B0002C4600E03446002003901EE0009A91B2A3
:1043C000019A90B2119A00F01FF8029828440290C6
:1043D000B3440298A04205DD0298001B02900198A8
:1043E00038440190A34504DDABEB040B0098404436
:1043F00000900398401C80B20390611C039888428F
:10440000DCDD08B0BDE8F08F70B505460E461446F9
:104410003146284603F060F803F04CFB01490C805C
:1044200070BD00000000106010B5CF2003F036FB17
:10443000002003F027FBC12003F024FB302003F011
:1044400021FBED2003F02AFB642003F01BFB03207B
:1044500003F018FB122003F015FB812003F012FB80
:10446000E82003F01BFB852003F00CFB102003F079
:1044700009FB7A2003F006FBCB2003F00FFB392069
:1044800003F000FB2C2003F0FDFA002003F0FAFA01
:10449000342003F0F7FA022003F0F4FAF72003F0D7
:1044A000FDFA202003F0EEFAEA2003F0F7FA0020EC
:1044B00003F0E8FA002003F0E5FAC02003F0EEFA7A
:1044C0001B2003F0DFFAC12003F0E8FA012003F01B
:1044D000D9FAC52003F0E2FA302003F0D3FA3020F5
:1044E00003F0D0FAC72003F0D9FAB72003F0CAFAD4
:1044F000362003F0D3FA482003F0C4FA3A2003F040
:10450000CDFA552003F0BEFAB12003F0C7FA00201F
:1045100003F0B8FA1A2003F0B5FAB62003F0BEFA99
:104520000A2003F0AFFAA22003F0ACFAF22003F065
:10453000B5FA002003F0A6FA262003F0AFFA012016
:1045400003F0A0FAE02003F0A9FA0F2003F09AFA92
:104550002A2003F097FA282003F094FA082003F0A9
:1045600091FA0E2003F08EFA082003F08BFA542003
:1045700003F088FAA92003F085FA432003F082FAB9
:104580000A2003F07FFA0F2003F07CFA002003F0EA
:1045900079FA002003F076FA002003F073FA002085
:1045A00003F070FAE12003F079FA002003F06AFAD0
:1045B000152003F067FA172003F064FA072003F0D0
:1045C00061FA112003F05EFA062003F05BFA2B205B
:1045D00003F058FA562003F055FA3C2003F052FA43
:1045E000052003F04FFA102003F04CFA0F2003F0DF
:1045F00049FA3F2003F046FA3F2003F043FA0F2028
:1046000003F040FA2B2003F049FA002003F03AFAB5
:10461000002003F037FA012003F034FA3F2003F0C2
:1046200031FA2A2003F03AFA002003F02BFA002096
:1046300003F028FA002003F025FAEF2003F022FA15
:10464000112003F02BFA7820FBF7C1FF292003F09B
:1046500025FA10BD10B5FF2003F020FAFF2003F06B
:1046600011FA982003F00EFA062003F00BFABC2092
:1046700003F014FA012003F005FA0F2003F002FA08
:10468000612003F0FFF9FF2003F0FCF9012003F0A3
:10469000F9F9012003F0F6F90B2003F0F3F91020EB
:1046A00003F0F0F9372003F0EDF9632003F0EAF9A5
:1046B000FF2003F0E7F9FF2003F0E4F9012003F005
:1046C000E1F9012003F0DEF9002003F0DBF900201E
:1046D00003F0D8F9FF2003F0D5F9522003F0D2F906
:1046E000012003F0CFF9002003F0CCF9402003F0C3
:1046F000C9F9BD2003F0D2F9012003F0C3F923204A
:1047000003F0C0F9452003F0BDF9672003F0BAF9C2
:10471000012003F0B7F9232003F0B4F9452003F09A
:10472000B1F9672003F0AEF9BE2003F0B7F900201D
:1047300003F0A8F9012003F0A5F9AB2003F0A2F9DA
:10474000602003F09FF9222003F09CF9222003F05F
:1047500099F9222003F096F9222003F093F9222000
:1047600003F090F9C72003F099F9362003F08AF995
:10477000ED2003F093F97F2003F084F90F2003F07C
:1047800081F9C02003F08AF90F2003F07BF90B2098
:1047900003F078F90A2003F075F9FC2003F07EF9A4
:1047A000082003F06FF9DF2003F078F9002003F010
:1047B00069F9002003F066F9002003F063F9002096
:1047C00003F060F9002003F05DF9202003F05AF9AE
:1047D000F32003F063F9742003F054F9B42003F0DC
:1047E0005DF9002003F04EF9002003F04BF90020A2
:1047F00003F048F9F72003F051F9822003F042F961
:10480000B12003F04BF9002003F03CF9132003F032
:1048100039F9132003F036F9F22003F03FF9802034
:1048200003F030F9042003F02DF9402003F02AF9B9
:10483000282003F027F9C12003F030F9172003F0F6
:1048400021F9882003F01EF9882003F01BF92020AD
:1048500003F018F9E02003F021F9002003F012F929
:104860000A2003F00FF9122003F00CF9102003F0D6
:1048700009F90E2003F006F9202003F003F9CC20FB
:1048800003F000F9072003F0FDF8062003F0FAF822
:104890000B2003F0F7F80E2003F0F4F80F2003F0DC
:1048A000F1F80D2003F0EEF8152003F0EBF81020DE
:1048B00003F0E8F8002003F0E5F8E12003F0EEF85B
:1048C000002003F0DFF80B2003F0DCF8132003F0E6
:1048D000D9F80D2003F0D6F80E2003F0D3F81B20F2
:1048E00003F0D0F8712003F0CDF8062003F0CAF8E9
:1048F000062003F0C7F80A2003F0C4F80F2003F0E5
:10490000C1F80E2003F0BEF80F2003F0BBF815200D
:1049100003F0B8F80C2003F0B5F8002003F0B2F86B
:104920002A2003F0BBF8002003F0ACF8002003F0CD
:10493000A9F8012003F0A6F8DF2003F0A3F82B204C
:1049400003F0ACF8002003F09DF8002003F09AF883
:10495000032003F097F81F2003F094F83A2003F0A7
:104960009DF8552003F08EF8362003F097F80020CC
:1049700003F088F8112003F091F87820FBF727FE68
:10498000292003F08BF81420FBF721FE2C2003F0E4
:1049900085F810BD10B5ED2003F080F8012003F07C
:1049A00071F8FE2003F06EF8EE2003F077F8DE20B9
:1049B00003F068F8212003F065F8F12003F06EF8A9
:1049C000012003F05FF8DF2003F068F8102003F007
:1049D00059F8C42003F062F88F2003F053F8C62082
:1049E00003F05CF8002003F04DF8E22003F04AF8F1
:1049F000E22003F047F8E22003F044F8BF2003F080
:104A00004DF8AA2003F03EF8B02003F047F80D203F
:104A100003F038F8002003F035F80D2003F032F8E9
:104A2000002003F02FF8112003F02CF8002003F0F1
:104A300029F8192003F026F8002003F023F821209C
:104A400003F020F8002003F01DF82D2003F01AF8E1
:104A5000002003F017F83D2003F014F8002003F0C5
:104A600011F85D2003F00EF8002003F00BF85D2034
:104A700003F008F8002003F005F8B12003F00EF869
:104A8000802002F0FFFF002002F0FCFF8B2002F0EC
:104A9000F9FF002002F0F6FF962002F0F3FF00205D
:104AA00002F0F0FFB22002F0F9FF002002F0EAFF6E
:104AB000002002F0E7FF022002F0E4FF002002F0F5
:104AC000E1FF032002F0DEFF002002F0DBFFB32055
:104AD00002F0E4FF002002F0D5FF002002F0D2FF38
:104AE000002002F0CFFF002002F0CCFF002002F0F7
:104AF000C9FF002002F0C6FF002002F0C3FF002023
:104B000002F0C0FF002002F0BDFF002002F0BAFF5B
:104B1000002002F0B7FF002002F0B4FF002002F0F6
:104B2000B1FF002002F0AEFF002002F0ABFF00203A
:104B300002F0A8FF002002F0A5FF002002F0A2FF73
:104B4000002002F09FFF002002F09CFF002002F0F6
:104B500099FF002002F096FF002002F093FF002052
:104B600002F090FFB42002F099FF8B2002F08AFF40
:104B7000002002F087FF962002F084FF002002F060
:104B800081FFA12002F07EFF002002F07BFFB52014
:104B900002F084FF022002F075FF002002F072FF95
:104BA000032002F06FFF002002F06CFF042002F0EF
:104BB00069FF002002F066FFB62002F06FFF0020C0
:104BC00002F060FF002002F05DFFB72002F066FFF8
:104BD000002002F057FF002002F054FF3F2002F0B7
:104BE00051FF002002F04EFF5E2002F04BFF00203C
:104BF00002F048FF642002F045FF002002F042FF6F
:104C00008C2002F03FFF002002F03CFFAC2002F0BD
:104C100039FF002002F036FFDC2002F033FF0020D5
:104C200002F030FF702002F02DFF002002F02AFF7A
:104C3000902002F027FF002002F024FFEB2002F07A
:104C400021FF002002F01EFFDC2002F01BFF0020ED
:104C500002F018FFB82002F021FF002002F012FF3E
:104C6000002002F00FFF002002F00CFF002002F0F5
:104C700009FF002002F006FF002002F003FF0020E1
:104C800002F000FF002002F0FDFEBA2002F006FF55
:104C9000242002F0F7FE002002F0F4FE002002F0D3
:104CA000F1FE002002F0EEFEC12002F0F7FE20200F
:104CB00002F0E8FE002002F0E5FE542002F0E2FEE1
:104CC000002002F0DFFEFF2002F0DCFE002002F0F8
:104CD000D9FEC22002F0E2FE0A2002F0D3FE00203C
:104CE00002F0D0FE042002F0CDFE002002F0CAFE49
:104CF000C32002F0D3FE3C2002F0C4FE002002F0EC
:104D0000C1FE3A2002F0BEFE002002F0BBFE3920B8
:104D100002F0B8FE002002F0B5FE372002F0B2FE2D
:104D2000002002F0AFFE3C2002F0ACFE002002F0BA
:104D3000A9FE362002F0A6FE002002F0A3FE3220DB
:104D400002F0A0FE002002F09DFE2F2002F09AFE4D
:104D5000002002F097FE2C2002F094FE002002F0CA
:104D600091FE292002F08EFE002002F08BFE26200C
:104D700002F088FE002002F085FE242002F082FE70
:104D8000002002F07FFE242002F07CFE002002F0D2
:104D900079FE232002F076FE002002F073FE3C2014
:104DA00002F070FE002002F06DFE362002F06AFE76
:104DB000002002F067FE322002F064FE002002F0C4
:104DC00061FE2F2002F05EFE002002F05BFE2C2030
:104DD00002F058FE002002F055FE292002F052FE9B
:104DE000002002F04FFE262002F04CFE002002F0D0
:104DF00049FE242002F046FE002002F043FE24205B
:104E000002F040FE002002F03DFE232002F03AFEB8
:104E1000002002F037FEC42002F040FE622002F0C3
:104E200031FE002002F02EFE052002F02BFE0020B5
:104E300002F028FE842002F025FE002002F022FE6F
:104E4000F02002F01FFE002002F01CFE182002F0ED
:104E500019FE002002F016FEA42002F013FE00202E
:104E600002F010FE182002F00DFE002002F00AFEF3
:104E7000502002F007FE002002F004FE0C2002F099
:104E800001FE002002F0FEFD172002F0FBFD0020D5
:104E900002F0F8FD952002F0F5FD002002F0F2FD91
:104EA000F32002F0EFFD002002F0ECFDE62002F01E
:104EB000E9FD002002F0E6FDC52002F0EFFD322002
:104EC00002F0E0FD002002F0DDFD442002F0DAFDFA
:104ED000002002F0D7FD652002F0D4FD002002F092
:104EE000D1FD762002F0CEFD002002F0CBFD88201F
:104EF00002F0C8FD002002F0C5FDC62002F0CEFD84
:104F0000202002F0BFFD002002F0BCFD172002F0BF
:104F1000B9FD002002F0B6FD012002F0B3FD002033
:104F200002F0B0FDC72002F0B9FD002002F0AAFD9A
:104F3000002002F0A7FD002002F0A4FD002002F0F6
:104F4000A1FDC82002F0AAFD002002F09BFD002078
:104F500002F098FD002002F095FD002002F092FD85
:104F6000C92002F09BFD002002F08CFD002002F021
:104F700089FD002002F086FD002002F083FD002064
:104F800002F080FD002002F07DFD002002F07AFD9D
:104F9000002002F077FD002002F074FD002002F0F6
:104FA00071FD002002F06EFD002002F06BFD00207C
:104FB00002F068FD002002F065FD002002F062FDB5
:104FC000002002F05FFDE02002F068FD162002F0F4
:104FD00059FD002002F056FD1C2002F053FD002078
:104FE00002F050FD212002F04DFD002002F04AFDAC
:104FF000362002F047FD002002F044FD462002F07A
:1050000041FD002002F03EFD522002F03BFD002059
:1050100002F038FD642002F035FD002002F032FD80
:105020007A2002F02FFD002002F02CFD8B2002F0F0
:1050300029FD002002F026FD992002F023FD00202A
:1050400002F020FDA82002F01DFD002002F01AFD54
:10505000B92002F017FD002002F014FDC42002F078
:1050600011FD002002F00EFDCA2002F00BFD002011
:1050700002F008FDD22002F005FD002002F002FD42
:10508000D92002F0FFFC002002F0FCFCE02002F03E
:10509000F9FC002002F0F6FCF32002F0F3FC002003
:1050A00002F0F0FCE12002F0F9FC162002F0EAFC2C
:1050B000002002F0E7FC1C2002F0E4FC002002F0DB
:1050C000E1FC222002F0DEFC002002F0DBFC3620B6
:1050D00002F0D8FC002002F0D5FC452002F0D2FC02
:1050E000002002F0CFFC522002F0CCFC002002F0A5
:1050F000C9FC642002F0C6FC002002F0C3FC7A2048
:1051000002F0C0FC002002F0BDFC8B2002F0BAFCD3
:10511000002002F0B7FC992002F0B4FC002002F05D
:10512000B1FCA82002F0AEFC002002F0ABFCB920DC
:1051300002F0A8FC002002F0A5FCC42002F0A2FCB2
:10514000002002F09FFCCA2002F09CFC002002F02C
:1051500099FCD22002F096FC002002F093FCD820AB
:1051600002F090FC002002F08DFCE02002F08AFCAE
:10517000002002F087FCF32002F084FC002002F003
:1051800081FCE22002F08AFC052002F07BFC00207A
:1051900002F078FC0B2002F075FC002002F072FC9B
:1051A0001B2002F06FFC002002F06CFC342002F0A7
:1051B00069FC002002F066FC442002F063FC002041
:1051C00002F060FC4F2002F05DFC002002F05AFC6F
:1051D000612002F057FC002002F054FC792002F01C
:1051E00051FC002002F04EFC882002F04BFC002015
:1051F00002F048FC972002F045FC002002F042FC3F
:10520000A62002F03FFC002002F03CFCB72002F098
:1052100039FC002002F036FCC22002F033FC0020F2
:1052200002F030FCC72002F02DFC002002F02AFC26
:10523000D12002F027FC002002F024FCD62002F04E
:1052400021FC002002F01EFCDD2002F01BFC0020EF
:1052500002F018FCF32002F015FC002002F012FC12
:10526000E32002F01BFC052002F00CFC002002F001
:1052700009FC0A2002F006FC002002F003FC1C20BE
:1052800002F000FC002002F0FDFB332002F0FAFBEC
:10529000002002F0F7FB442002F0F4FB002002F0B3
:1052A000F1FB502002F0EEFB002002F0EBFB62204D
:1052B00002F0E8FB002002F0E5FB782002F0E2FBC0
:1052C000002002F0DFFB882002F0DCFB002002F06F
:1052D000D9FB972002F0D6FB002002F0D3FBA620DA
:1052E00002F0D0FB002002F0CDFBB72002F0CAFB99
:1052F000002002F0C7FBC22002F0C4FB002002F035
:10530000C1FBC72002F0BEFB002002F0BBFBD12096
:1053100002F0B8FB002002F0B5FBD52002F0B2FB92
:10532000002002F0AFFBDD2002F0ACFB002002F019
:10533000A9FBF32002F0A6FB002002F0A3FBE4206F
:1053400002F0ACFB012002F09DFB002002F09AFB72
:10535000012002F097FB002002F094FB022002F0F3
:1053600091FB002002F08EFB2A2002F08BFB002034
:1053700002F088FB3C2002F085FB002002F082FB5B
:105380004B2002F07FFB002002F07CFB5D2002F04E
:1053900079FB002002F076FB742002F073FB002002
:1053A00002F070FB842002F06DFB002002F06AFB2B
:1053B000932002F067FB002002F064FBA22002F0C1
:1053C00061FB002002F05EFBB32002F05BFB0020DB
:1053D00002F058FBBE2002F055FB002002F052FB09
:1053E000C42002F04FFB002002F04CFBCD2002F065
:1053F00049FB002002F046FBD32002F043FB0020D3
:1054000002F040FBDD2002F03DFB002002F03AFB01
:10541000F32002F037FB002002F034FBE52002F01D
:105420003DFB002002F02EFB002002F02BFB0020B1
:1054300002F028FB002002F025FB022002F022FBF4
:10544000002002F01FFB292002F01CFB002002F0CC
:1054500019FB3C2002F016FB002002F013FB4B204E
:1054600002F010FB002002F00DFB5D2002F00AFBB1
:10547000002002F007FB742002F004FB002002F081
:1054800001FB842002F0FEFA002002F0FBFA9320D8
:1054900002F0F8FA002002F0F5FAA22002F0F2FA87
:1054A000002002F0EFFAB32002F0ECFA002002F044
:1054B000E9FABE2002F0E6FA002002F0E3FAC42086
:1054C00002F0E0FA002002F0DDFACD2002F0DAFA74
:1054D000002002F0D7FAD32002F0D4FA002002F024
:1054E000D1FADC2002F0CEFA002002F0CBFAF32051
:1054F00002F0C8FA002002F0C5FAE62002F0CEFA67
:10550000112002F0BFFA002002F0BCFA342002F0B1
:10551000B9FA002002F0B6FA562002F0B3FA0020E1
:1055200002F0B0FA762002F0ADFA002002F0AAFAFA
:10553000772002F0A7FA002002F0A4FA662002F019
:10554000A1FA002002F09EFA882002F09BFA0020C7
:1055500002F098FA992002F095FA002002F092FAEF
:10556000BB2002F08FFA002002F08CFA992002F0A2
:1055700089FA002002F086FA662002F083FA002001
:1055800002F080FA552002F07DFA002002F07AFA4B
:10559000552002F077FA002002F074FA452002F05C
:1055A00071FA002002F06EFA432002F06BFA00203C
:1055B00002F068FA442002F065FA002002F062FA74
:1055C000E72002F06BFA322002F05CFA002002F0D1
:1055D00059FA552002F056FA002002F053FA7620CC
:1055E00002F050FA002002F04DFA662002F04AFA6A
:1055F000002002F047FA672002F044FA002002F08F
:1056000041FA672002F03EFA002002F03BFA8720C0
:1056100002F038FA002002F035FA992002F032FA4E
:10562000002002F02FFABB2002F02CFA002002F03A
:1056300029FA992002F026FA002002F023FA7720B6
:1056400002F020FA002002F01DFA442002F01AFABB
:10565000002002F017FA562002F014FA002002F09F
:1056600011FA232002F00EFA002002F00BFA332088
:1056700002F008FA002002F005FA452002F002FAD2
:10568000002002F0FFF9E82002F008FA002002F002
:10569000F9F9002002F0F6F9992002F0F3F9002060
:1056A00002F0F0F9872002F0EDF9002002F0EAF9AB
:1056B000882002F0E7F9002002F0E4F9772002F0F8
:1056C000E1F9002002F0DEF9662002F0DBF90020AB
:1056D00002F0D8F9882002F0D5F9002002F0D2F9C2
:1056E000AA2002F0CFF9002002F0CCF9BB2002F092
:1056F000C9F9002002F0C6F9992002F0C3F9002090
:1057000002F0C0F9662002F0BDF9002002F0BAF9FB
:10571000552002F0B7F9002002F0B4F9552002F04C
:10572000B1F9002002F0AEF9442002F0ABF90020FC
:1057300002F0A8F9442002F0A5F9002002F0A2F935
:10574000552002F09FF9002002F09CF9E92002F0B8
:10575000A5F9AA2002F096F9002002F093F90020A2
:1057600002F090F9002002F08DF9002002F096F985
:10577000AA2002F087F9CF2002F090F9002002F071
:1057800081F9002002F07EF9002002F07BF9002070
:1057900002F078F9002002F075F9002002F072F9A9
:1057A000002002F06FF9002002F06CF9002002F0F6
:1057B00069F9002002F066F9002002F063F9002088
:1057C00002F060F9002002F05DF9002002F05AF9C1
:1057D000002002F057F9002002F054F9002002F0F6
:1057E00051F9F02002F05AF9002002F04BF9502054
:1057F00002F048F9002002F045F9002002F042F9D9
:10580000002002F03FF9F32002F048F9002002F0F6
:1058100039F9F92002F042F9062002F033F910209C
:1058200002F030F9292002F02DF9002002F02AF9C7
:105830003A2002F033F9552002F024F9112002F049
:105840002DF96420FAF7C3FE292002F027F935204C
:1058500002F024F9002002F015F9512002F01EF99F
:10586000FF2002F00FF9532002F018F92C2002F06B
:1058700009F9552002F012F9822002F003F92C20D8
:1058800002F00CF910BD10B555214FF4704002F034
:105890001BF9AA214FF2010002F016F952214FF232
:1058A000020002F011F908214FF2030002F00CF996
:1058B00001214FF2040002F007F90D214FF43040AE
:1058C00002F002F90D214BF2010002F0FDF80D216A
:1058D0004BF2020002F0F8F834214FF4364002F0A7
:1058E000F3F834214BF2016002F0EEF834214BF270
:1058F000026002F0E9F80D214FF4314002F0E4F8C3
:105900000D214BF2011002F0DFF80D214BF20210D5
:1059100002F0DAF834214FF4374002F0D5F83421A0
:105920004BF2017002F0D0F834214BF2027002F019
:10593000CBF800214FF4324002F0C6F800214BF2C0
:10594000012002F0C1F800214BF2022002F0BCF865
:1059500024214FF4384002F0B7F824214BF601001F
:1059600002F0B2F824214BF6020002F0ADF801215A
:105970004FF43F4002F0A8F80F214FF4334002F0FB
:10598000A3F80F214BF2013002F09EF80F214BF2E9
:10599000023002F099F834214FF4394002F094F8C3
:1059A00034214BF6011002F08FF834214BF602102F
:1059B00002F08AF808214FF4354002F085F80821FA
:1059C0004BF2015002F080F808214BF2025002F035
:1059D0007BF803214FF4424002F076F824214FF483
:1059E0003A4002F071F824214BF6012002F06CF8E5
:1059F00024214BF6022002F067F800214FF43C40CE
:105A000002F062F878214BF6014002F05DF80021C7
:105A10004BF6024002F058F800214FF43D4002F0EE
:105A200053F878214BF6015002F04EF800214BF666
:105A3000025002F049F800214FF43E4002F044F8D1
:105A400064214BF6016002F03FF800214FF4514011
:105A500002F03AF833214DF2011002F035F800213E
:105A60004DF2021002F030F834214DF2031002F032
:105A70002BF800214DF2041002F026F83A214DF2E5
:105A8000051002F021F800214DF2061002F01CF87A
:105A90004A214DF2071002F017F800214DF20810CC
:105AA00002F012F85C214DF2091002F00DF800210D
:105AB0004DF20A1002F008F881214DF20B1002F0AD
:105AC00003F800214DF20C1001F0FEFFA6214DF26B
:105AD0000D1001F0F9FF00214DF20E1001F0F4FF5E
:105AE000E5214DF20F1001F0EFFF01214DF21010F2
:105AF00001F0EAFF13214DF2111001F0E5FF012141
:105B00004DF2121001F0E0FF54214DF2131001F09C
:105B1000DBFF01214DF2141001F0D6FF82214DF27E
:105B2000151001F0D1FF01214DF2161001F0CCFF4C
:105B3000CA214DF2171001F0C7FF02214DF21810D3
:105B400001F0C2FF00214DF2191001F0BDFF02214A
:105B50004DF21A1001F0B8FF01214DF21B1001F0B7
:105B6000B3FF02214DF21C1001F0AEFF34214DF2C3
:105B70001D1001F0A9FF02214DF21E1001F0A4FF3B
:105B800067214DF21F1001F09FFF02214DF22010FE
:105B900001F09AFF84214DF2211001F095FF0221BE
:105BA0004DF2221001F090FFA4214DF2231001F0DC
:105BB0008BFF02214DF2241001F086FFB7214DF238
:105BC000251001F081FF02214DF2261001F07CFF2B
:105BD000CF214DF2271001F077FF02214DF228105E
:105BE00001F072FFDE214DF2291001F06DFF02215C
:105BF0004DF22A1001F068FFF2214DF22B1001F056
:105C000063FF02214DF22C1001F05EFFFE214DF2E8
:105C10002D1001F059FF03214DF22E1001F054FF19
:105C200010214DF22F1001F04FFF03214DF23010E3
:105C300001F04AFF33214DF2311001F045FF0321FD
:105C40004DF2321001F040FF6D214DF2331001F0A2
:105C50003BFF00214FF4524001F036FF33214DF25B
:105C6000012001F031FF00214DF2022001F02CFF54
:105C700034214DF2032001F027FF00214DF20420D2
:105C800001F022FF3A214DF2052001F01DFF002115
:105C90004DF2062001F018FF4A214DF2072001F0D5
:105CA00013FF00214DF2082001F00EFF5C214DF2A0
:105CB000092001F009FF00214DF20A2001F004FF44
:105CC00081214DF20B2001F0FFFE00214DF20C204E
:105CD00001F0FAFEA6214DF20D2001F0F5FE0021A3
:105CE0004DF20E2001F0F0FEE5214DF20F2001F003
:105CF000EBFE01214DF2102001F0E6FE13214DF2E2
:105D0000112001F0E1FE01214DF2122001F0DCFE34
:105D100054214DF2132001F0D7FE01214DF2142041
:105D200001F0D2FE82214DF2152001F0CDFE0121BD
:105D30004DF2162001F0C8FECA214DF2172001F0E5
:105D4000C3FE02214DF2182001F0BEFE00214DF2EB
:105D5000192001F0B9FE02214DF21A2001F0B4FE23
:105D600001214DF21B2001F0AFFE02214DF21C205B
:105D700001F0AAFE34214DF21D2001F0A5FE022102
:105D80004DF21E2001F0A0FE67214DF21F2001F010
:105D90009BFE02214DF2202001F096FE84214DF25F
:105DA000212001F091FE02214DF2222001F08CFE13
:105DB000A4214DF2232001F087FE02214DF2242080
:105DC00001F082FEB7214DF2252001F07DFE022177
:105DD0004DF2262001F078FECF214DF2272001F070
:105DE00073FE02214DF2282001F06EFEDE214DF2FD
:105DF000292001F069FE02214DF22A2001F064FE03
:105E0000F2214DF22B2001F05FFE02214DF22C20F9
:105E100001F05AFEFE214DF22D2001F055FE032126
:105E20004DF22E2001F050FE10214DF22F2001F0F6
:105E30004BFE03214DF2302001F046FE33214DF29E
:105E4000312001F041FE03214DF2322001F03CFEF1
:105E50006D214DF2332001F037FE00214FF4534005
:105E600001F032FE33214DF2013001F02DFE002110
:105E70004DF2023001F028FE34214DF2033001F0E2
:105E800023FE00214DF2043001F01EFE3A214DF2B6
:105E9000053001F019FE00214DF2063001F014FE2C
:105EA0004A214DF2073001F00FFE00214DF208307B
:105EB00001F00AFE5C214DF2093001F005FE0021DF
:105EC0004DF20A3001F000FE81214DF20B3001F05D
:105ED000FBFD00214DF20C3001F0F6FDA6214DF244
:105EE0000D3001F0F1FD00214DF20E3001F0ECFD1E
:105EF000E5214DF20F3001F0E7FD01214DF21030A8
:105F000001F0E2FD13214DF2113001F0DDFD012120
:105F10004DF2123001F0D8FD54214DF2133001F052
:105F2000D3FD01214DF2143001F0CEFD82214DF25E
:105F3000153001F0C9FD01214DF2163001F0C4FD0C
:105F4000CA214DF2173001F0BFFD02214DF2183089
:105F500001F0BAFD00214DF2193001F0B5FD02212A
:105F60004DF21A3001F0B0FD01214DF21B3001F06D
:105F7000ABFD02214DF21C3001F0A6FD34214DF2A3
:105F80001D3001F0A1FD02214DF21E3001F09CFDFB
:105F900067214DF21F3001F097FD02214DF22030B4
:105FA00001F092FD84214DF2213001F08DFD02219E
:105FB0004DF2223001F088FDA4214DF2233001F092
:105FC00083FD02214DF2243001F07EFDB7214DF218
:105FD000253001F079FD02214DF2263001F074FDEB
:105FE000CF214DF2273001F06FFD02214DF2283014
:105FF00001F06AFDDE214DF2293001F065FD02213C
:106000004DF22A3001F060FDF2214DF22B3001F00B
:106010005BFD02214DF22C3001F056FDFE214DF2C8
:106020002D3001F051FD03214DF22E3001F04CFDD9
:1060300010214DF22F3001F047FD03214DF2303099
:1060400001F042FD33214DF2313001F03DFD0321DD
:106050004DF2323001F038FD6D214DF2333001F058
:1060600033FD00214FF4544001F02EFD33214DF259
:10607000014001F029FD00214DF2024001F024FD14
:1060800034214DF2034001F01FFD00214DF2044088
:1060900001F01AFD3A214DF2054001F015FD0021F5
:1060A0004DF2064001F010FD4A214DF2074001F08B
:1060B0000BFD00214DF2084001F006FD5C214DF280
:1060C000094001F001FD00214DF20A4001F0FCFC05
:1060D00081214DF20B4001F0F7FC00214DF20C4004
:1060E00001F0F2FCA6214DF20D4001F0EDFC002183
:1060F0004DF20E4001F0E8FCE5214DF20F4001F0B9
:10610000E3FC01214DF2104001F0DEFC13214DF2C1
:10611000114001F0D9FC01214DF2124001F0D4FCF4
:1061200054214DF2134001F0CFFC01214DF21440F7
:1061300001F0CAFC82214DF2154001F0C5FC01219D
:106140004DF2164001F0C0FCCA214DF2174001F09B
:10615000BBFC02214DF2184001F0B6FC00214DF2CB
:10616000194001F0B1FC02214DF21A4001F0ACFCE3
:1061700001214DF21B4001F0A7FC02214DF21C4011
:1061800001F0A2FC34214DF21D4001F09DFC0221E2
:106190004DF21E4001F098FC67214DF21F4001F0C6
:1061A00093FC02214DF2204001F08EFC84214DF23F
:1061B000214001F089FC02214DF2224001F084FCD3
:1061C000A4214DF2234001F07FFC02214DF2244036
:1061D00001F07AFCB7214DF2254001F075FC022157
:1061E0004DF2264001F070FCCF214DF2274001F026
:1061F0006BFC02214DF2284001F066FCDE214DF2DD
:10620000294001F061FC02214DF22A4001F05CFCC2
:10621000F2214DF22B4001F057FC02214DF22C40AF
:1062200001F052FCFE214DF22D4001F04DFC032106
:106230004DF22E4001F048FC10214DF22F4001F0AC
:1062400043FC03214DF2304001F03EFC33214DF27E
:10625000314001F039FC03214DF2324001F034FCB1
:106260006D214DF2334001F02FFC00214FF45540D9
:1062700001F02AFC33214DF2015001F025FC0021F0
:106280004DF2025001F020FC34214DF2035001F098
:106290001BFC00214DF2045001F016FC3A214DF296
:1062A000055001F011FC00214DF2065001F00CFCEC
:1062B0004A214DF2075001F007FC00214DF2085031
:1062C00001F002FC5C214DF2095001F0FDFB0021C0
:1062D0004DF20A5001F0F8FB81214DF20B5001F014
:1062E000F3FB00214DF20C5001F0EEFBA6214DF224
:1062F0000D5001F0E9FB00214DF20E5001F0E4FBDE
:10630000E5214DF20F5001F0DFFB01214DF210505D
:1063100001F0DAFB13214DF2115001F0D5FB012100
:106320004DF2125001F0D0FB54214DF2135001F008
:10633000CBFB01214DF2145001F0C6FB82214DF23E
:10634000155001F0C1FB01214DF2165001F0BCFBCC
:10635000CA214DF2175001F0B7FB02214DF218503F
:1063600001F0B2FB00214DF2195001F0ADFB02210A
:106370004DF21A5001F0A8FB01214DF21B5001F023
:10638000A3FB02214DF21C5001F09EFB34214DF283
:106390001D5001F099FB02214DF21E5001F094FBBB
:1063A00067214DF21F5001F08FFB02214DF220506A
:1063B00001F08AFB84214DF2215001F085FB02217E
:1063C0004DF2225001F080FBA4214DF2235001F048
:1063D0007BFB02214DF2245001F076FBB7214DF2F8
:1063E000255001F071FB02214DF2265001F06CFBAB
:1063F000CF214DF2275001F067FB02214DF22850CA
:1064000001F062FBDE214DF2295001F05DFB02211B
:106410004DF22A5001F058FBF2214DF22B5001F0C1
:1064200053FB02214DF22C5001F04EFBFE214DF2A8
:106430002D5001F049FB03214DF22E5001F044FB99
:1064400010214DF22F5001F03FFB03214DF230504F
:1064500001F03AFB33214DF2315001F035FB0321BD
:106460004DF2325001F030FB6D214DF2335001F00E
:106470002BFB00214FF4564001F026FB33214DF257
:10648000016001F021FB00214DF2026001F01CFBD4
:1064900034214DF2036001F017FB00214DF204603E
:1064A00001F012FB3A214DF2056001F00DFB0021D5
:1064B0004DF2066001F008FB4A214DF2076001F041
:1064C00003FB00214DF2086001F0FEFA5C214DF261
:1064D000096001F0F9FA00214DF20A6001F0F4FAC6
:1064E00081214DF20B6001F0EFFA00214DF20C60BA
:1064F00001F0EAFAA6214DF20D6001F0E5FA002163
:106500004DF20E6001F0E0FAE5214DF20F6001F06E
:10651000DBFA01214DF2106001F0D6FA13214DF2A1
:10652000116001F0D1FA01214DF2126001F0CCFAB4
:1065300054214DF2136001F0C7FA01214DF21460AD
:1065400001F0C2FA82214DF2156001F0BDFA01217D
:106550004DF2166001F0B8FACA214DF2176001F051
:10656000B3FA02214DF2186001F0AEFA00214DF2AB
:10657000196001F0A9FA02214DF21A6001F0A4FAA3
:1065800001214DF21B6001F09FFA02214DF21C60C7
:1065900001F09AFA34214DF21D6001F095FA0221C2
:1065A0004DF21E6001F090FA67214DF21F6001F07C
:1065B0008BFA02214DF2206001F086FA84214DF21F
:1065C000216001F081FA02214DF2226001F07CFA93
:1065D000A4214DF2236001F077FA02214DF22460EC
:1065E00001F072FAB7214DF2256001F06DFA022137
:1065F0004DF2266001F068FACF214DF2276001F0DC
:1066000063FA02214DF2286001F05EFADE214DF2BC
:10661000296001F059FA02214DF22A6001F054FA82
:10662000F2214DF22B6001F04FFA02214DF22C6065
:1066300001F04AFAFE214DF22D6001F045FA0321E6
:106640004DF22E6001F040FA10214DF22F6001F062
:106650003BFA03214DF2306001F036FA33214DF25E
:10666000316001F031FA03214DF2326001F02CFA71
:106670006D214DF2336001F027FA55214FF470403F
:1066800001F022FAAA214FF2010001F01DFA522175
:106690004FF2020001F018FA08214FF2030001F056
:1066A00013FA00214FF2040001F00EFACC214FF44E
:1066B000314001F009FA00214BF2011001F004FA17
:1066C00005214FF4364001F0FFF970214FF43740B7
:1066D00001F0FAF970214BF2017001F0F5F9012196
:1066E0004FF4384001F0F0F903214BF6010001F0BE
:1066F000EBF903214BF6020001F0E6F903214BF61A
:10670000030001F0E1F902214FF43C4001F0DCF913
:1067100000214BF6014001F0D7F900214BF6024071
:1067200001F0D2F9D0214FF4494001F0CDF9022116
:106730004CF6011001F0C8F950214CF6021001F09E
:10674000C3F950214CF6031001F0BEF950214CF66C
:10675000041001F0B9F900214FF4545001F0B4F9DC
:1067600055214FF4685001F0AFF94FF4885001F013
:1067700095F97820F9F735FF4FF4245001F08EF9A0
:1067800010BD10B5E22001F089F91D2001F07AF961
:10679000022001F077F9042001F074F96420F9F780
:1067A00020FFE02001F07AF9012001F06BF90A20C6
:1067B000F9F70DFFE02001F071F9032001F062F913
:1067C0000C20F9F704FF012001F068F90A20F9F71D
:1067D000FEFEE62001F062F92F2001F053F9FF20C0
:1067E00001F050F9FF2001F04DF9B02001F056F909
:1067F000202001F047F9002001F044F9032001F0C6
:1068000041F940F21F3001F03DF9012001F03AF961
:1068100040F2DF1001F036F9002001F033F9B42026
:1068200001F03CF9042001F02DF940F21F4001F085
:1068300029F9002001F026F92E2001F023F900208B
:1068400001F020F9002001F01DF9002001F01AF9F3
:10685000002001F017F9B62001F020F9022001F024
:1068600011F94FF4037001F00DF9002001F00AF95D
:10687000172001F007F9152001F004F9002001F0BC
:1068800001F9002001F0FEF8F02001F007F90320E3
:1068900001F0F8F8292001F001F9D02001F0FEF80C
:1068A000002001F0EFF8BE2001F0F8F8052001F01B
:1068B000E9F8FE2001F0E6F8012001F0E3F80020FD
:1068C00001F0E0F8002001F0DDF8002001F0DAF836
:1068D000B82001F0E3F8032001F0D4F8012001F022
:1068E000D1F8BA2001F0DAF8012001F0CBF810BDA0
:1068F00010B5112001F0D2F87820F9F768FE3620A3
:1069000001F0CCF8002001F0BDF83A2001F0C6F803
:10691000052001F0B7F8B22001F0C0F80C2001F01A
:10692000B1F80C2001F0AEF8002001F0ABF83320F4
:1069300001F0A8F8332001F0A5F8B72001F0AEF877
:10694000352001F09FF8BB2001F0A8F8322001F0BB
:1069500099F8C02001F0A2F80C2001F093F8C220B1
:1069600001F09CF8012001F08DF8C32001F096F8A9
:10697000102001F087F8C42001F090F8202001F0E9
:1069800081F8C62001F08AF80F2001F07BF8D020B2
:1069900001F084F8A42001F075F8A12001F072F84C
:1069A000E02001F07BF8D02001F06CF8002001F02D
:1069B00069F8022001F066F8072001F063F80A2068
:1069C00001F060F8282001F05DF8322001F05AF85B
:1069D000442001F057F8422001F054F8062001F05D
:1069E00051F80E2001F04EF8122001F04BF814205F
:1069F00001F048F8172001F045F8E12001F04EF8C9
:106A0000D02001F03FF8002001F03CF8022001F016
:106A100039F8072001F036F80A2001F033F8282071
:106A200001F030F8312001F02DF8542001F02AF85F
:106A3000472001F027F80E2001F024F81C2001F077
:106A400021F8172001F01EF81B2001F01BF81E2072
:106A500001F018F82A2001F021F8002001F012F8C6
:106A6000002001F00FF8002001F00CF8EF2001F0F9
:106A700009F82B2001F012F8002001F003F80020A3
:106A800001F000F8012000F0FDFF3F2000F0FAFFC8
:106A9000292001F003F810BD10B5112000F0FEFF11
:106AA0007820F9F794FD362000F0F8FF482000F038
:106AB000E9FF3A2000F0F2FF552000F0E3FFF0205C
:106AC00000F0ECFFC32000F0DDFFF02000F0E6FF57
:106AD000962000F0D7FFB42000F0E0FF012000F086
:106AE000D1FFB62000F0DAFF0A2000F0CBFFA22091
:106AF00000F0C8FFB72000F0D1FFC62000F0C2FFB1
:106B0000B92000F0CBFF022000F0BCFFE02000F035
:106B1000B9FFC02000F0C2FF802000F0B3FF1620B4
:106B200000F0B0FFC12000F0B9FF192000F0AAFF6B
:106B3000C22000F0B3FFA72000F0A4FFC52000F0A2
:106B4000ADFF162000F09EFFE82000F0A7FF4020D8
:106B500000F098FF8A2000F095FF002000F092FFDF
:106B6000002000F08FFF292000F08CFF192000F09A
:106B700089FFA52000F086FF332000F083FFE0208E
:106B800000F08CFFF02000F07DFF072000F07AFF7E
:106B90000D2000F077FF042000F074FF052000F0C6
:106BA00071FF142000F06EFF362000F06BFF5420C0
:106BB00000F068FF4C2000F065FF382000F062FF15
:106BC000132000F05FFF142000F05CFF2E2000F087
:106BD00059FF342000F056FFE12000F05FFFF02065
:106BE00000F050FF102000F04DFF142000F04AFF8D
:106BF0000E2000F047FF0C2000F044FF082000F0BA
:106C000041FF352000F03EFF442000F03BFF4C20C8
:106C100000F038FF262000F035FF102000F032FF92
:106C2000122000F02FFF2C2000F02CFF322000F06B
:106C300029FFF02000F032FF3C2000F023FFF0207D
:106C400000F02CFF692000F01DFF7820F9F7BFFC51
:106C5000212000F023FF292000F020FF10BD0000BC
:106C60002DE9F04F05460E4617469846DDF824A05C
:106C70004FF0000B781B401C1FFA80FB344613E0DA
:106C80002146284600F028FC00F014FF4FF00009D0
:106C900006E00749A1F800A009F101001FFA80F9F8
:106CA000D945F6DB601C84B24445E9DDBDE8F08FD0
:106CB0000000106000B595B000BF00BFF948006843
:106CC00040F00800F74908600846006800F0080036
:106CD000019000BF00BF00BF00BF00BF08460068B2
:106CE00040F0080008600846006800F008000190C5
:106CF00000BF00BF00BF00BF00BF0846006840F0F3
:106D0000080008600846006800F00800019000BF15
:106D100000BF00BF00BF00BF0846006840F0100081
:106D200008600846006800F01000019000BF00BF36
:106D300000BF00BF00BF0846006840F002000860C6
:106D40000846006800F00200019000BF00BF00BFCD
:106D500080201090022011900120129003201390A7
:106D60000C20149010A9D048F9F70EFC20201090A8
:106D700010A9CD48F9F708FC1020109010A9CA48B6
:106D8000F9F702FC0820109010A9C848F9F7FCFB9D
:106D9000202010900120119010A9C548F9F7F4FBAC
:106DA000C448C5490860C548486000208860002183
:106DB000C148C16001611021416100218161C1614F
:106DC00001624FF480514162002181624FF48041A1
:106DD000C1620021016341634FF4801181630F2080
:106DE000099000200A904E200B9000200F900F2059
:106DF0000290002003900F2004900020089002AA27
:106E000009A9AD48F9F7D0FE3220F9F7E0FBD3200D
:106E100000F044FE00F0EAF9A949888000F0E6F9A4
:106E2000A749888000F0E2F9A54988800846808853
:106E30004FF6FF7101EA0020A149888000F0D6F9E1
:106E40009F49898808439E4988800846808849F27E
:106E5000413188427ED0042000F020FE00F0C6F9C7
:106E60009749888000F0C2F99549888000F0BEF902
:106E700093498880084680884FF6FF7101EA002018
:106E80008F49888000F0B2F98D49898808438C4980
:106E900088800846808848F25251884203D147F2E0
:106EA0008970874988808648808847F2897188423E
:106EB000D0D0D42000F0F2FD00F098F9804988800D
:106EC00000F094F97E49888000F090F97C49888030
:106ED000084680884FF6FF7101EA002078498880D3
:106EE00000F084F976498988084375498880084606
:106EF000808845F210318842ACD0D32000F0CEFD1E
:106F000000F074F96E49888000F070F96C4988804F
:106F100000F06CF96A498880084680884FF6FF7156
:106F200001EA00206649888000F060F96449898898
:106F30000843634988800846808847F296718842F2
:106F400088D055214FF4704000F0BEFDAA214FF2C9
:106F5000010000E07CE000F0B7FD52214FF202009A
:106F600000F0B2FD08214FF2030000F0ADFD012159
:106F70004FF2040000F0A8FD4FF4454000F08EFDF4
:106F800000F034F94E498880084680884FF6FF713A
:106F900001EA00204A4988804CF2015000F07EFD51
:106FA00000F024F94649898808434549888005202E
:106FB000F9F70DFB4248808845F21051884247D0CE
:106FC000D32000F06BFD00F011F93D49888000F0FE
:106FD0000DF93B49888000F009F939498880084655
:106FE00080884FF6FF7101EA00203549888000F063
:106FF000FDF83349898808433149888008468088EC
:1070000049F60601884223D0A12000F047FD00F098
:10701000EDF82B49888000F0E9F829498880084676
:1070200080884FF6FF7101EA00202549888000F032
:10703000DDF82349898808432149888008468088EB
:1070400045F26171884203D141F663101C49888082
:107050001B4881881BA0F8F7E5FF1948808847F294
:107060008971884202D1FFF743FC4EE014488088C2
:1070700049F24131884202D1FDF7D6F945E0104886
:10708000808845F21031884202D1FDF783FC3CE054
:107090000B48808847F29671884219D1FFF7FCFCB3
:1070A00033E00000E0440258000C0258001002587F
:1070B0000004025800400052AC0300240441005276
:1070C000F80300244C43442049443A25780D0A0033
:1070D0004048808845F21051884202D1FEF7D3FB28
:1070E00013E03C48808849F60601884202D1FDF74A
:1070F000B1FA0AE03748808841F66311884204D12A
:10710000FFF73FFB642000F095FC3248808847F28F
:107110008971884205D02F48808847F2967188424D
:107120000AD10520029004902B49CB6A8A684868EE
:1071300002A9F9F72DFB3DE02648808849F241314C
:1071400088420AD10420029004902349CB6A8A68BD
:10715000486802A9F9F71CFB2CE01E48808841F61C
:10716000631188420BD01B48808845F21031884259
:1071700005D01848808845F2105188420AD1022073
:10718000029004901449CB6A8A68486802A9F9F70A
:10719000FFFA0FE00F48808849F60601884209D1BE
:1071A0000320029004900C49CB6A8A68486802A9BF
:1071B000F9F7EEFA0020FCF7FFFF00BF01222021C3
:1071C0000648F9F7FFF900BF4FF6FF70FCF7DAFF4A
:1071D00015B000BDF8030024AC03002400040258DD
:1071E00000BF011EA0F10100FBD1704708B50220CD
:1071F000FFF7F6FF024800880090BDF8000008BDC8
:10720000000010602DE9F04105460E4600240027DD
:10721000A04621480088A84203DD1F484088B042AC
:1072200002DC0020BDE8F0813146284600F054F928
:107230001948808845F21051884204D14FF43850E3
:1072400000F02CFC02E02E2000F028FCFFF7CEFF1F
:1072500004461148808841F66311884201D12046D6
:10726000E0E7FFF7C3FF04460B48808847F29671BA
:10727000884201D12046D5E7FFF7B8FF8046E7B244
:107280004FF6FF7000EA0727E012C002B91240EA89
:10729000411040EAE820C5E7F8030024F0B50546B0
:1072A000002400278B488079012805D189488088EF
:1072B00041F66311884208D186488079F0B9854843
:1072C000808841F66311884218D1082D15D2DFE875
:1072D00005F00406080A0C0E101206250DE007251D
:1072E0000BE0042509E0052507E0012505E0002560
:1072F00003E0032501E0022500BF00BF082D1CD2DA
:10730000DFE805F00406090C0F12151800BF14E0A1
:1073100044F0800411E044F040040EE044F0C00466
:107320000BE044F0200408E044F0600405E044F081
:10733000A00402E044F0E00400BF00BF3627654827
:10734000808845F21051884200D13F026148808810
:1073500049F2413188420BD05E48808847F28971FA
:10736000884205D05B48808847F29671884201D1F7
:1073700044F008042146384600F0A6FB55488088B2
:1073800041F6631188421DD004F0200068B15148D5
:10739000008850494988884214DA4E480688408857
:1073A0004C490880084646800CE04A480088494914
:1073B0004988884206DD4748068840884549088054
:1073C000084646804348808845F21051884252D191
:1073D0004049488900F062FB002000F053FB3D4922
:1073E0004989491C88B200F059FB002000F04AFB93
:1073F00038494989891C88B200F050FB3549098811
:10740000491EC1F30F2000F03DFB32494989C91CD8
:1074100088B200F043FB2F490978491EC8B200F03A
:1074200031FB2C49888900F039FB002000F02AFB51
:1074300028498989491C88B200F030FB002000F0FF
:1074400021FB24498989891C88B200F027FB214946
:107450004988491EC1F30F2000F014FB1D4989899A
:10746000C91C88B200F01AFB1A498978491EC8B2B3
:1074700000F008FB2DE01749488900F00FFB0020C1
:1074800000F000FB002000F0FDFA12490988491EB7
:10749000C1F30F2000F0F6FA0E490978491EC8B270
:1074A00000F0F0FA0B49888900F0F8FA002000F0AB
:1074B000E9FA002000F0E6FA06494988491EC1F3BE
:1074C0000F2000F0DFFA03498978491EC8B200F0A6
:1074D000D9FAF0BDF803002410B502460C46454821
:1074E000808841F66311884247D142488079A8B923
:1074F00040480088401E801A82B23E49488900F008
:10750000CDFA002000F0BEFA002000F0BBFA101205
:1075100000F0B8FAD0B200F0B5FA16E03549488963
:1075200000F0BCFA101200F0ADFAD0B200F0AAFAE6
:1075300030490988491EC1F30F2000F0A3FA2D49F4
:107540000978491EC8B200F09DFA2A49888900F0DE
:10755000A5FA201200F096FAE0B200F093FA25495D
:107560004988491EC1F30F2000F08CFA214989781F
:10757000491EC8B200F086FA3AE01E48808845F2FB
:107580001051884220D11B49488900F087FA101217
:1075900000F078FA17494989491C88B200F07EFA50
:1075A000D0B200F06FFA1349888900F077FA201200
:1075B00000F068FA0F498989491C88B200F06EFA18
:1075C000E0B200F05FFA13E00A49488900F066FA79
:1075D000101200F057FAD0B200F054FA0549888929
:1075E00000F05CFA201200F04DFAE0B200F04AFA26
:1075F00010BD0000F80300242DE9F04104460D46BB
:107600001E46A018401E87B2A819401E1FFA80F817
:107610005448808841F66311884231D151488079BD
:1076200001282DD04F480088801A001B84B2A81969
:10763000401E86B24B49488900F030FA201200F013
:1076400021FAE0B200F01EFAA118491EC1F30F2082
:1076500000F018FAA118491EC8B200F013FA414907
:10766000888900F01BFA281200F00CFAE8B200F04A
:1076700009FA301200F006FAF0B200F003FA6EE0F8
:107680003848808845F21051884246D135494889AA
:1076900000F004FA201200F0F5F932494989491C3A
:1076A00088B200F0FBF9E0B200F0ECF92D4949890D
:1076B000891C88B200F0F2F9381200F0E3F9294988
:1076C0004989C91C88B200F0E9F9F8B200F0DAF98A
:1076D0002449888900F0E2F9281200F0D3F9214901
:1076E0008989491C88B200F0D9F9E8B200F0CAF9DA
:1076F0001C498989891C88B200F0D0F94FEA2820FA
:1077000000F0C0F917498989C91C88B200F0C6F990
:1077100008F0FF0000F0B6F921E01249488900F0B6
:10772000BDF9201200F0AEF9E0B200F0ABF938126A
:1077300000F0A8F9F8B200F0A5F90A49888900F02C
:10774000ADF9281200F09EF9E8B200F09BF94FEA7B
:10775000282000F097F908F0FF0000F093F9BDE849
:10776000F0810000F80300242DE9FC4F80460E460E
:1077700015461C46B3460020019000902046E317B2
:1077800004EB5373DB1021464FEAE47C04EB5C7C92
:107790004FEAEC0CA4EBCC0CBCF1000F02D04FF084
:1077A000010C01E04FF0000C6344224604EBD27C54
:1077B0004FEA6C0C03FB0CF3DBB20193A5F1200044
:1077C000C5B20C2C06D0102C0BD0182C0ED0202CAF
:1077D00018D112E005EB45002D4901EB8000009027
:1077E00012E02C4800EB051000900DE005EBC50001
:1077F000294901EB8000009006E0284800EBC51005
:10780000009001E0BDE8FC8F00BF00273AE000983F
:1078100010F807904FF0000A2EE009F0800028B120
:10782000314640460C9AFCF7EFFD07E00B9828B96B
:107830001B48314602684046FCF7E6FD4FEA4960C6
:107840004FEA1069701C86B216484088B04200DCCE
:10785000D8E7A6EB0B00A0420AD15E4608F1010072
:107860001FFA80F80F480088404500DCCAE706E0B0
:107870000AF1010000F0FF0ABAF1080FCDDB00BFEA
:10788000781CC7B201988742C1DB00BFBAE700008D
:10789000909C009004A10090F4A6009050B4009039
:1078A0005C000024F803002470B58CB04FF6FF7024
:1078B000364908604FF6E07035A110221346CDE935
:1078C00000210290C8221021084600F07DF83448BB
:1078D00090ED000ADFED330A20EE200ABDEEC00A6B
:1078E00010EE104A002C0EDA6442642094FBF0F192
:1078F00000FB114594FBF0F62B4632462AA104A862
:10790000F8F79CFB0CE0642094FBF0F100FB1145C0
:1079100094FBF0F62B46324627A104A8F8F78EFB1D
:107920004FF4FC6004A910221346CDE90021029017
:10793000C8222221102000F047F84FF4FC6004A96F
:1079400010221346CDE900210290C82222211020E6
:1079500000F03AF84FF4FC6004A910221346CDE978
:1079600000210290C8223421102000F02DF84FF49D
:10797000FC6004A910221346CDE900210290C82220
:107980004621102000F020F80CB070BD5C000024EF
:1079900053696D706C652050697463680000000065
:1079A000180000240000C842503A2D256C642E2592
:1079B00030326C6400000000503A20256C642E25A3
:1079C00030326C64000000002DE9FC4F04460D4687
:1079D00090469946DDE90C7A0B9E04F0FF0B08EB0C
:1079E00004001FFA80F809EB05001FFA80F917E080
:1079F000444502DB5C46A81985B24D4500DB15E025
:107A00000020CDE9000A3A78334629462046FFF7A0
:107A1000ABFE304606EBD07104EB61018CB27F1CEB
:107A200038787E2802DC38782028E1DA00BFBDE80B
:107A3000FC8F000000B50246BE2000F02FF80520A4
:107A400000F020F800EE102AB8EE400B9FED0B1B63
:107A500020EE010BBCEEC00B10EE101A88B200F045
:107A600011F8012000F00EF8FF2000F00BF80020C4
:107A700000F008F8002000F005F800BD66666666B4
:107A80006666044001B5BDF800000090BDF8000036
:107A90000149088008BD00000000106001B5BDF874
:107AA00000000090BDF800000149088008BD0000FA
:107AB000FEFF0F60024800890249088070470000FD
:107AC000F8030024FEFF0F60024A1080921C118010
:107AD00070470000FEFF0F6000B587B000BF00BF19
:107AE0002148006840F010001F49086008460068FF
:107AF00000F01000019000BF00BF00BF00BF00BF3A
:107B00000846006840F0100008600846006800F071
:107B10001000019000BF00BF00BF20200290012094
:107B2000039002200490059002A91048F8F72CFD5C
:107B3000402002900120039002200490059002A9A9
:107B40000A48F8F721FD00BF012220210748F8F775
:107B500039FD00BF00BF012240210448F8F732FD83
:107B600000BF07B000BD0000E044025800100258FA
:107B70001FB5012000220323CDE9012000930390CB
:107B8000134602461021400700F04FF80120002262
:107B90000323CDE901200093039013460222122112
:107BA000480600F042F8012000220323CDE901201D
:107BB00000930390134603221221100700F035F8BA
:107BC000012000220323CDE90120009303901346F6
:107BD00004220F214FF0605000F027F8002003230B
:107BE000CDE90030029003460522192103904FF0A1
:107BF000C04000F01AF8012000220323CDE9012043
:107C000000930390134606221921500700F00DF847
:107C100000200323CDE900300290012307221B211D
:107C20000390C80700F001F81FBD2DE9FF5F04466F
:107C30000D4616461F46DDE910ABDDE90E89F8F763
:107C40000CFD01208DF80000F0B28DF801000194C8
:107C5000E8B28DF8080000208DF809008DF80A00C0
:107C60008DF80B808DF80C708DF80D908DF80EA0AE
:107C70008DF80FB06846F8F7F5FC0420F8F7F7FC2C
:107C8000002004B0BDE8F09F70B50446042C03DA70
:107C9000C4F10400C5B201E0201FC5B2032143F2C4
:107CA000122000F0D4FB2807010E45F2875000F0A7
:107CB000CEFB042C05DA092145F2885000F0C7FB01
:107CC00004E0012145F2885000F0C1FB132143F28A
:107CD000122000F0BCFBA32143F2122000F0B7FBFE
:107CE00070BD000070B50546032143F2122000F07C
:107CF000AEFB1C2145F2813000F0A9FB5A2145F270
:107D0000823000F0A4FB062145F2833000F09FFB97
:107D100000240CE005EB4502104B03EB4202115D21
:107D200045F28432A01800F092FB601CC4B2062C0D
:107D3000F0DB982145F28B3000F089FB012145F200
:107D40008A3000F084FB132143F2122000F07FFB05
:107D5000A32143F2122000F07AFB70BD9FF800903F
:107D600070B5044600252026072C1AD2DFE804F05F
:107D700004080C191013160014200546064610E0DE
:107D80001820054606460CE01C200546064608E07D
:107D90001025242605E01825282602E01C252C267F
:107DA00000BF00BF032143F2122000F050FB294620
:107DB00045F2855000F04BFB314645F2865000F00D
:107DC00046FB132143F2122000F041FBA32143F2B2
:107DD000122000F03CFB70BD10B50446032143F2B5
:107DE000122000F034FB04EB4400224A12F8101079
:107DF00043F60F2000F02BFB04EB44001D4A02EB7E
:107E00004000417843F6102000F021FB04EB4400D1
:107E1000184A02EB4000817843F61B2000F017FB64
:107E200004EB4400134A02EB4000C17843F61E20E5
:107E300000F00DFB04EB44000E4A02EB4000017918
:107E400043F6112000F003FB04EB4400094A02EB67
:107E50004000417943F61F2000F0F9FA132143F264
:107E6000122000F0F4FAA32143F2122000F0EFFAFE
:107E700010BD000052F8009010B50446022143F2F4
:107E8000160000F0E4FA022143F21C0000F0DFFAD1
:107E90002CB1022143F2190000F0D9FA04E00021CC
:107EA00043F2190000F0D3FA10BD70B5002500248C
:107EB000012143F2230000F0CAFA082143F2220014
:107EC00000F0C5FA00BF43F2230000F003FA0546B4
:107ED000601C84B2B4F57A7F01DD022070BD0520FC
:107EE000F8F775FB002DEED1012143F2230000F0DD
:107EF000AEFA042143F2220000F0A9FA002400BFE8
:107F000043F2230000F0E6F90546601C84B2B4F5A4
:107F10007A7F01DD0220E1E70520F8F758FB002D0C
:107F2000EED10020DAE7000070B54FF400458F264F
:107F300020214FF4405000F08AFA002408E027483E
:107F4000015D284600F083FA681C85B2601C84B28B
:107F500040F6ED708442F2D3002143F2220000F09B
:107F600076FA002143F2230000F071FA002143F277
:107F7000240000F06CFA002143F2250000F067FABB
:107F8000002143F2260000F062FA002143F22700AC
:107F900000F05DFA002143F2280000F058FA7F213A
:107FA00043F2290000F053FA00214FF4405000F052
:107FB0004EFA002400BF43F2290000F08BF9064678
:107FC0000520F8F704FB601C84B2B4F57A7F01DD6C
:107FD000012070BD702EEED10020FAE7D0E30090B2
:107FE00070B50025032143F2220000F030FA11E0C1
:107FF000681C85B243F2290000F06CF90446102C8D
:1080000000D108E00520F8F7E2FAB5F57A7F01DD46
:10801000012070BDECE700BF0020FAE72DE9F05F1A
:1080200004460D469046994626462F4604EB080026
:10803000401E1FFA80FA05EB0900401E1FFA80FB64
:10804000032143F2122000F002FA31124FF4605083
:1080500000F0FDF9F1B243F6010000F0F8F9391231
:1080600043F6020000F0F3F9F9B243F6030000F022
:10807000EEF94FEA2A2143F6040000F0E8F90AF08D
:10808000FF0143F6050000F0E2F94FEA2B2143F629
:10809000060000F0DCF90BF0FF0143F6070000F0EA
:1080A000D6F9132143F2122000F0D1F9A32143F2B3
:1080B000122000F0CCF90020BDE8F09F30B587B069
:1080C000002400BF00BF4B48006840F0040049494D
:1080D00008600846006800F00400019000BF00BF7F
:1080E00000BF00BF00BF0846006840F00100086004
:1080F0000846006800F00100019000BF00BF00BF0B
:10810000102002900120039004900320059002A902
:108110003948F8F739FA8020029001200390049042
:108120000320059002A93548F8F72EFA00BF002277
:1081300080213248F8F746FA00BF1420F8F747FAD2
:1081400000BF002210212C48F8F73CFA00BF0520A0
:10815000F8F73DFA00BF012280212848F8F732FAEB
:1081600000BF1420F8F733FA00F008FB0520F8F7F9
:108170002EFA43F20A0000F0ADF805464FF6FF7004
:1081800000EA052543F20B0000F0A4F8054345F290
:108190004060854206D0294619A0F7F743FF012029
:1081A00007B030BD112143F2031000F050F98221D5
:1081B00043F2080000F04BF90A20F8F708FA00240F
:1081C0000AE0114A02EB840291780F4A32F8240047
:1081D00000F03DF9601C84B2CF2CF2D30120FFF7F0
:1081E0004BFE3220F8F7F3F90020FFF745FE0020A0
:1081F000D6E70000E0440258000802580000025888
:1082000049443A25640D0A0016F5009070B50546FC
:10821000032143F2122000F01AF900240AE0C5EB12
:10822000C5020B4B1A44115D04F5505000F00FF9D4
:10823000601CC4B2072CF2DB132143F2122000F0C1
:1082400006F9A32143F2122000F001F970BD0000ED
:108250007CF800902DE9F04104460D4616461F4675
:10826000032143F2122000F0F2F8311243F6080025
:1082700000F0EDF8F1B243F6090000F0E8F8391229
:1082800043F60A0000F0E3F8F9B243F60B0000F001
:10829000DEF8211243F6100000F0D9F8E1B243F6FF
:1082A000110000F0D4F8291243F6120000F0CFF8C4
:1082B000E9B243F6130000F0CAF8132143F212208A
:1082C00000F0C5F8A32143F2122000F0C0F800200E
:1082D000BDE8F08170B50446002500F031FB782040
:1082E00000F0DAFA201200F0D7FAE0B200F0D4FA87
:1082F00000F04EFB00F024FB792000F0CDFA00F0F6
:10830000A1FA054600F07EFA00F042FB284670BD57
:1083100010B5002400BF0AE0064A02EB84029178FF
:10832000044A32F8240000F092F8601C84B22D2C2C
:10833000F2D310BD62F4009010B50446212C0ADA85
:10834000652145F2083000F082F8214645F20230FE
:1083500000F07DF82CE0252145F2083000F077F898
:1083600008214FF4A64000F072F8302145F20130A8
:1083700000F06DF8102145F2023000F068F800219D
:1083800045F2033000F063F8082145F2093000F0AF
:108390005EF8302145F20A3000F059F8042145F228
:1083A0000B3000F054F8062145F20C3000F04FF885
:1083B00010BD000010B50446032143F2122000F066
:1083C00046F804EB4400144A115C4FF4AB4000F053
:1083D0003EF804EB4400104A1044417845F28350C3
:1083E00000F035F804EB44000B4A1044817845F264
:1083F000845000F02CF8082145F2030000F027F823
:10840000132143F2122000F022F8A32143F212209C
:1084100000F01DF810BD0000C9F8009010B504462A
:108420002CB9002145F23D0000F011F80EE0012CBE
:1084300005D1802145F23D0000F009F806E0022C4C
:1084400004D1822145F23D0000F001F810BD70B565
:1084500004460D46002600F073FA782000F01CFA5E
:1084600000B10126201200F017FA00B10126E0B297
:1084700000F012FA00B10126284600F00DFA00B112
:10848000012600F085FA304670BD01460868704745
:108490002DED028B8AB09FED960AB0EE408A002641
:1084A000012700254FF6FF70FBF76CFE4FF4784074
:1084B00090A110221346CDE900210290C82232215A
:1084C0001E20FFF781FA4FF478408CA1102213464A
:1084D000CDE900210290C82246211E20FFF774FA40
:1084E0004FF478408AA110221346CDE90021029072
:1084F000C82264211E20FFF767FA4FF4784088A154
:1085000010221346CDE900210290C822A0211E208E
:10851000FFF75AFAFFF7FCFEFFF706FD0020FFF712
:10852000B3FB0320FFF7DEFB0420FFF7ADFB0320C6
:10853000FFF716FC2120FFF7FFFEFFF7B6FCFBF765
:1085400033FB00207B030122014600907A48FBF7B1
:10855000E3F97A484088B0F5487F11DB77494988CC
:10856000A1F5487000EBD071C1F34F01744A11803E
:108570004FF44875512143F23500FFF768FF04E0DE
:1085800000206F4908806D4845886D4800886D4916
:1085900008806A4802882B4600210420FFF75AFE13
:1085A000FBF75AFC0020FBF7EDFDF9F729FD9DE0F4
:1085B0000020FBF7A5FD0446002C7FD0012C01D044
:1085C000FBF7D0FC012C02D0022C5FD10FE0701C15
:1085D000C6B2062E00DB00263046FFF7EBFE5A48F7
:1085E00050F8262059A106A8F7F728FD4EE00FB94C
:1085F000012000E000200746DFBB00EE105AB8EE75
:10860000400ADFED530A80EE801AB0EE418A00EE98
:10861000105AF8EE400A9FED4E0A08EE600AF0EE9E
:10862000000A80EE201ABCEEC10A10EE100A1FFAF2
:1086300080F84248008800EE100AF8EE400A9FEDEC
:10864000450A08EE600AF0EE000A80EE201ABCEE41
:10865000C10A10EE100A1FFA80F9384802882B462A
:1086600041464846FFF7F6FD3BA106A8F7F7E6FCB2
:108670000BE0FFE7314802882B4600210420FFF77A
:10868000E9FD39A106A8F7F7D9FC00BF00BF012C0E
:1086900014D04FF4784006A910221346CDE90021EA
:1086A0000290D22232211E20FFF78EF94FF448703B
:1086B000F7F78DFF00E001E0FBF7CEFBFBF752FC84
:1086C0001E4802882B46002103A8F8F708F91B482A
:1086D00001882A4603A8F8F7B1FFFBF7BDFB03A802
:1086E000F9F7BEFC0A20F7F772FF00BF60E7000051
:1086F0000000000053544D33320000004F56353611
:10870000343020524742353635204D6F64650000C5
:108710004B4559303A436F6E7472617374000000B8
:10872000574B5F55503A46756C6C53697A652F53B9
:1087300063616C650000000000001060F803002415
:108740000C0000240A0000242800002425730000E7
:10875000000048440000A04446756C6C2053697AC0
:108760006520313A310000005363616C6500000000
:1087700010B50520F7F735FF10BD000000B587B034
:1087800000BF00BF1D48006840F002001B490860A0
:108790000846006800F00200019000BF00BF00BF63
:1087A00000BF00BF0846006840F0020008600846AD
:1087B000006800F00200019000BF00BF00BF4FF44E
:1087C0008060029011200390012004900320059006
:1087D00002A90B48F7F7D8FE4FF400600290112071
:1087E0000390012004900320059002A90448F7F7A4
:1087F000CBFE00F0CDF807B000BD0000E044025809
:108800000004025810B500BF0122D1020C48F7F74E
:10881000D9FE00BFFFF7ACFF00BF0122910208485C
:10882000F7F7D0FE00BFFFF7A3FF00BF00224FF411
:1088300080610348F7F7C6FE00BFFFF799FF10BD40
:108840000004025870B5002400251EE06006040EE6
:1088500000BF012291020F48F7F7B4FE00BFFFF7F7
:1088600087FF4FF400610B48F7F7B6FE08B1601CB4
:10887000C4B200BF00224FF480610648F7F7A2FEA1
:1088800000BFFFF775FF681CC5B2082DDEDB204670
:1088900070BD00000004025870B50446002626E0B2
:1088A00000BFE00928B10122D1022448F7F78AFE6F
:1088B00005E000224FF400612048F7F783FE00BF77
:1088C000FFF756FF00BF012291021C48F7F77AFE1E
:1088D00000BFFFF74DFF00BF00224FF48061174833
:1088E000F7F770FE00BF6006040E701CC6B2082EBB
:1088F000D6DB00BF0122D1021048F7F763FE00BFAC
:10890000FFF736FF00BF012291020C48F7F75AFE2D
:1089100000BFFFF72DFF4FF400610848F7F75CFE3A
:1089200008B1012500E0002500BF00224FF480615E
:108930000248F7F747FE00BF284670BD0004025802
:1089400010B500BF0122D1021048F7F73BFE00BF6F
:1089500000BF012291020D48F7F734FE00BFFFF778
:1089600007FF00BF00224FF400610848F7F72AFE16
:1089700000BFFFF7FDFE00BF00224FF480610348F7
:10898000F7F720FE00BFFFF7F3FE10BD000402580A
:1089900010B500BF00224FF400610C48F7F712FE3B
:1089A00000BFFFF7E5FE00BF012291020748F7F77D
:1089B00009FE00BFFFF7DCFE00BF0122D102034821
:1089C000F7F700FE00BFFFF7D3FE10BD000402580A
:1089D00010B586B0044600BF3148006840F400205E
:1089E0002F4908600846006800F40020009000BF8E
:1089F00000BF00BF00BF2A480838006840F00100EF
:108A00002749083908600846006800F00100009016
:108A100000BF00BF00BF00BF00BF0846006840F0B5
:108A2000010008600846006800F00100009000BFE7
:108A300000BF00BF4FF4805001900220029001203F
:108A40000390032004900620059001A91548F7F72C
:108A50009BFD4FF4006001900220029001200390E2
:108A6000032004900620059001A90E48F7F78CFD1D
:108A70000D480E4908600846446000218160C160CD
:108A8000016181610C2141610021C161016241628A
:108A90000020064988620846F8F704FD06B010BDBC
:108AA000E844025800000258004C00401C05002415
:108AB00030B595B0054613AB12AA09A9284600F0B7
:108AC0003FFA044614B1204615B030BD0020149082
:108AD00026E0224909689DF8502001EBC20113AB42
:108AE00011AA486801A900F02BFA04460CB12046EF
:108AF000EAE709A901A800F0AFFC60B99DF84400BD
:108B00009DF84810884201DD0220DDE79DF8500005
:108B1000124988750AE09DF85000401CC0B21490BC
:108B20000E48007D9DF850108842D2DC00BF0B48F3
:108B3000007D9DF85010884201D10420C4E714A99B
:108B4000284600F0DDFA04460CB12046BCE79DF84B
:108B50005000024948750020B6E700005C0100247F
:108B60002DE9F0419AB09C48847D007DA04202DC52
:108B70001AB0BDE8F0819849096801EBC40106AB61
:108B800007AA486808A900F0DBF908A993A0F7F73D
:108B900049FA002644E09048008B0121B14008408A
:108BA000D8B122218FA0F7F73DFA304600F042FB02
:108BB00089492431471839468BA0F7F733FA222127
:108BC00088A0F7F72FFA304600F034FB82492431B1
:108BD000084410A941F8260018E0304600F02AFBAE
:108BE0007D492431085810A941F826007A48C07DF3
:108BF00030B910A850F826107CA0F7F713FA05E05A
:108C000010A850F826107AA0F7F70CFA9DF81C006F
:108C1000401EB04202D078A0F7F704FA701CC6B22A
:108C20009DF81C008642B6DB74A0F7F7FBF901F053
:108C300007F86948407D0B280DD2DFE800F0060DEB
:108C4000151E27323F4E5F7287006349096851F84D
:108C500034008047054690E05F4A126852F83410AD
:108C600010988847054688E05B4B1B6853F8342012
:108C7000DDE91001904705467FE0574F3F6857F800
:108C8000343010A807C89847054676E0DFF848C199
:108C9000DCF800C05CF8347010A80FC8B84705466F
:108CA0006BE01498DFF830C10090DCF800C05CF88D
:108CB000347010A80FC8B84705465EE0DDE914011E
:108CC000DFF814C1CDE90001DCF800C05CF83470B5
:108CD00010A80FC8B84705464FE0DDE914121698F2
:108CE000DFF8F4C0CDE900120290DCF800C05CF8B7
:108CF000347010A80FC8B84705463EE0DDE91423DC
:108D0000DDE91610DFF8D0C0CDE90023CDE902106F
:108D1000DCF800C05CF8347010A80FC8B8470546EE
:108D20002BE0DDE91523DDE91710CDE90123CDE9BD
:108D300003101498DFF8A0C00090DCF800C05CF8C5
:108D4000347010A80FC8B847054616E0DDE91623B1
:108D5000DDE91810CDE90223CDE90410DDE91401A5
:108D6000DFF874C0CDE90001DCF800C05CF83470B5
:108D700010A80FC8B847054600BF00BF00F00EFF9F
:108D80009DF8180001280CD11348C07D20B9294650
:108D90001BA0F7F747F907E029461BA0F7F742F9B0
:108DA00002E018A0F7F73EF90B4890F8EC0088B104
:108DB0000948D0F8F0000A21B0FBF1F201FB1207DC
:108DC0000548D0F8F000B0FBF1F83A46414611A052
:108DD000F7F728F900BFCBE65C0100240D0A2573E4
:108DE000280000002563000025730000256C640046
:108DF00030582558000000002C0000002900000019
:108E00003D256C753B0D0A003D305825583B0D0A39
:108E10000000000046756E6374696F6E2052756EB7
:108E20002054696D653A25642E2531646D730D0AF1
:108E300000000000F0B50346154600200022002681
:108E400000245BE01F782C2F01D104B901221F7888
:108E5000292F01D01F780FB904B950E0002E3AD164
:108E60001F78302F02DB1F78392F17DD1F782D2F49
:108E700014D01F782B2F11D01F78612F02DB1F78A1
:108E8000662F0BDD1F78412F02DB1F78462F05DD93
:108E90001F78582F02D01F78782F0CD102B12EE006
:108EA0001F78612F03DB1F78203F0F7001E01F78D0
:108EB0000F70491C1FE01F78222F04D102B11EE061
:108EC0000126012417E01F78202F14D01F782C2FA3
:108ED00011D0FF2613E01F78222F00D1002402B109
:108EE0000DE044B11F785C2F02D15B1C471CF8B227
:108EF0001F780F70491C471CF8B25B1CA2E700BF2B
:108F000000270F702E70F0BD10B5044600201070C1
:108F10000BE020780870641C491C1078401C10700D
:108F20001078984201DB012010BD2078202802D063
:108F300020780028EDD10020087000BFF4E7000081
:108F40002DE9FF4F85B08046894600270020049018
:108F50000390012002904FF0000B002544461DE0D5
:108F60002078202816D005F07F00052812DA0DB9E8
:108F700045F0800505F07F00042803D120782A28D9
:108F800000D00EE0207805F07F010DF80100681C8C
:108F9000C5B202E0852D00D103E0641C20780028D2
:108FA000DED100BF8DB1002005F07F010DF801007A
:108FB00051A1684600F050FA18B9002108980170D4
:108FC00002E001210898017000254FF0000A444694
:108FD00014E0641C0AF1010000F0FF0A2078202848
:108FE00002D020782A2809D1204600F0A7F90646A9
:108FF000282E03D02A2E01D0CDF810A020782828C2
:1090000002D020780028E4D14446049810B1049896
:10901000401C04444FF0000A002654E0207810B9A8
:109020004FF0010A50E02078282803D116B9781CA7
:10903000C7B213E02078292808D13EB917B1781EAD
:10904000C7B201E04FF0010A47B93DE0207822287D
:1090500004D10EB9012000E00020064647B920786F
:1090600020282FD0207889F8000009F1010929E093
:1090700020782C2804D101200290681CC5B214E08D
:109080002078202811D0207828280ED04DB9BBF1A7
:10909000050F06DA20780DF80B000BF1010000F047
:1090A000FF0B0298401CC0B20290012F0AD1029817
:1090B000022807D10298401CC0B202900398401CBD
:1090C000C0B20390641CA9E700BF0398012809D12E
:1090D00000200DF80B0008A1684600F0BDF908B9A2
:1090E00000200390079903980870002089F8000079
:1090F000504609B0BDE8F08F766F6964000000004B
:109100002DE9F043B5B005460F460024002604E0E3
:1091100000213D488155701CC6B20A2EF8DB06E0DE
:109120006D1C287818B9012035B0BDE8F083287887
:109130002828F5D16D1C61E034AA69462846FFF75E
:1091400079FE064635449DF8D00020B1012827D08D
:10915000FF284CD149E09DF8000000B333A96846D0
:1091600000F0F7F806460EB10220DDE7204600F0D9
:1091700061F825490A31339A0A50A1F12400008B85
:109180000121A140884320491A39088304211E483F
:109190000155601CC4B20A2C01DD0320C4E726E09F
:1091A000684600F075F9401C00F0FF08204600F00A
:1091B00041F815490A3100EB01094946684600F0BB
:1091C0005CF911481A38018B0120A040014388B294
:1091D0000D491A3908830C4800F80480601CC4B299
:1091E0000A2C01DD03209FE701E002209CE700BF7D
:1091F0002878292801D0287800B900E09CE700BF32
:109200003C70002090E70000760100240020074A0F
:10921000128802F400423AB1044A11780022044B49
:109220005A541846014B1A80704700004800002429
:109230005002002402460020002105E0044B5B5C44
:109240000344D8B24B1CD9B29142F7DB70470000FF
:109250007601002410B5044604EBC40000EB0410B2
:109260000122C2EB800081B24FF47A7000F0B8FCAA
:1092700001200149C87510BD5C01002410B50246EB
:10928000012000E050430B1EA1F10104E1B2F9D12D
:1092900010BD000070B50026FFF7B8FF064606B9FE
:1092A00070BD174881683046884704461CB9144988
:1092B000C868804721E0304600F0F6F80546012DE9
:1092C00000D02C46CCB1012C06D0022C08D0032CA7
:1092D0000AD0042C10D10BE00AA0F6F7A3FE0BE095
:1092E0000BA0F6F79FFE07E00CA0F6F79BFE03E04D
:1092F0000DA0F6F797FE00BF00BF00BFD0E700004B
:109300005C010024BAAFCAFDB4EDCEF3210D0A0012
:10931000B2CECAFDB4EDCEF3210D0A00B2CECAFD25
:10932000CCABB6E0210D0A00CEB4D5D2B5BDC6A5F2
:10933000C5E4B5C4BAAFCAFD210D0A000146491CF7
:1093400000E0491C0878202801D10029F9D10878CB
:1093500070472DE9F04F05460F4600264FF00A09E9
:10936000B3462C460020386034E02078392802DCEF
:109370002078302811DA28782D2802D028782B2858
:1093800000D156B12078462802DC2078412804DA42
:109390002078582817D1012E15D12078412801DBDB
:1093A0004FF0100928782D2803D14FF0020B6D1CC7
:1093B0000FE028782B2803D14FF0010B6D1C08E03B
:1093C000701CC6B205E0207800B904E00120BDE8B9
:1093D000F08F641CC9E700BF2C46B9F1100F0FD104
:1093E000032E01DA0220F2E72078302806D16078D7
:1093F000582803D1A41CB01EC6B204E00320E6E73F
:109400000EB90420E3E71BE00EB1701EC6B220784F
:10941000392806DC2078302803DB2078A0F1300AD8
:1094200002E02078A0F1370A31464846FFF726FFD0
:1094300039680AFB00103860641C207800B900E02D
:10944000E2E700BFBBF1020F04D13868C0F10008A9
:10945000C7F800800020BAE702460AE010780B78CF
:10946000984201D001207047107800B902E0521CE8
:10947000491CF3E700BF0020F5E706E002780A7018
:10948000027802B902E0401C491CF7E700BF7047B0
:109490000146002005E00A7802B903E0421CD0B280
:1094A000491CF8E700BF704710B58CB004461E2376
:1094B0000BAA03A92046FFF727FD0090009810B1E2
:1094C00001200CB010BD9DF82C00044400200B902E
:1094D0000EE040489DF82C2050F8221003A8FFF71A
:1094E000BBFF00B908E09DF82C00401CC0B20B90F7
:1094F0009DF82C000728ECD300BF9DF82C0007280E
:1095000063D2DFE800F004053C5E6564630000BFE1
:1095100031A0F6F787FD31A0F6F784FD3FA0F6F7FE
:1095200081FD4EA0F6F77EFD5CA0F6F77BFD6BA0FB
:10953000F6F778FD79A0F6F775FD87A0F6F772FDCE
:109540008CA0F6F76FFD94A0F6F76CFD98A0F6F7E7
:1095500069FD9DA0F6F766FDA2A0F6F763FDA8A041
:10956000F6F760FDB4A0F6F75DFDC1A0F6F75AFD71
:10957000CCA0F6F757FDD8A0F6F754FDA2E216A04E
:10958000F6F750FDE4A0F6F74DFD00200B900EE03D
:10959000F14800689DF82C2000EBC2004168EFA064
:1095A000F6F740FD9DF82C00401CC0B20B90EA4835
:1095B000007D9DF82C108842EADC07A0F6F732FD0A
:1095C00080E205A0F6F72EFDCCE179E24DE221E242
:1095D000F4E10000900000240D0A00002D2D2D2D37
:1095E0002D2D2D2D2D2D2D2D2D2D2D2D2D2D2D2DAB
:1095F0002D2D2D2D55534D4152542056332E352DA2
:109600002D2D2D2D2D2D2D2D2D2D2D2D2D2D2D2D8A
:109610002D2D2D2D2D2D2D200D0A00002020202058
:1096200055534D415254CAC7D3C9414C49454E5474
:10963000454BBFAAB7A2B5C4D2BBB8F6C1E9C7C9EA
:10964000B5C4B4AEBFDAB5F7CAD4BBA5BDBBD7E9C4
:10965000BCFE2CCDA8B9FD200D0A0000CBFC2CC40B
:10966000E3BFC9D2D4CDA8B9FDB4AEBFDAD6FACA29
:10967000D6B5F7D3C3B3CCD0F2C0EFC3E6B5C4C8F8
:10968000CEBACEBAAFCAFD2CB2A2D6B4D0D02ED2AA
:10969000F2B4CB2CC4E3BFC90D0A0000D2D4CBE690
:1096A000D2E2B8FCB8C4BAAFCAFDB5C4CAE4C8EBCC
:1096B000B2CECAFD28D6A7B3D6CAFDD7D628313038
:1096C0002F3136BDF8D6C62CD6A7B3D6B8BACAFD48
:1096D00029A1A2D7D6B7FBB4AE0D0A00A1A2BAAF9A
:1096E000CAFDC8EBBFDAB5D8D6B7B5C8D7F7CEAA8A
:1096F000B2CECAFD292CB5A5B8F6BAAFCAFDD7EED1
:10970000B6E0D6A7B3D63130B8F6CAE4C8EBB2CECD
:10971000CAFD2CB2A2D6A7B3D60D0A00BAAFCAFDB5
:10972000B7B5BBD8D6B5CFD4CABE2ED6A7B3D6B29E
:10973000CECAFDCFD4CABEBDF8D6C6C9E8D6C3B915
:10974000A6C4DC2CD6A7B3D6BDF8D6C6D7AABBBB59
:10975000B9A6C4DC2E0D0A00BCBCCAF5D6A7B3D688
:109760003A7777772E6F70656E6564762E636F6DCE
:109770000D0A000055534D415254D3D037B8F6CF9F
:10978000B5CDB3C3FCC1EE28B1D8D0EBD0A1D0B4D5
:10979000293A0D0A000000003F3A20202020202016
:1097A000BBF1C8A1B0EFD6FAD0C5CFA20D0A000018
:1097B00068656C703A202020BBF1C8A1B0EFD6FAE2
:1097C000D0C5CFA20D0A00006C6973743A20202026
:1097D000BFC9D3C3B5C4BAAFCAFDC1D0B1ED0D0A7C
:1097E0000A00000069643A2020202020BFC9D3C3AA
:1097F000BAAFCAFDB5C44944C1D0B1ED0D0A0A00E3
:109800006865783A20202020B2CECAFD3136BDF8F6
:10981000D6C6CFD4CABE2CBAF3B8FABFD5B8F12B8E
:10982000CAFDD7D6BCB4D6B4D0D0BDF8D6C6D7AA58
:10983000BBBB0D0A0A0000006465633A20202020AB
:10984000B2CECAFD3130BDF8D6C6CFD4CABE2CBA0E
:10985000F3B8FABFD5B8F12BCAFDD7D6BCB4D6B48D
:10986000D0D0BDF8D6C6D7AABBBB0D0A0A000000EF
:1098700072756E74696D653A312CBFAAC6F4BAAFC1
:10988000CAFDD4CBD0D0BCC6CAB13B302CB9D8B1FC
:10989000D5BAAFCAFDD4CBD0D0BCC6CAB13B0D0A35
:1098A0000A000000C7EBB0B4D5D5B3CCD0F2B1E01C
:1098B000D0B4B8F1CABDCAE4C8EBBAAFCAFDC3FBA5
:1098C000BCB0B2CECAFDB2A2D2D4BBD8B3B5BCFC38
:1098D000BDE1CAF82E0D0A002D2D2D2D2D2D2D2D7B
:1098E0002D2D2D2D2D2D2D2D2D2D2D2D2D2D2D2DA8
:1098F0002D2DD5FDB5E3D4ADD7D32D2D2D2D2D2D6B
:109900002D2D2D2D2D2D2D2D2D2D2D2D2D2D2D2D87
:109910002D2D2D200D0A00002D2D2D2D2D2D2D2D21
:109920002D2D2D2D2D2D2D2D2D2D2D2D2D2D2D2D67
:109930002DBAAFCAFDC7E5B5A52D2D2D2D2D2D2D89
:109940002D2D2D2D2D2D2D2D2D2D2D2D2D2D2D2D47
:109950002D2D2D2D200D0A005C01002425730D0AEC
:109960000000000059A0F6F75DFB00200B901AE004
:10997000664909689DF82C2001EBC20101AB02AADF
:10998000486803A9FFF7DCFA604800689DF82C10CE
:1099900050F8312003A95EA0F6F744FB9DF82C0097
:1099A000401CC0B20B905948007D9DF82C10884295
:1099B000DEDCAFF2DC30F6F735FB83E0AFF2E83007
:1099C000F6F730FB0BAA03A92046FFF733FA9DF800
:1099D0002C00C8B9694603A8FFF7BBFC0B909DF8A3
:1099E0002C0020B94FA00099F6F71CFB0EE09DF863
:1099F0002C00042801D0022063E54DA0F6F712FBED
:109A000001204249C87501E002205AE547A0F6F757
:109A100009FB57E045A0F6F705FB0BAA03A9204672
:109A2000FFF708FA9DF82C00C8B9694603A8FFF7AC
:109A300090FC0B909DF82C0020B942A00099F6F7FD
:109A4000F1FA0EE09DF82C00042801D0022038E540
:109A50003FA0F6F7E7FA00202C49C87501E0022084
:109A60002FE532A0F6F7DEFA2CE030A0F6F7DAFAAE
:109A70000BAA03A92046FFF7DDF99DF82C00C8B911
:109A8000694603A8FFF765FC0B909DF82C0078B998
:109A90001E49009881F8EC00084690F8EC0018B1D7
:109AA00030A0F6F7BFFA07E035A0F6F7BBFA03E0FF
:109AB000022006E5022004E51CA0F6F7B3FA01E057
:109AC0000120FEE400BF0020FBE400002D2D2D2D21
:109AD0002D2D2D2D2D2D2D2D2D2D2D2D2D2D2D2DB6
:109AE0002D2D2D2D2DBAAFCAFD204944202D2D2D11
:109AF0002D2D2D2D2D2D2D2D2D2D2D2D2D2D2D2D96
:109B00002D2D2D2D2D2D2D2D200D0A005C01002435
:109B100025732069642069733A0D0A30582530385E
:109B2000580D0A004845583A305825580D0A00008B
:109B30003136BDF8D6C6B2CECAFDCFD4CABE210DCD
:109B40000A0000004445433A256C750D0A000000E8
:109B50003130BDF8D6C6B2CECAFDCFD4CABE210DB3
:109B60000A00000052756E2054696D652043616CD7
:109B700063756C6174696F6E204F4E0D0A000000B2
:109B800052756E2054696D652043616C63756C611C
:109B900074696F6E204F46460D0A00000E4800683B
:109BA000006900F0010040B10C48D0F8F0004FF619
:109BB000FF7108440949C1F8F0000848D0F8F000E6
:109BC00005490968496A08440449C1F8F000084693
:109BD000D0F8F00070470000300600245C0100243B
:109BE00038B504460D4600BF00BF1248006840F07B
:109BF0000400104908600846006800F00400009066
:109C000000BF00BF00BF0C480C4908600846456013
:109C100000218160C4600161F7F74DF80748F7F74C
:109C2000A5F8032211461E20F6F7B3FC1E20F6F716
:109C3000B5FC38BDE8440258000800403006002456
:109C40006FF0010009490968086100BF000C07496D
:109C50000968C86201460548C16000BF0020034989
:109C6000096848620249C1F8F000704730060024D4
:109C70005C0100240160704701000200040006003E
:109C800008000A000C0010002000400080000001C5
:109C900000000000000000000000000000000000C4
:109CA0003F40000000000000000030004000300095
:109CB0004000000009000BC03D000BC03D00090042
:109CC00018C024407FE0224031800000180024C0EA
:109CD0001B000D803240018003801C4027401C8007
:109CE000074000401000600000000000000000007D
:109CF0000000000000001F802040402000004020A5
:109D000020401F8000000000090006001F800600A0
:109D100009000000040004003F800400040000006B
:109D200000100060000000000000000004000400BB
:109D300004000400040000000000004000000000D7
:109D400000000000002001C00600380040000000B4
:109D50001F802040204020401F8000000000104055
:109D60003FC000400000000018C0214022402440B5
:109D70001840000010802040244024401B80000038
:109D800002000D0011003FC0014000003C80244053
:109D900024402440238000001F802440244034407D
:109DA000038000003000200027C0380020000000A1
:109DB0001B802440244024401B8000001C0022C043
:109DC000224022401F8000000000000008400000E8
:109DD000000000000000000004600000000000001F
:109DE000000004000A001100208040400900090022
:109DF0000900090009000000000040402080110017
:109E00000A0004001800200023402400180000006D
:109E10001F802040274029401F400000004007C00D
:109E200039000F0001C0004020403FC024402440C2
:109E30001B8000001F802040204020403080000018
:109E400020403FC0204020401F80000020403FC0F5
:109E500024402E4030C0000020403FC024402E004F
:109E6000300000000F0010802040224033800200AC
:109E700020403FC0040004003FC02040204020405C
:109E80003FC02040204000000060202020203FC034
:109E90002000200020403FC024400B0030C0204064
:109EA00020403FC020400040004000C03FC03C0078
:109EB00003C03C003FC0000020403FC00C402300D6
:109EC0003FC020001F802040204020401F80000015
:109ED00020403FC024402400180000001F80214083
:109EE000214020E01FA0000020403FC02440260069
:109EF00019C0004018C02440244022403180000096
:109F0000300020403FC020403000000020003F8053
:109F1000004000403F80200020003E0001C00700BC
:109F200038002000380007C03C0007C0380000009F
:109F3000204039C0060039C02040000020003840D1
:109F400007C0384020000000304021C02640384083
:109F500020C00000000000007FE040204020000002
:109F6000000070000C000380004000000000402052
:109F700040207FE0000000000000200040002000A2
:109F80000000000000100010001000100010001071
:109F900000000000400000000000000000000280FF
:109FA0000540054003C0004020003FC0044004407D
:109FB00003800000000003800440044006400000CD
:109FC00000000380044024403FC0004000000380A4
:109FD0000540054003400000000004401FC024402D
:109FE00024402000000002E00550055006500420E7
:109FF00020403FC00440040003C000400000044073
:10A0000027C000400000000000100010041027E0EE
:10A010000000000020403FC00140070004C0044091
:10A02000204020403FC000400040000007C0040026
:10A0300007C0040003C00000044007C0044004003F
:10A0400003C000400000038004400440038000007F
:10A05000041007F004500440038000000000038057
:10A060000440045007F00010044007C00240040000
:10A0700004000000000006400540054004C0000048
:10A08000000004001F80044000400000040007801E
:10A090000040044007C000400400070004C00180E5
:10A0A00006000400060001C0070001C00600000011
:10A0B000044006C0010006C0044000000410071060
:10A0C00004E00180060004000000044005C00640D2
:10A0D000044000000000000004007BE0402000007D
:10A0E000000000000000FFF0000000000000402021
:10A0F0007BE00400000000004000800040002000E1
:10A1000020004000000000000000000000000000EF
:10A11000000000000000000000001FCC000C000048
:10A12000000000000000080030006000080030005F
:10A1300060000000022003FC1E20022003FC1E2001
:10A140000220000000000E1811043FFF10840C785C
:10A15000000000000F0010840F3800C0077818843A
:10A160000078000000780F8410C411240E9800E4D9
:10A170000084000808006800700000000000000073
:10A180000000000000000000000007E01818200494
:10A1900040020000000040022004181807E0000000
:10A1A000000000000240024001800FF001800240E8
:10A1B000024000000080008000800FF800800080D6
:10A1C000008000000001000D000E000000000000F3
:10A1D00000000000000000800080008000800080FF
:10A1E000008000800000000C000C00000000000057
:10A1F000000000000000000600180060018006005A
:10A2000018002000000007F00808100410040808D7
:10A2100007F000000000080408041FFC000400040C
:10A220000000000000000E0C1014102410441184D3
:10A230000E0C000000000C18100411041104128808
:10A240000C700000000000E00320042408241FFC20
:10A250000024000000001F981084110411041088CD
:10A2600010700000000007F008881104110418881D
:10A270000070000000001C00100010FC13001C0007
:10A280001000000000000E381144108410841144A6
:10A290000E38000000000700088C104410440888A5
:10A2A00007F00000000000000000030C030C000099
:10A2B0000000000000000000000101060000000096
:10A2C0000000000000000080014002200410080887
:10A2D000100400000220022002200220022002209E
:10A2E00002200000000010040808041002200140B1
:10A2F0000080000000000E001200100C106C108096
:10A300000F00000003E00C1813E4142417C40828FD
:10A3100007D000000004003C03C41C40074000E4D8
:10A32000001C000410041FFC1104110411040E8809
:10A330000070000003E00C18100410041004100852
:10A340001C10000010041FFC100410041004080866
:10A3500007F0000010041FFC1104110417C41004BE
:10A360000818000010041FFC1104110017C0100091
:10A370000800000003E00C181004100410441C78BE
:10A380000040000010041FFC108400800080108436
:10A390001FFC10040000100410041FFC1004100423
:10A3A0000000000000030001100110011FFE10005A
:10A3B0001000000010041FFC110403801464181C1A
:10A3C0001004000010041FFC10040004000400042A
:10A3D000000C000010041FFC1F0000FC1F001FFCED
:10A3E0001004000010041FFC0C04030000E010180F
:10A3F0001FFC100007F008081004100410040808DF
:10A4000007F0000010041FFC1084108010801080E2
:10A410000F00000007F0081810241024101C080A70
:10A4200007F2000010041FFC1104110011C01130CC
:10A430000E0C000400000E1C110410841084104443
:10A440001C3800001800100010041FFC100410003D
:10A450001800000010001FF810040004000410048D
:10A460001FF8100010001E0011E0001C0070138087
:10A470001C0010001FC0103C00E01F0000E0103C5A
:10A480001FC000001004180C163401C001C016349F
:10A49000180C100410001C00130400FC13041C0012
:10A4A000100000000804101C1064108413041C0425
:10A4B000101800000000000000007FFE4002400273
:10A4C00040020000000030000C0003800060001C0F
:10A4D0000003000000004002400240027FFE000036
:10A4E000000000000000000020004000400040008C
:10A4F0002000000000010001000100010001000136
:10A5000000010001000040004000200000000000A9
:10A5100000000000000000980124014401440144AF
:10A5200000FC000410001FFC0088010401040088E6
:10A5300000700000000000700088010401040104A4
:10A540000088000000000070008801040104110868
:10A550001FFC0004000000F80144014401440144D0
:10A5600000C800000000010401040FFC11041104E4
:10A5700011001800000000D601290129012901C994
:10A580000106000010041FFC00840100010001040A
:10A5900000FC000400000104190419FC000400047C
:10A5A000000000000000000300010101190119FE74
:10A5B0000000000010041FFC0024004001B4010C46
:10A5C000010400000000100410041FFC000400043B
:10A5D00000000000010401FC0104010001FC010471
:10A5E000010000FC010401FC0084010001000104E1
:10A5F00000FC0004000000F801040104010401044F
:10A6000000F80000010101FF008501040104008839
:10A6100000700000000000700088010401040105C2
:10A6200001FF00010104010401FC00840104010098
:10A6300001800000000000CC012401240124012439
:10A640000198000000000100010007F80104010466
:10A6500000000000010001F80004000400040108EB
:10A6600001FC0004010001800170000C0010016079
:10A670000180010001F0010C003001C00030010C2C
:10A6800001F0010000000104018C00740170018CD4
:10A6900001040000010101810171000E0018016038
:10A6A0000180010000000184010C01340144018497
:10A6B000010C0000000000000000000001003EFC52
:10A6C000400240020000000000000000FFFF000008
:10A6D000000000000000400240023EFC01000000BB
:10A6E000000000000000600080008000400040008A
:10A6F000200020000000000000000000000000001A
:10A700000000000000000000000000000000000049
:10A710000000000000000000000000000000000039
:10A72000000000000000000F80380FFE380F803856
:10A730000000000000000000000000000000000019
:10A7400000000100000600000C000038000031008D
:10A75000000600000C00003800003000000000007F
:10A760000000000061800067F807F9800061800048
:10A7700061800061800061800067F807F9800061F6
:10A780008000000000000000000001C0E003E0F0D5
:10A790000630080418081FFFFE040E080787F003A0
:10A7A00081E000000000000001F000060C0004043D
:10A7B00008060C7001F9C0000E00003BE000EC1828
:10A7C000070808040C180003E00000000001E00086
:10A7D00007F003F818041C0804170807E1D003C0A9
:10A7E000E00023B0003C080020080000100000003A
:10A7F0000000000100003100003200001C000000D9
:10A800000000000000000000000000000000000048
:10A810000000000000000000000000000000000038
:10A82000000000007F0001FFC00780F00C0018103E
:10A8300000042000020000000000002000021000C0
:10A84000040C00180780F001FFC0007F000000002A
:10A8500000000000000000000000000000000000F8
:10A860004200006600006600003C0000180003FF84
:10A87000C0001800003C00006600006600004200B6
:10A8800000000000080000080000080000080000A8
:10A89000080001FFC00008000008000008000008D0
:10A8A000000008000000000000010000310000323C
:10A8B00000001C000000000000000000000000007C
:10A8C0000000000000000000000000000800000878
:10A8D0000000080000080000080000080000080050
:10A8E0000008000008000008000000000000000050
:10A8F00000000000380000380000380000000000B0
:10A900000000000000000000000000000000000047
:10A9100000000000000600001C0000700001800024
:10A920000E0000380000C0000700001C00003000CE
:10A9300000000000000000007F8001FFE003807045
:10A9400006001804000804000806001803807001BF
:10A95000FFE0007F80000000000000000000010018
:10A960000801000801000803FFF807FFF8000008CD
:10A9700000000800000800000000000000000001C6
:10A98000C03802C0580400980401180402180404D6
:10A9900018061C1803F81801E0F800000000000079
:10A9A00000000001C0E003C0F0040008040808042F
:10A9B000080806180803F41801E7F00001E0000099
:10A9C00000000000000000000300000D0000110066
:10A9D00000610000810803010807FFF80FFFF8007D
:10A9E00001080001080000000000000000E007FC72
:10A9F000D0060808061008061008061008061838C1
:10AA0000060FF00607C00000000000000000000074
:10AA10003F8001FFE003843002081804100804108E
:10AA200008041008071810030FF00007C00000000A
:10AA300000000000000003C0000700000600000640
:10AA400000F80607F806180006E0000700000600F8
:10AA50000000000000000001E1E003F7F006341000
:10AA6000041808041808040C08040C080616180337
:10AA7000F3F001C1E000000000000000F80003FC5A
:10AA80003003063804020804020804020804041013
:10AA90000308F001FFC0007F00000000000000007C
:10AAA000000000000000000000000000703800708E
:10AAB00038007038000000000000000000000000B6
:10AAC0000000000000000000000000000000000086
:10AAD000301A00301C0000000000000000000000E0
:10AAE000000000000000000000000008000014004A
:10AAF000002200004100008080010040020020048C
:10AB000000100800080000000000000021000021E3
:10AB10000000210000210000210000210000210090
:10AB200000210000210000210000000000000000C2
:10AB3000000008000804001002002001004000800E
:10AB40008000410000220000140000080000000006
:10AB500000000003C00004C0000400000800380822
:10AB60000F380808380810000C300007E00003C058
:10AB700000000000000000003F8000FFE003807044
:10AB8000020F1006708804C088048308047F8802BE
:10AB9000C09003012000FE400000080000180001E2
:10ABA000F8003E0801C20007020007E20000FE00B4
:10ABB000001FC80001F80000380000080400080762
:10ABC000FFF807FFF8040808040808040808040848
:10ABD0000806180803F41801E7F00001E00000007F
:10ABE000000000003F8001FFE003807002001804B5
:10ABF0000008040008040008040010060020078074
:10AC0000C000000004000807FFF807FFF804000870
:10AC100004000804000804001802001003807001FA
:10AC2000FFE0007F8000000004000807FFF807FF36
:10AC3000F8040808040808040808040808043E0882
:10AC40000400080600180100600000000400080766
:10AC5000FFF807FFF80408080408000408000408C7
:10AC600000043E0006000006000001800000000015
:10AC7000000000003F8001FFE00380700600180420
:10AC800000080402080402080203F00783F000022F
:10AC90000000020004000807FFF807FFF804080896
:10ACA0000008000008000008000008000408080769
:10ACB000FFF807FFF804000800000000000004008F
:10ACC0000804000804000807FFF807FFF80400085C
:10ACD000040008040008000000000000000000005C
:10ACE0000006000007000001040001040001040048
:10ACF0000307FFFE07FFFC0400000400000400003F
:10AD000004000807FFF807FFF8040C08001800000B
:10AD10003E0004C7800503C80600F804003804009C
:10AD20001800000804000807FFF807FFF8040008EF
:10AD300000000800000800000800000800000800EB
:10AD4000001800006000000004000807FFF80780FA
:10AD50000807FC00007FC00003F80007C00078006F
:10AD600007800807FFF807FFF80400080400080739
:10AD7000FFF807000803C00000E000003800001ED4
:10AD8000000007000001C00400F007FFF804000005
:10AD9000000000007F8001FFE003807006001804BF
:10ADA000000804000806001803003001FFE0007FDF
:10ADB0008000000004000807FFF807FFF8040408FB
:10ADC000040400040400040400040400060C00034E
:10ADD000F80001F000000000000000007F8001FF8B
:10ADE000E00380700600880400880400C806003C68
:10ADF00003003E01FFE6007F840000000400080716
:10AE0000FFF807FFF8040808040800040C00040F0A
:10AE100000040BC00610F003F03801E00800000841
:10AE200000000001E0F803F03006301004180804B8
:10AE30001808040C08040C080206180207F0078121
:10AE4000E000000001800006000004000004000093
:10AE500004000807FFF807FFF804000804000004D6
:10AE6000000006000001800004000007FFE007FF6B
:10AE7000F0040018000008000008000008000008A6
:10AE800000000804001007FFE004000004000006B2
:10AE9000000007E00007FE00041FE00001F80000CA
:10AEA000380001E0043E0007C00006000004000076
:10AEB00004000007E00007FFC0041FF80007C007F8
:10AEC000F80007FF80043FF80007C004F8000700FF
:10AED0000004000000000004000806001807C07805
:10AEE00005F1C8003E00001F800463E80780F806F3
:10AEF000001804000800000004000006000007809D
:10AF00000007E008047C08001FF80007F800180894
:10AF100004E0080700000600000400000000000133
:10AF200000080600380400F80403E8040F08047C55
:10AF30000805F00807C008070018040060000000BA
:10AF40000000000000000000000000000000003FC2
:10AF5000FFFE20000220000220000220000220004C
:10AF600002000000000000000000080000070000D0
:10AF700000C0000038000006000001C000003000E2
:10AF8000000E000001000000000000000000200092
:10AF9000022000022000022000022000023FFFFEEB
:10AFA00000000000000000000000000000000000A1
:10AFB0000000000000080000100000300000200029
:10AFC0000030000010000008000000000000000039
:10AFD000000001000001000001000001000001006C
:10AFE000000100000100000100000100000100005C
:10AFF000010000010000000000000000002000002F
:10B000002000001000001000000000000000000000
:10B0100000000000000000000000000000F0001927
:10B02000F8001B180022080026080024080024103D
:10B03000003FF8001FF8000008000018000000049E
:10B04000000007FFF80FFFF000181800100800209C
:10B0500008002008003018001FF0000FC00000009A
:10B060000000000007C0001FF0001830002008009A
:10B070002008002008003C08001C100000600000B0
:10B08000000000000000000007C0001FF00038189A
:10B0900000200800200800200804101007FFF80F07
:10B0A000FFF000001000000000000000000000079A
:10B0B000C0001FF0001230002218002208002208F1
:10B0C000003208001E10000E2000000000000000EA
:10B0D000200000200800200801FFF803FFF80620E8
:10B0E00008042008042008072000030000000000D6
:10B0F00000000000000E000E6E001FF30031B100D2
:10B1000020B10020B1003191001F13002E1E00203D
:10B110000E00300000000004000807FFF80FFFF8E1
:10B12000001008002000002000002008003FF80068
:10B130001FF80000080000000000000000000020D0
:10B1400008002008002008063FF8063FF800000825
:10B1500000000800000800000000000000000000DF
:10B160000000000003000003002001002001002077
:10B1700003063FFE063FFC00000000000000000048
:10B1800000000004000807FFF80FFFF80001880026
:10B190000300002FC00038F800203800200800000D
:10B1A000080000000000000000000400080400087F
:10B1B00004000807FFF80FFFF8000008000008006F
:10B1C0000008000000000000002008003FF8003FD9
:10B1D000F8001008002000003FF8003FF8001008B9
:10B1E000002000003FF8003FF800000800000000C9
:10B1F0002008003FF8003FF8001008001000002071
:10B2000000002008003FF8001FF8000008000000C0
:10B210000000000007C0000FF000183000300800E8
:10B220002008002008003008001830000FF0000748
:10B23000C0000000000000002001003FFF003FFFB1
:10B2400000101100200900200800200800303800FC
:10B250001FF0000FC00000000000000007C0001F2A
:10B26000F000381800200800200800200900101104
:10B27000001FFF003FFF0000010000000020080049
:10B280002008002008003FF8003FF80008080010E0
:10B2900008002008002000003000003000000000FE
:10B2A000000000000000000C78001E1800330800A9
:10B2B00023080021080021880021980030F0003880
:10B2C00060000000000000002000002000002000BE
:10B2D00000FFF003FFF8002008002008002008000D
:10B2E0000030000000000000000000002000003FCF
:10B2F000F0007FF80000180000080000080020108F
:10B30000003FF8007FF00000100000000000000087
:10B310002000003000003C00003F800023F00000CF
:10B3200078000070002380003C0000300000200006
:10B33000002000003C00003FE00023F80000E00097
:10B340002700003E00003FE00021F80001E0003E41
:10B35000000020000000000020080020080038380D
:10B36000003E680027800003C8002CF80038380031
:10B37000201800200800000000000000200000301D
:10B3800003003C01003F830023EC00007000238099
:10B39000003C000020000020000000000000000031
:10B3A00000000038080020380020F80023E8002FB3
:10B3B00088003E08003808002018000070000000D7
:10B3C000000000000000000000000000000000007D
:10B3D00008000014001FF7FC3000062000020000E7
:10B3E000000000000000000000000000000000005D
:10B3F000000000000000FFFFFF0000000000000050
:10B40000000000000000000000000000000020001C
:10B41000023000061FF7FC001400000800000000C6
:10B420000000000000000000000000000000001804
:10B4300000006000004000004000002000001000FC
:10B44000000800000400000400000C0000100000D0
:10B4500000000000000000000000000000000000EC
:10B4600000000000000000000000000000000000DC
:10B4700000000000000000000000000000000000CC
:10B4800000000000000000000000000000000000BC
:10B4900000000000000000000000000000000000AC
:10B4A000000000000000000000000000000000009C
:10B4B000000000000000000000000000000000008C
:10B4C000000000000000000000000000000000007C
:10B4D000000000000000000000000000000000006C
:10B4E000000000000000000007F000C007FFE1E0DE
:10B4F00007F001E0000000C00000000000000000B4
:10B50000000000000000000000000000000000003B
:10B51000000000000000000000000000000000002B
:10B52000000000000000000000000000000000001B
:10B53000000000000000000000000000000000000B
:10B5400000000000000000000000000000000000FB
:10B5500000000000000000000020000001C000000A
:10B56000078000001F0000001E0000001C200000DB
:10B5700001C00000078000001F0000001E00000046
:10B580001C0000000000000000000000000000009F
:10B5900000000000000000000000000000000000AB
:10B5A000000000000000000000000000000000009B
:10B5B000000000000000000000000000000000008B
:10B5C000000000000000000000000000000000007B
:10B5D0000000000000180C0000180C0000180FE01C
:10B5E000001FFC0003F80C0000180C0000180C00F1
:10B5F00000180C0000180C0000180FE0001FFC00E1
:10B6000003F80C0000180C0000180C0000000000EB
:10B61000000000000000000000000000000000002A
:10B62000000000000000000000000000000000001A
:10B63000000000000000000000000000000000000A
:10B6400000000000000000000000000000000000FA
:10B65000000000000000000000000780007807C024
:10B6600000FC0640010E002003070020020380209A
:10B670000FFFFFFC0201C0200200E06001307040BB
:10B6800001F03F8000F01F000000000000000000FB
:10B6900000000000000000000000000000000000AA
:10B6A000000000000000000000000000000000009A
:10B6B000000000000000000000000000000000008A
:10B6C000000000000000000000000000000000007A
:10B6D00000FE000001FF0000030180000200806006
:10B6E000030181C001FF070000FE18000000E00018
:10B6F0000003BF00000CFFC00071806001C100208A
:10B70000030180600000FFC000003F000000000057
:10B710000000000000000000000000000000000029
:10B720000000000000000000000000000000000019
:10B730000000000000000000000000000000000009
:10B7400000000000000000000000000000000000F9
:10B7500000001F0000007FC000FCC0C001FF80602F
:10B760000303E0200202782002061E2003FC0740AB
:10B7700001F00380000103C000011C600001E02013
:10B7800000010020000100400000018000000000D6
:10B7900000000000000000000000000000000000A9
:10B7A0000000000000000000000000000000000099
:10B7B0000000000000000000000000000000000089
:10B7C0000000000000000000000000000000000079
:10B7D00000000000002000001C6000001C40000071
:10B7E0001F8000000F0000000000000000000000AB
:10B7F0000000000000000000000000000000000049
:10B800000000000000000000000000000000000038
:10B810000000000000000000000000000000000028
:10B820000000000000000000000000000000000018
:10B830000000000000000000000000000000000008
:10B8400000000000000000000000000000000000F8
:10B8500000000000000000000000000000000000E8
:10B860000000000000000000000000000007F800D9
:10B87000003FFF00007807C001C000E00300003077
:10B88000040000080800000410000002000000008E
:10B8900000000000000000000000000000000000A8
:10B8A0000000000000000000000000000000000098
:10B8B0000000000000000000000000000000000088
:10B8C0000000000000000000000000000000000078
:10B8D000000000001000000208000004040000083E
:10B8E0000300003001C000E0007807C0003FFF0007
:10B8F0000007F80000000000000000000000000049
:10B900000000000000000000000000000000000037
:10B910000000000000000000000000000000000027
:10B920000000000000000000000000000000000017
:10B930000000000000000000000000000000000007
:10B9400000000000000000000000000000000000F7
:10B950000000000000000000000C1800000E38007D
:10B96000000E3800000630000003600000614380D4
:10B9700000FFFF800061430000036000000630000C
:10B98000000E3800000E3800000C18000000000007
:10B9900000000000000000000000000000000000A7
:10B9A0000000000000000000000000000000000097
:10B9B0000000000000000000000000000000000087
:10B9C0000000000000000000000000000000000077
:10B9D0000000000000000000000080000000800067
:10B9E0000000800000008000000080000000800057
:10B9F000007FFF0000008000000080000000800049
:10BA000000008000000080000000800000000000B6
:10BA10000000000000000000000000000000000026
:10BA20000000000000000000000000000000000016
:10BA30000000000000000000000000000000000006
:10BA400000000000000000000000000000000000F6
:10BA50000000000000000001000000E3000000E220
:10BA6000000000FC00000078000000000000000062
:10BA700000000000000000000000000000000000C6
:10BA800000000000000000000000000000000000B6
:10BA900000000000000000000000000000000000A6
:10BAA0000000000000000000000000000000000096
:10BAB0000000000000000000000000000000000086
:10BAC0000000000000000000000000000000000076
:10BAD00000000000000080000000800000008000E6
:10BAE0000000800000008000000080000000800056
:10BAF0000000800000008000000080000000800046
:10BB000000008000000080000000800000000000B5
:10BB10000000000000000000000000000000000025
:10BB20000000000000000000000000000000000015
:10BB30000000000000000000000000000000000005
:10BB400000000000000000000000000000000000F5
:10BB50000000000000000000000000C0000001E044
:10BB6000000001E0000000C0000000000000000034
:10BB700000000000000000000000000000000000C5
:10BB800000000000000000000000000000000000B5
:10BB900000000000000000000000000000000000A5
:10BBA0000000000000000000000000000000000095
:10BBB0000000000000000000000000000000000085
:10BBC0000000000000000000000000000000000075
:10BBD000000000000000000C00000038000000E041
:10BBE0000000038000000E00000038000000E000AC
:10BBF00000038000000E00000038000000E000009C
:10BC0000038000000E00000018000000000000008B
:10BC10000000000000000000000000000000000024
:10BC20000000000000000000000000000000000014
:10BC30000000000000000000000000000000000004
:10BC400000000000000000000000000000000000F4
:10BC50000000000000000000000FF800007FFF005F
:10BC600000F00780018000C0030000600200002097
:10BC7000020000200200002003000060018000C0DC
:10BC800000E00380007FFF00000FF80000000000CC
:10BC900000000000000000000000000000000000A4
:10BCA0000000000000000000000000000000000094
:10BCB0000000000000000000000000000000000084
:10BCC0000000000000000000000000000000000074
:10BCD00000000000000000000000000000800020C4
:10BCE00000800020008000200080006001FFFFE055
:10BCF00003FFFFE0000000600000002000000020C3
:10BD00000000002000000000000000000000000013
:10BD10000000000000000000000000000000000023
:10BD20000000000000000000000000000000000013
:10BD30000000000000000000000000000000000003
:10BD400000000000000000000000000000000000F3
:10BD50000000000000000000007800E00098016092
:10BD6000010002600200046002000860020010602E
:10BD700002002060020040600300806001830060D8
:10BD800001FE00E0007C07800000000000000000D1
:10BD900000000000000000000000000000000000A3
:10BDA0000000000000000000000000000000000093
:10BDB0000000000000000000000000000000000083
:10BDC0000000000000000000000000000000000073
:10BDD000000000000000000000F0078001F007C034
:10BDE00001000040020000200201002002010020AA
:10BDF00002010020030380200186804001FCC0C0B6
:10BE000000787F8000001E0000000000000000009D
:10BE10000000000000000000000000000000000022
:10BE20000000000000000000000000000000000012
:10BE30000000000000000000000000000000000002
:10BE400000000000000000000000000000000000F2
:10BE5000000000000000080000003800000048005A
:10BE60000001880000060800000C081000300810CF
:10BE70000040081001FFFFF003FFFFF003FFFFF099
:10BE8000000008100000081000000810000000006A
:10BE900000000000000000000000000000000000A2
:10BEA0000000000000000000000000000000000092
:10BEB0000000000000000000000000000000000082
:10BEC0000000000000000000000000000000000072
:10BED000000000000000000000000780001F8640F6
:10BEE00003E10020030200200304002003040020DB
:10BEF000030400200304002003060040030301C0E4
:10BF00000301FF8003007E0000000000000000002D
:10BF10000000000000000000000000000000000021
:10BF20000000000000000000000000000000000011
:10BF30000000000000000000000000000000000001
:10BF400000000000000000000000000000000000F1
:10BF500000000000000000000007FC00003FFF00A0
:10BF60000070C380008180C00101006003020020D6
:10BF70000202002002020020020200200203004010
:10BF800001C180C000C0FF8000007E0000000000F2
:10BF900000000000000000000000000000000000A1
:10BFA0000000000000000000000000000000000091
:10BFB0000000000000000000000000000000000081
:10BFC0000000000000000000000000000000000071
:10BFD000000000000000000000F0000003C00000AE
:10BFE0000380000003000000030007E003003FE0BF
:10BFF0000301C000030600000318000003600000F6
:10C0000003800000030000000000000000000000AA
:10C010000000000000000000000000000000000020
:10C020000000000000000000000000000000000010
:10C030000000000000000000000000000000000000
:10C0400000000000000000000000000000000000F0
:10C050000000000000001F0000783F8000FC60C06E
:10C06000018EC040030780200203002002018020CF
:10C07000020180200201C0200301E040018670C05F
:10C0800000FC3F8000781F0000000000000000005E
:10C0900000000000000000000000000000000000A0
:10C0A0000000000000000000000000000000000090
:10C0B0000000000000000000000000000000000080
:10C0C0000000000000000000000000000000000070
:10C0D00000000000003F000000FF81C001C0C1C09F
:10C0E0000100602002002020020020200200202009
:10C0F00002002060020040C00100C18000C18F002A
:10C10000007FFE00001FF0000000000000000000A3
:10C11000000000000000000000000000000000001F
:10C12000000000000000000000000000000000000F
:10C1300000000000000000000000000000000000FF
:10C1400000000000000000000000000000000000EF
:10C1500000000000000000000000000000000000DF
:10C160000000000000000000000300C0000781E0A4
:10C17000000781E0000300C0000000000000000094
:10C1800000000000000000000000000000000000AF
:10C19000000000000000000000000000000000009F
:10C1A000000000000000000000000000000000008F
:10C1B000000000000000000000000000000000007F
:10C1C000000000000000000000000000000000006F
:10C1D000000000000000000000000000000000005F
:10C1E0000000000000000000000600660006007865
:10C1F000000000000000000000000000000000003F
:10C20000000000000000000000000000000000002E
:10C21000000000000000000000000000000000001E
:10C22000000000000000000000000000000000000E
:10C2300000000000000000000000000000000000FE
:10C2400000000000000000000000000000000000EE
:10C250000000000000000000000080000001C0009D
:10C260000003600000063000000C180000180C00ED
:10C27000003006000060030000C0018001000040A3
:10C280000200002004000010000000000000000078
:10C29000000000000000000000000000000000009E
:10C2A000000000000000000000000000000000008E
:10C2B000000000000000000000000000000000007E
:10C2C000000000000000000000000000000000006E
:10C2D0000000000000041000000410000004100022
:10C2E00000041000000410000004100000041000FE
:10C2F00000041000000410000004100000041000EE
:10C3000000041000000410000004100000000000F1
:10C31000000000000000000000000000000000001D
:10C32000000000000000000000000000000000000D
:10C3300000000000000000000000000000000000FD
:10C3400000000000000000000000000000000000ED
:10C3500000000000000000000400001002000020A7
:10C360000100004000C001800060030000300600B2
:10C3700000180C00000C18000006300000036000DC
:10C380000001C0000000800000000000000000006C
:10C39000000000000000000000000000000000009D
:10C3A000000000000000000000000000000000008D
:10C3B000000000000000000000000000000000007D
:10C3C000000000000000000000000000000000006D
:10C3D00000000000000000000078000001F80000EC
:10C3E0000238000002000000040000C0040079E0F0
:10C3F000040081E0040100C0040300000202000008
:10C400000306000001FC000000F80000000000002E
:10C41000000000000000000000000000000000001C
:10C42000000000000000000000000000000000000C
:10C4300000000000000000000000000000000000FC
:10C4400000000000000000000000000000000000EC
:10C4500000000000000FF800003FFE0000700780A1
:10C4600000C000C00101F8400307FC20021E0420A8
:10C470000230082002203020023FFC20013F04400F
:10C4800001800CC000E03180001FC20000000000ED
:10C49000000000000000000000000000000000009C
:10C4A000000000000000000000000000000000008C
:10C4B000000000000000000000000000000000007C
:10C4C000000000000000000000000000000000006C
:10C4D0000000002000000060000003E000003E209B
:10C4E0000003E020003E200003E020000380200045
:10C4F00007FC2000003FE0000003FE2000003FE0BA
:10C50000000001E00000002000000020000000000A
:10C51000000000000000000000000000000000001B
:10C52000000000000000000000000000000000000B
:10C5300000000000000000000000000000000000FB
:10C5400000000000000000000000000000000000EB
:10C5500000000000020000200200002003FFFFE0B6
:10C5600003FFFFE002010020020100200201002081
:10C5700002010020020100200303002001868060E8
:10C5800001FCC0C000F87F8000001F000000000018
:10C59000000000000000000000000000000000009B
:10C5A000000000000000000000000000000000008B
:10C5B000000000000000000000000000000000007B
:10C5C000000000000000000000000000000000006B
:10C5D000000000000007F800003FFF000070078027
:10C5E00000C000C001000040030000200200002045
:10C5F0000200002002000020020000200100004094
:10C60000018000C003C0018000300600000000006F
:10C61000000000000000000000000000000000001A
:10C62000000000000000000000000000000000000A
:10C6300000000000000000000000000000000000FA
:10C6400000000000000000000000000000000000EA
:10C6500000000000020000200200002003FFFFE0B5
:10C6600003FFFFE002000020020000200200002083
:10C67000020000200300006001000040018000C0B3
:10C6800000F00780007FFE00000FF80000000000AF
:10C69000000000000000000000000000000000009A
:10C6A000000000000000000000000000000000008A
:10C6B000000000000000000000000000000000007A
:10C6C000000000000000000000000000000000006A
:10C6D00000000000020000200200002003FFFFE035
:10C6E00003FFFFE002010020020100200201002000
:10C6F000020100200201002002038020020FE0203E
:10C700000300006003C000E00060030000000000C0
:10C710000000000000000000000000000000000019
:10C720000000000000000000000000000000000009
:10C7300000000000000000000000000000000000F9
:10C7400000000000000000000000000000000000E9
:10C7500000000000020000200200002003FFFFE0B4
:10C7600003FFFFE00201002002010020020100009F
:10C77000020100000201000002010000020380002B
:10C78000030FE0000300000003C000000060000091
:10C790000000000000000000000000000000000099
:10C7A0000000000000000000000000000000000089
:10C7B0000000000000000000000000000000000079
:10C7C0000000000000000000000000000000000069
:10C7D000000000000007F800003FFE000070078026
:10C7E00001C001C001000040030000200200002041
:10C7F0000200002002000020010020200100204053
:10C8000003C03F8000303F80000020000000200077
:10C810000000000000000000000000000000000018
:10C820000000000000000000000000000000000008
:10C8300000000000000000000000000000000000F8
:10C8400000000000000000000000000000000000E8
:10C85000020000200200002003FFFFE003FFFFE0D2
:10C860000200802002008020000080000000800084
:10C8700000008000020080200200802003FFFFE013
:10C8800003FFFFE002000020020000200000000083
:10C890000000000000000000000000000000000098
:10C8A0000000000000000000000000000000000088
:10C8B0000000000000000000000000000000000078
:10C8C0000000000000000000000000000000000068
:10C8D0000000000000000000000000000200002036
:10C8E00002000020020000200200002003FFFFE001
:10C8F00003FFFFE0020000200200002002000020F1
:10C900000200002000000000000000000000000005
:10C910000000000000000000000000000000000017
:10C920000000000000000000000000000000000007
:10C9300000000000000000000000000000000000F7
:10C9400000000000000000000000000000000000E7
:10C95000000000000000000E0000000F0000000FAB
:10C9600000000001020000010200000102000003BB
:10C970000200000603FFFFFC03FFFFF802000000B7
:10C9800002000000020000000200000000000000A1
:10C990000000000000000000000000000000000097
:10C9A0000000000000000000000000000000000087
:10C9B0000000000000000000000000000000000077
:10C9C0000000000000000000000000000000000067
:10C9D00000000000020000200200002003FFFFE032
:10C9E00003FFFFE00200C0200201002000078000DA
:10C9F000000FE0000030F80002603E2003800F20AE
:10CA0000030003E0020000E002000020000000201C
:10CA10000000000000000000000000000000000016
:10CA20000000000000000000000000000000000006
:10CA300000000000000000000000000000000000F6
:10CA400000000000000000000000000000000000E6
:10CA500000000000020000200200002003FFFFE0B1
:10CA600003FFFFE002000020020000200000002081
:10CA70000000002000000020000000200000002036
:10CA800000000060000000E0000003000000000063
:10CA90000000000000000000000000000000000096
:10CAA0000000000000000000000000000000000086
:10CAB0000000000000000000000000000000000076
:10CAC0000000000000000000000000000000000066
:10CAD000020000200200002003FFFFE003E000202E
:10CAE00003FF0020001FF0000001FF8000000FE0A6
:10CAF00000001E000003E000003E002003E00020D4
:10CB000003FFFFE003FFFFE002000020020000201F
:10CB10000000000000000000000000000000000015
:10CB20000000000000000000000000000000000005
:10CB300000000000000000000000000000000000F5
:10CB400000000000000000000000000000000000E5
:10CB5000020000200200002003FFFFE0038000200D
:10CB600003F0002000FC0000001F00000007C000D0
:10CB70000001F00000007C0002001F80020007E0BE
:10CB800003FFFFE0020000000200000000000000C0
:10CB90000000000000000000000000000000000095
:10CBA0000000000000000000000000000000000085
:10CBB0000000000000000000000000000000000075
:10CBC0000000000000000000000000000000000065
:10CBD00000000000000FF800003FFE0000F007809A
:10CBE000018000C00100004002000020020000207F
:10CBF000020000200200002001000040018000C06F
:10CC000000F00380003FFE00000FF800000000006D
:10CC10000000000000000000000000000000000014
:10CC20000000000000000000000000000000000004
:10CC300000000000000000000000000000000000F4
:10CC400000000000000000000000000000000000E4
:10CC500000000000020000200200002003FFFFE0AF
:10CC600003FFFFE00200802002008020020080001D
:10CC700002008000020080000200800003018000AA
:10CC80000183000000FE0000007C000000000000A6
:10CC90000000000000000000000000000000000094
:10CCA0000000000000000000000000000000000084
:10CCB0000000000000000000000000000000000074
:10CCC0000000000000000000000000000000000064
:10CCD00000000000000FF800007FFF0000F003805C
:10CCE000018001C00100064002000420020004206F
:10CCF00002000620020003E0010000F80180005C51
:10CD000000E0038C003FFF0C000FFC180000000047
:10CD10000000000000000000000000000000000013
:10CD20000000000000000000000000000000000003
:10CD300000000000000000000000000000000000F3
:10CD400000000000000000000000000000000000E3
:10CD500000000000020000200200002003FFFFE0AE
:10CD600003FFFFE002010020020100200201800019
:10CD70000201E0000201FC0003033F80018607E09E
:10CD800001FC00E000F8002000000020000000008E
:10CD90000000000000000000000000000000000093
:10CDA0000000000000000000000000000000000083
:10CDB0000000000000000000000000000000000073
:10CDC0000000000000000000000000000000000063
:10CDD00000000000000000000078060000FE01E0F6
:10CDE000018600C0030300400203002002018020EE
:10CDF000020180200201C0200200C0200100E0608A
:10CE0000018070C003E03F8000001F0000000000B0
:10CE10000000000000000000000000000000000012
:10CE20000000000000000000000000000000000002
:10CE300000000000000000000000000000000000F2
:10CE400000000000000000000000000000000000E2
:10CE500000000000006000000380000003000000EC
:10CE600002000000020000200200002003FFFFE09B
:10CE700003FFFFE00200002002000020020000008B
:10CE8000020000000380000000E00000000000003D
:10CE90000000000000000000000000000000000092
:10CEA0000000000000000000000000000000000082
:10CEB0000000000000000000000000000000000072
:10CEC0000000000000000000000000000000000062
:10CED000020000000200000003FFFF0003FFFFC08C
:10CEE000020000400200006000000020000000205E
:10CEF000000000200000002002000040020000802E
:10CF000003FFFF000200000002000000000000001C
:10CF10000000000000000000000000000000000011
:10CF20000000000000000000000000000000000001
:10CF300000000000000000000000000000000000F1
:10CF400000000000000000000000000000000000E1
:10CF500000000000020000000200000003C000000A
:10CF600003FC0000023FC0000003F80000007F80C7
:10CF7000000007E000000780000078000203C00006
:10CF8000023C000003C0000002000000020000009C
:10CF90000000000000000000000000000000000091
:10CFA0000000000000000000000000000000000081
:10CFB0000000000000000000000000000000000071
:10CFC0000000000000000000000000000000000061
:10CFD0000200000003C0000003FF8000023FFE00CB
:10CFE00002007FE000000F000200F00003EF0000ED
:10CFF00003FF8000020FFE0000003FE000001F0062
:10D000000207E00003F80000030000000200000037
:10D010000000000000000000000000000000000010
:10D020000000000000000000000000000000000000
:10D0300000000000000000000000000000000000F0
:10D0400000000000000000000000000000000000E0
:10D05000000000000200002002000020038000E029
:10D0600003F0032002FC0C20021F30000007C00068
:10D070000007F00002187C0002601F20038003E01C
:10D08000020000E00200002000000020000000007C
:10D090000000000000000000000000000000000090
:10D0A0000000000000000000000000000000000080
:10D0B0000000000000000000000000000000000070
:10D0C0000000000000000000000000000000000060
:10D0D00000000000020000000300000003C0000088
:10D0E00003F80000023E0020020FC0200001FFE014
:10D0F00000007FE000038020021C0020027000007E
:10D100000380000002000000020000000000000098
:10D11000000000000000000000000000000000000F
:10D1200000000000000000000000000000000000FF
:10D1300000000000000000000000000000000000EF
:10D1400000000000000000000000000000000000DF
:10D150000000000000000020006000E0038003E009
:10D1600003000FA002003E200200F8200203E0208E
:10D17000020F8020023E00200278002003E00060C1
:10D18000038000E002000300000000000000000037
:10D19000000000000000000000000000000000008F
:10D1A000000000000000000000000000000000007F
:10D1B000000000000000000000000000000000006F
:10D1C000000000000000000000000000000000005F
:10D1D000000000000000000000000000000000004F
:10D1E00000000000000000001FFFFFFC1000000412
:10D1F00010000004100000041000000410000004DF
:10D2000010000004100000040000000000000000F6
:10D21000000000000000000000000000000000000E
:10D2200000000000000000000000000000000000FE
:10D2300000000000000000000000000000000000EE
:10D2400000000000000000000000000000000000DE
:10D2500000000000000000000000000007000000C7
:10D2600003C0000000780000001E00000003C000A2
:10D270000000F00000001E0000000780000000F029
:10D280000000003C0000000600000000000000005C
:10D29000000000000000000000000000000000008E
:10D2A000000000000000000000000000000000007E
:10D2B000000000000000000000000000000000006E
:10D2C000000000000000000000000000000000005E
:10D2D0000000000000000000100000041000000426
:10D2E00010000004100000041000000410000004EE
:10D2F000100000041FFFFFFC000000000000000001
:10D30000000000000000000000000000000000001D
:10D31000000000000000000000000000000000000D
:10D3200000000000000000000000000000000000FD
:10D3300000000000000000000000000000000000ED
:10D3400000000000000000000000000000000000DD
:10D3500000000000000000000000000000000000CD
:10D360000200000004000000080000001800000097
:10D370001000000018000000180000000400000069
:10D38000020000000000000000000000000000009B
:10D39000000000000000000000000000000000008D
:10D3A000000000000000000000000000000000007D
:10D3B000000000000000000000000000000000006D
:10D3C000000000000000000000000000000000005D
:10D3D0000000000100000001000000010000000149
:10D3E0000000000100000001000000010000000139
:10D3F0000000000100000001000000010000000129
:10D400000000000100000001000000010000000118
:10D41000000000000000000000000000000000000C
:10D4200000000000000000000000000000000000FC
:10D4300000000000000000000000000000000000EC
:10D4400000000000000000000000000000000000DC
:10D4500000000000000000000000000010000000BC
:10D46000100000001000000018000000080000007C
:10D4700004000000000000000000000000000000A8
:10D48000000000000000000000000000000000009C
:10D49000000000000000000000000000000000008C
:10D4A000000000000000000000000000000000007C
:10D4B000000000000000000000000000000000006C
:10D4C000000000000000000000000000000000005C
:10D4D000000000000000038000018FC000038C608A
:10D4E0000006182000041020000410200004202052
:10D4F00000042040000620400003FFC00001FFE0C0
:10D500000000002000000020000000C0000000001B
:10D51000000000000000000000000000000000000B
:10D5200000000000000000000000000000000000FB
:10D5300000000000000000000000000000000000EB
:10D5400000000000000000000000000000000000DB
:10D5500000000000020000000200000003FFFFE0E6
:10D5600007FFFFC0000180C0000200600002002031
:10D5700000040020000400200004002000060040F9
:10D58000000300C00001FF800000FE00000000005A
:10D59000000000000000000000000000000000008B
:10D5A000000000000000000000000000000000007B
:10D5B000000000000000000000000000000000006B
:10D5C000000000000000000000000000000000005B
:10D5D000000000000000000000007E000001FF804D
:10D5E000000381C00002004000060020000400206B
:10D5F0000004002000040020000600200003C040BA
:10D600000001C080000003000000000000000000D6
:10D61000000000000000000000000000000000000A
:10D6200000000000000000000000000000000000FA
:10D6300000000000000000000000000000000000EA
:10D6400000000000000000000000000000000000DA
:10D65000000000000000000000007E000001FF80CC
:10D66000000380C0000600600004002000040020C9
:10D6700000040020020400400202008003FFFFE0DB
:10D6800007FFFFC000000040000000400000000055
:10D69000000000000000000000000000000000008A
:10D6A000000000000000000000000000000000007A
:10D6B000000000000000000000000000000000006A
:10D6C000000000000000000000000000000000005A
:10D6D000000000000000000000007E000001FF804C
:10D6E000000311C00002104000041060000410206C
:10D6F0000004102000041020000610200003104039
:10D700000001F0C0000071000000000000000000F7
:10D710000000000000000000000000000000000009
:10D7200000000000000000000000000000000000F9
:10D7300000000000000000000000000000000000E9
:10D7400000000000000000000000000000000000D9
:10D7500000000000000000000004000000040020A1
:10D760000004002000040020007FFFE001FFFFE034
:10D770000104002003040020020400200204002011
:10D78000020400000200000001C0000001C000000F
:10D790000000000000000000000000000000000089
:10D7A0000000000000000000000000000000000079
:10D7B0000000000000000000000000000000000069
:10D7C0000000000000000000000000000000000059
:10D7D00000000000000000000000001C0000E33E0C
:10D7E0000003FFC200020CC3000404C1000404C112
:10D7F000000404C1000404C100060CC10003F8C306
:10D800000005F0620006007E0006003C00000000FB
:10D810000000000000000000000000000000000008
:10D8200000000000000000000000000000000000F8
:10D8300000000000000000000000000000000000E8
:10D8400000000000000000000000000000000000D8
:10D8500000000000020000200200002003FFFFE0A3
:10D8600007FFFFE00001002000020020000600008A
:10D870000004000000040000000400200006002056
:10D880000003FFE00001FFE0000000200000002096
:10D890000000000000000000000000000000000088
:10D8A0000000000000000000000000000000000078
:10D8B0000000000000000000000000000000000068
:10D8C0000000000000000000000000000000000058
:10D8D0000000000000000000000000000004002024
:10D8E0000004002000040020000400200387FFE063
:10D8F000038FFFE0038000200000002000000020D4
:10D9000000000020000000000000000000000000F7
:10D910000000000000000000000000000000000007
:10D9200000000000000000000000000000000000F7
:10D9300000000000000000000000000000000000E7
:10D9400000000000000000000000000000000000D7
:10D9500000000000000000000000000000000006C1
:10D9600000000007000000010000000100040001A9
:10D970000004000100040003000400060387FFFC0C
:10D98000038FFFF80380000000000000000000008B
:10D990000000000000000000000000000000000087
:10D9A0000000000000000000000000000000000077
:10D9B0000000000000000000000000000000000067
:10D9C0000000000000000000000000000000000057
:10D9D00000000000020000200200002003FFFFE022
:10D9E00007FFFFE0000008200000102000003000CA
:10D9F0000000FC0000058E00000707A0000601E003
:10DA0000000400E0000400200000002000000000EE
:10DA10000000000000000000000000000000000006
:10DA200000000000000000000000000000000000F6
:10DA300000000000000000000000000000000000E6
:10DA400000000000000000000000000000000000D6
:10DA500000000000000000000000000002000020A4
:10DA600002000020020000200200002003FFFFE06F
:10DA700007FFFFE000000020000000200000002061
:10DA80000000002000000000000000000000000076
:10DA90000000000000000000000000000000000086
:10DAA0000000000000000000000000000000000076
:10DAB0000000000000000000000000000000000066
:10DAC0000000000000000000000000000000000056
:10DAD00000000000000400200007FFE0000FFFE04E
:10DAE0000002002000040000000400200007FFE006
:10DAF0000003FFE0000200200004000000040020FA
:10DB00000007FFE00003FFE000000020000000002D
:10DB10000000000000000000000000000000000005
:10DB200000000000000000000000000000000000F5
:10DB300000000000000000000000000000000000E5
:10DB400000000000000000000000000000000000D5
:10DB50000000000000040020000400200007FFE097
:10DB6000000FFFE000010020000200200002000082
:10DB70000004000000040000000400200006002053
:10DB80000003FFE00001FFE0000000200000002093
:10DB90000000000000000000000000000000000085
:10DBA0000000000000000000000000000000000075
:10DBB0000000000000000000000000000000000065
:10DBC0000000000000000000000000000000000055
:10DBD000000000000000000000007E000000FF8048
:10DBE000000381C000020040000600200004002065
:10DBF0000004002000040020000600200002004075
:10DC0000000381C00001FF8000007E0000000000D2
:10DC10000000000000000000000000000000000004
:10DC200000000000000000000000000000000000F4
:10DC300000000000000000000000000000000000E4
:10DC400000000000000000000000000000000000D4
:10DC50000000000000040001000400010007FFFFB5
:10DC6000000FFFFF000100C100020041000400207E
:10DC700000040020000400200004002000060040F2
:10DC8000000301C00001FF8000007E0000000000D2
:10DC90000000000000000000000000000000000084
:10DCA0000000000000000000000000000000000074
:10DCB0000000000000000000000000000000000064
:10DCC0000000000000000000000000000000000054
:10DCD000000000000000000000007E000001FF8046
:10DCE000000380C000020060000400200004002047
:10DCF000000400200004002000020041000300C1D5
:10DD00000003FFFF0007FFFF00000001000000010B
:10DD10000000000000000000000000000000000003
:10DD200000000000000000000000000000000000F3
:10DD300000000000000000000000000000000000E3
:10DD400000000000000000000000000000000000D3
:10DD50000000000000040020000400200004002057
:10DD600000040020000FFFE0000FFFE00000C020D3
:10DD70000001002000020020000600200004000036
:10DD80000004000000070000000300000000000085
:10DD90000000000000000000000000000000000083
:10DDA0000000000000000000000000000000000073
:10DDB0000000000000000000000000000000000063
:10DDC0000000000000000000000000000000000053
:10DDD0000000000000000000000003E00001C0E0BF
:10DDE0000003E0400006302000043020000418202A
:10DDF000000418200004182000040C2000020C600D
:10DE0000000307C00007838000000000000000003E
:10DE10000000000000000000000000000000000002
:10DE200000000000000000000000000000000000F2
:10DE300000000000000000000000000000000000E2
:10DE400000000000000000000000000000000000D2
:10DE500000000000000000000004000000040000BA
:10DE600000040000000C0000001FFF8000FFFFC046
:10DE700000040060000400200004002000040020D2
:10DE800000040040000001800000000000000000CD
:10DE90000000000000000000000000000000000082
:10DEA0000000000000000000000000000000000072
:10DEB0000000000000000000000000000000000062
:10DEC0000000000000000000000000000000000052
:10DED0000000000000040000000400000007FF80B4
:10DEE000000FFFC0000000600000002000000020C4
:10DEF000000000200000002000040040000400801A
:10DF00000007FFE0000FFFC00000004000000040DD
:10DF10000000000000000000000000000000000001
:10DF200000000000000000000000000000000000F1
:10DF300000000000000000000000000000000000E1
:10DF400000000000000000000000000000000000D1
:10DF50000000000000040000000400000007800032
:10DF60000007F0000004FE0000041FC0000003E0F2
:10DF70000000038000001C00000460000007800017
:10DF80000006000000040000000000000000000087
:10DF90000000000000000000000000000000000081
:10DFA0000000000000000000000000000000000071
:10DFB0000000000000000000000000000000000061
:10DFC0000000000000000000000000000000000051
:10DFD00000040000000600000007C0000007FC006D
:10DFE00000043F80000003E000040F800006F00002
:10DFF0000007F0000007FF8000040FE0000003802E
:10E0000000043C000007C0000006000000040000FF
:10E010000000000000000000000000000000000000
:10E0200000000000000000000000000000000000F0
:10E0300000000000000000000000000000000000E0
:10E0400000000000000000000000000000000000D0
:10E050000000000000000020000400200004006018
:10E06000000700E0000783200007E6000004F80036
:10E0700000003C0000045E20000587A0000601E0CF
:10E0800000040060000400200000002000000000E8
:10E090000000000000000000000000000000000080
:10E0A0000000000000000000000000000000000070
:10E0B0000000000000000000000000000000000060
:10E0C0000000000000000000000000000000000050
:10E0D000000000000004000000040003000700032B
:10E0E0000007E0010004F80100041F02000007FC23
:10E0F000000000E000000700000438000007C00036
:10E100000006000000040000000400000000000001
:10E1100000000000000000000000000000000000FF
:10E1200000000000000000000000000000000000EF
:10E1300000000000000000000000000000000000DF
:10E1400000000000000000000000000000000000CF
:10E15000000000000000000000078060000600E0F2
:10E16000000403E0000407A000040E2000043C208B
:10E17000000470200005E0200007802000070060F8
:10E18000000400E000000380000000000000000028
:10E19000000000000000000000000000000000007F
:10E1A000000000000000000000000000000000006F
:10E1B000000000000000000000000000000000005F
:10E1C000000000000000000000000000000000004F
:10E1D000000000000000000000000000000000003F
:10E1E00000000000000000000000000000008000AF
:10E1F000000080000001400007FE3FF80800000416
:10E2000010000002100000020000000000000000EA
:10E2100000000000000000000000000000000000FE
:10E2200000000000000000000000000000000000EE
:10E2300000000000000000000000000000000000DE
:10E2400000000000000000000000000000000000CE
:10E2500000000000000000000000000000000000BE
:10E2600000000000000000000000000000000000AE
:10E27000FFFFFFFF000000000000000000000000A2
:10E28000000000000000000000000000000000008E
:10E29000000000000000000000000000000000007E
:10E2A000000000000000000000000000000000006E
:10E2B000000000000000000000000000000000005E
:10E2C000000000000000000000000000000000004E
:10E2D000000000000000000010000002100000021A
:10E2E0000800000407FE3FF8000140000000800025
:10E2F000000080000000000000000000000000009E
:10E30000000000000000000000000000000000000D
:10E3100000000000000000000000000000000000FD
:10E3200000000000000000000000000000000000ED
:10E3300000000000000000000000000000000000DD
:10E3400000000000000000000000000000000000CD
:10E350000000000018000000300000004000000035
:10E3600040000000400000002000000030000000DD
:10E37000080000000400000002000000020000008D
:10E38000020000000C000000180000000000000067
:10E39000000000000000000000000000000000007D
:10E3A000000000000000000000000000000000006D
:10E3B000000000000000000000000000000000005D
:10E3C000000000000000000000000000000000004D
:10E3D000020FD6020A39C201222200020FB2E51F43
:10E3E0007072F51ED235FFEF25E0244EF8E4F608F2
:10E3F000F60FBF34F2900E93E493FFE54BC39F50AA
:10E40000047F0580027FFB78BDA607120F0440043D
:10E410007F0380027F3078BCA607E618F608E6780E
:10E42000B9F678BCE678BAF678BF7633E408F678C1
:10E43000B87601754A0278B6F608F674FF78C1F628
:10E4400008F6751F0178BCE675F005A4F54B120AB5
:10E45000FFC2372278B8E6D3940040021622E51FA7
:10E46000B40523E4F51FC20178B6E6FE08E6FF789E
:10E470004EA60608A607A237E433F53C903028F0F4
:10E48000751E10D23522E54B75F0058478BCF690E8
:10E490000E8CE493FF25E0240AF8E6FC08E6FD78FC
:10E4A000BCE625E0244EF8A60408A605EF120F0BE3
:10E4B000D378B796EE1896400D78BCE678B9F67822
:10E4C000B6A60608A607900E8CE493120F0BC3782D
:10E4D000C296EE1896500D78BCE678BAF678C1A6CA
:10E4E0000608A60778B6E6FE08E6C378C296FFEEF1
:10E4F000189678C3F608A607900E95E418120EE950
:10E500004002D23778BCE6082608F6E51F640170A1
:10E510004AE6C378C0120EDF4005120EDA40391207
:10E520000F0240047FFE80027F0278BDA60778B903
:10E53000E6240378BFF678B9E624FD78C0F6120F1A
:10E5400002400678C0E6FF800478BFE6FF78BEA6EA
:10E5500007751F0278B8760102024AE51F6402605F
:10E560000302022A78BEE6FFC378C0120EE040081C
:10E57000120EDA5003020228120F0240047FFF80BD
:10E58000027F0178BDA60778B9E60478BFF678B9AE
:10E59000E61478C0F618120F044004E6FF80027FEC
:10E5A0000078BFA607D308E6648094804004E6FFA5
:10E5B00080027F0078C0A607C318E6648094B35039
:10E5C00004E6FF80027F3378BFA607C308E66480B5
:10E5D00094B35004E6FF80027F3378C0A607120F81
:10E5E00002400678C0E6FF800478BFE6FF78BEA64A
:10E5F00007751F0378B876018020E51F6403702635
:10E6000078BEE6FFC378C0120EE04005120EDA4075
:10E610000978B9E678BEF6751F0478BEE675F00590
:10E62000A4F54B020AFFE51FB40410900E94E478A1
:10E63000C3120EE94002D237751F052230010302D2
:10E6400004C03002030204C09051A5E07893F6A301
:10E65000E008F6A3E008F6E51F703C751E20D235F1
:10E66000120C7A787EA60608A607788BA60918767B
:10E6700001120C5B784EA60608A607788BE6786E2A
:10E68000F6751F017893E67890F67894E67891F61F
:10E690007895E67892F6227990E7D37893964005BC
:10E6A000E796FF8008C37993E7789096FF7888769D
:10E6B0000008A6077991E7D37894964005E796FF7E
:10E6C0008008C37994E7789196FF120C8E7992E7CF
:10E6D000D37895964005E796FF8008C37995E7784B
:10E6E0009296FF120C8E120C5B788AE625E0244E7F
:10E6F000F8A60608A607788AE6246EF8A609788A9E
:10E70000E62401FFE433FED3EF940FEE648094809F
:10E7100040047F008005788AE604FF788AA607E532
:10E720001FB4010AE660030204C0751F0222120C26
:10E730007A7880A60608A607120C7A7882A60608C0
:10E74000A607786EE6788CF6786EE6788DF67F010F
:10E75000EF25E0244FF9C37881E69718E619975022
:10E760000A120C827880A60408A605746E2FF97828
:10E770008CE6C3975008746E2FF8E6788CF6EF2578
:10E78000E0244FF9D37883E69718E61997400A12E8
:10E790000C827882A60408A605746E2FF9788DE69F
:10E7A000D3974008746E2FF8E6788DF60FEF64105B
:10E7B000709EC37981E7788396FF19E7189678846D
:10E7C000F608A607C3798CE7788D9608F6D3798189
:10E7D000E7787F9619E71896400509E7088006C391
:10E7E000797FE7788196FF19E71896FE7886A60666
:10E7F00008A607798CE7D3788B964005E796FF80CB
:10E8000008C3798BE7788C96FF788FA607E51F649D
:10E81000027069900E9193FF18E6C39F5072120C1C
:10E820004A120C2F900E8E120C387880120C6B7BD3
:10E8300004120C1DC31206455056900E92E493FF2D
:10E84000788FE69F40028011900E90E493FFD3787A
:10E8500089E69F18E694004003751F05120C4A12C2
:10E860000C2F900E8F120C38787E120C6B7B40129E
:10E870000C1DD31206454018751F0522E51FB4056F
:10E880000FD201C202E4F51FF51ED235D233D236C3
:10E8900022EF8DF0A4A8F0CF8CF0A428CE8DF0A4A8
:10E8A0002EFE22BC000BBE0029EF8DF084FFADF0E0
:10E8B00022E4CCF875F008EF2FFFEE33FEEC33FCCA
:10E8C000EE9DEC984005FCEE9DFE0FD5F0E9E4CE00
:10E8D000FD22EDF8F5F0EE8420D21CFEADF075F0CF
:10E8E00008EF2FFFED33FD4007985006D5F0F222D8
:10E8F000C398FD0FD5F0EA22E88FF0A4CC8BF0A4EA
:10E900002CFCE98EF0A42CFC8AF0EDA42CFCEA8E01
:10E91000F0A4CDA8F08BF0A42DCC3825F0FDE98F24
:10E92000F0A42CCD35F0FCEB8EF0A4FEA9F0EB8F1B
:10E93000F0A4CFC5F02ECD39FEE43CFCEAA42DCEE8
:10E9400035F0FDE43CFC2275F008758200EF2FFFE6
:10E95000EE33FECD33CDCC33CCC58233C5829BEDB7
:10E960009AEC99E58298400CF582EE9BFEED9AFDBB
:10E97000EC99FC0FD5F0D6E4CEFBE4CDFAE4CCF96B
:10E98000A88222B800C1B90059BA002DEC8BF084DE
:10E99000CFCECDFCE5F0CBF97818EF2FFFEE33FEAC
:10E9A000ED33FDEC33FCEB33FB10D703994004EB64
:10E9B00099FB0FD8E5E4F9FA227818EF2FFFEE3330
:10E9C000FEED33FDEC33FCC933C910D7059BE99A42
:10E9D0004007EC9BFCE99AF90FD8E0E4C9FAE4CCD3
:10E9E000FB2275F010EF2FFFEE33FEED33FDCC333D
:10E9F000CCC833C810D7079BEC9AE899400AED9B26
:10EA0000FDEC9AFCE899F80FD5F0DAE4CDFBE4CC04
:10EA1000FAE4C8F922EB9FF5F0EA9E42F0E99D4244
:10EA2000F0E89C45F022E8600FECC313FCED13FD09
:10EA3000EE13FEEF13FFD8F122E8600FEFC333FFB0
:10EA4000EE33FEED33FDEC33FCD8F122E493FC749D
:10EA50000193FD740293FE740393FF22E6FB08E624
:10EA6000F908E6FA08E6CBF822ECF608EDF608EE2F
:10EA7000F608EFF622A42582F582E5F03583F583CA
:10EA800022D083D082F8E4937012740193700DA3A6
:10EA9000A393F8740193F5828883E47374029368F6
:10EAA00060EFA3A3A380DF9038047852120BFD908F
:10EAB0003800E0FEA3E0FDEDFFC3120B9E9038107E
:10EAC000120B929038067854120BFD903802E0FE3B
:10EAD000A3E0FDEDFFC3120B9E903812120B92A320
:10EAE000E0B4310778527952120C13903814E0B424
:10EAF00071157852E6FE08E67802CEC313CE13D81D
:10EB0000F97953F7EE19F7903815E0B431077854D6
:10EB10007954120C13903815E0B471157854E6FE50
:10EB200008E67802CEC313CE13D8F97955F7EE195B
:10EB3000F77952120BD909120BD9AF47120BB2E574
:10EB400044FB7A00FD7C001204D3785AA60608A67E
:10EB500007AF45120BB2AD037C001204D37856A662
:10EB60000608A607AF487854120BB4E543FBFD7CBA
:10EB7000001204D3785CA60608A607AF467E00788C
:10EB800054120BB6AD037C001204D37858A60608C5
:10EB9000A607C3785BE6940818E694005005760053
:10EBA000087608C3785DE6940818E6940050057668
:10EBB00000087608785A120BC6FFD37857E69F18DC
:10EBC000E69E400E785AE613FE08E67857120C08C7
:10EBD00080047E007F00785E120BBEFFD37859E67A
:10EBE0009F18E69E400E785CE613FE08E678591200
:10EBF0000C0880047E007F00E4FCFD786212069918
:10EC0000785A120BC6785726FFEE1836FE78661231
:10EC10000BBE785926FFEE1836FEE4FCFD786A122A
:10EC20000699120BCE786612068CD3120645400860
:10EC3000120BCE78661206997854120BD0786A12AD
:10EC4000068CD3120645400A7854120BD0786A120B
:10EC500006997861E6906001F07865E6A3F078693E
:10EC6000E6A3F07855E6A3F07D017861120BE92464
:10EC700001120BA67865120BE92402120BA6786923
:10EC8000120BE92403120BA6786D120BE92404126F
:10EC90000BA60DBD05D4C20EC206228508419030D8
:10ECA00024E0F53DA3E0F53EA3E0F53FA3E0F54009
:10ECB000A3E0F53CD234E5411206B1093103093530
:10ECC00004093B05093E06094107094A08095B1288
:10ECD000097318098919095E1A096A1B09AD8009A7
:10ECE000B2810A1D8F0A09900A1D910A1D920A1D00
:10ECF000930A1D940A1D980A179F0A1AEC00000A2D
:10ED000038120F7422120F74D20322D20322C203CC
:10ED100022A237E433F53C020A1DC201C202C2033B
:10ED2000120D0D751E70D235020A1D020A048540AF
:10ED30004A853C4B120AFF020A1D854A40854B3C1E
:10ED4000020A1DE4F522F523854031853F30853EDA
:10ED50002F853D2E120F46801F75220075230174EA
:10ED6000FFF52DF52CF52BF52A120F46852D408544
:10ED70002C3F852B3E852A3DE4F53C8070120F1612
:10ED8000806B853D45853E46E547C313FFE545C39A
:10ED90009F50028F45E548C313FFE546C39F5002CD
:10EDA0008F46E547C313FFFDE5452DFDE433FCE544
:10EDB00044120F904005E5449FF545E548C313FF15
:10EDC000FDE5462DFDE433FCE543120F904005E5DB
:10EDD000439FF5461206D78014854048853F4785F6
:10EDE0003E46853D4580060206D7120D7E903024B2
:10EDF000E53DF0A3E53EF0A3E53FF0A3E540F0A339
:10EE0000E53CF0903023E4F022C0E0C083C082C033
:10EE1000D0903F0CE0F532E53230E3743036669046
:10EE20006019E0F50AA3E0F50B90601DE0F514A36E
:10EE3000E0F515906021E0F50CA3E0F50D90602958
:10EE4000E0F50EA3E0F50F906031E0F510A3E0F5DA
:10EE500011906039E0F512A3E0F51330010630336C
:10EE600003D38001C39209300206303303D38001FB
:10EE7000C3920A30330C300309200206200103D369
:10EE80008001C3920B903001E04440F0E054BFF0A9
:10EE9000E53230E114303411903022E0F508E4F02E
:10EEA000300003D38001C39208E53230E51290565A
:10EEB000A1E0F509303109300503D38001C3920D7B
:10EEC000903F0CE532F0D0D0D082D083D0E03290A9
:10EED0000E7EE493FE740193FFC3900E7C74019345
:10EEE0009FFFE4939EFEE48F3B8E3AF539F538ABF5
:10EEF0003BAA3AA939A838AF4BFCFDFE12052812EF
:10EF00000DE1E47BFFFAF9F81205B3120DE1900E62
:10EF100069E4120DF6120DE1E4854A37F536F53550
:10EF2000F534AF37AE36AD35AC34A3120DF68F37AE
:10EF30008E368D358C34E53B4537F53BE53A453625
:10EF4000F53AE5394535F539E5384534F538E4F530
:10EF500022F523853B31853A3085392F85382E02BD
:10EF60000F46E0A3E075F002A4FFAEF0C308E69FF1
:10EF7000F618E69EF622FFE5F034608F82F583EC0A
:10EF8000F02278527E00E6FC08E6FD0204C1E4FCB3
:10EF9000FD120699785CE6C313FE08E61322785248
:10EFA000E6FE08E6FFE4FCFD22E7C4F854F0C8687A
:10EFB000F709E7C4540F48F722E6FCED75F004A406
:10EFC0002212067C8F488E478D468C4522E0FEA398
:10EFD000E0FDEEF6ED08F62213FFC3E69FFF18E60C
:10EFE0009EFE22E6C313F708E61309F722AD39ACFB
:10EFF00038FAF9F81205288F3B8E3A8D398C38ABE8
:10F0000037AA36A935A8342293FFE4FCFDFE120589
:10F01000288F378E368D358C34227884E6FE08E6CC
:10F02000FFE48F378E36F535F53422900E8CE4935D
:10F0300025E0240AF8E6FE08E6FF22E6FE08E6FFE1
:10F04000E48F3B8E3AF539F53822784EE6FE08E635
:10F05000FF22EF25E0244EF8E6FC08E6FD22788941
:10F06000EF26F618E436F62275890375A80175B8FF
:10F07000047534FF75350E75361575370D120E9AF9
:10F08000120009120F16120006D200D234D2AF7548
:10F0900034FF75350E753649753703120E9A3008F0
:10F0A00009C2341208CBC208D234300B09C236125E
:10F0B000026CC20BD236300909C23612000EC209E8
:10F0C000D236300E031206D73035D3903029E51EE4
:10F0D000F0B41005903023E4F0C23580C1E4F54B64
:10F0E000900E7A93FFE48F37F536F535F534AF3768
:10F0F000AE36AD35AC34900E6A120DF68F378E36C3
:10F100008D358C34900E7212067CEF4537F537EE54
:10F110004536F536ED4535F535EC4534F534E4F551
:10F1200022F52385373185363085352F85342E12EB
:10F130000F46E4F522F523900E72120DEA120F46E7
:10F14000E4F522F523900E6E120DEA020F46E5401B
:10F1500024F2F537E53F3443F536E53E34A2F53584
:10F16000E53D3428F534E537FFE4FEFDFC78181260
:10F1700006698F408E3F8D3E8C3DE53754A0FFE5FC
:10F1800036FEE4FDFC78071206567810120F9AE45A
:10F19000FFFEE535FDE4FC780E120656120F9DE4E5
:10F1A000FFFEFDE534FC78181206567808120F9A17
:10F1B000228F3B8E3A8D398C382212067C8F318E0D
:10F1C000308D2F8C2E2293F9F80206690000000082
:10F1D0001201170831155354442020202020130118
:10F1E000100156401A30297E00300420DF300540DF
:10F1F000BF500300FD502701FE600011003F0530A5
:10F20000003F0622003F012A003F020000360607A9
:10F21000003F0B0FF000000000300140BF30010044
:10F22000BF302970003A0000FF3A0000FF36033675
:10F23000024144582018100A04040003FF6400002F
:10F240008000000000000002040606000351007A5E
:10F25000503C281E1010502D281610100200100CC3
:10F2600010040C6E060500A55A00AE35AF36E4FD5D
:10F27000EDC395375033120FE2E493F538740193E0
:10F28000F53945386023853982853883E0FC120FD3
:10F29000E27403935204120FE2740293420485391C
:10F2A00082853883ECF00D80C72278BEE6D308FF54
:10F2B000E66480F8EF6480982293FF7E00E6FC0805
:10F2C000E6FD1204C178C1E6FC08E6FDD3EF9DEE31
:10F2D0009C2278BDD3E6648094802225E0240AF83D
:10F2E000E6FE08E6FF22E53CD39400400B900E8832
:10F2F000120BF1900E868009900E82120BF1900E87
:10F3000080E493F544A3E493F543D206300603D397
:10F310008001C3920E22A2AF9232C2AFE5234522F2
:10F32000900E5D600E120FCBE0F52C120FC8E0F5C9
:10F330002D800C120FCBE530F0120FC8E531F0A292
:10F340003292AF22D201C202E4F51FF51ED235D2AD
:10F3500033D236D201C202F51FF51ED235D2332286
:10F36000FBD3ED9B7480F86C9822120669E5402F60
:10F37000F540E53F3EF53FE53E3DF53EE53D3CF5DC
:10F380003D22C0E0C083C082903F0DE0F533E533FD
:10F39000F0D082D083D0E032900E5FE493FE74010F
:10F3A00093F5828E8322787FE4F6D8FD7581CD02B5
:10F3B0000C988F828E8375F004ED0206A500004341
:10F3C00030001F5000003530210036306900073C06
:10F3D0000700203846002138200014381100153865
:10F3E0001100003800000138000002380000033826
:10F3F000000004380A0005383F00063807000738C7
:10F400009F0008380200093880000A3801000B38D4
:10F41000E0000C380B000D381C000E3807000F38C8
:10F42000B000133804001836040012362B000937D8
:10F4300012000C37000004400600023000000630C5
:10F44000FF0013470300074401000B4635000C463C
:10F45000220037481600243802000150A30003356B
:10F46000000000436F001F5001003530410036306E
:10F470006900073C07002038460021380000143896
:10F480003100153831000038000001380000023822
:10F4900000000338000004380A0005383F00063831
:10F4A00006000738A90008380500093800000A38A6
:10F4B00002000B38D0000C3805000D38F8000E386B
:10F4C00003000F3884001338040018360000123689
:10F4D0002900093752000C370300023A0200033AB0
:10F4E000E000143A0200153AE00004400200023045
:10F4F0001C000630C30013470300074404000B46FA
:10F5000037000C462000374816002438040001500C
:10F51000A300033500000830420003310300173018
:10F52000FF001830FF0034301A0037301300083164
:10F5300001003036360031360E003236E200333606
:10F5400012002136E0000437A00003375A001537B7
:10F550007800173701000B37600005371A000539AE
:10F5600002000639100001390A0031371200003656
:10F570000800013633002D306000203652001B3762
:10F5800020001C475000133A4300183A0000193A73
:10F59000F800353613003636030034364000223684
:10F5A0000100013C3400043C2800053C9800063C66
:10F5B0000000073C0800083C0000093C1C000A3C15
:10F5C0009C000B3C4000103800001138100012382D
:10F5D0000000083764000140020005401A000030B6
:10F5E00000000430FF000E3058002E3000000043B1
:10F5F00030001F5000000E4400000050A7000F3ADA
:10F600003000103A28001B3A30001E3A2600113A0A
:10F6100060001F3A140000582300015814000258DB
:10F620000F0003580F000458120005582600065812
:10F630000C000758080008580500095805000A582A
:10F6400008000B580D000C5808000D5803000E5808
:10F6500000000F58000010580300115809001258FC
:10F6600007001358030014580000155801001658DD
:10F6700003001758080018580D00195808001A58A8
:10F6800005001B5806001C5808001D580E001E5887
:10F6900029001F5817002058110021581100225826
:10F6A00015002358280024584600255826002658BF
:10F6B00008002758260028586400295826002A5890
:10F6C00024002B5822002C5824002D5824002E589A
:10F6D00006002F582200305840003158420032585E
:10F6E0002400335826003458240035582200365858
:10F6F00022003758260038584400395824003A5818
:10F7000026003B5828003C5842003D58CE0080510E
:10F71000FF008151F2008251000083511400845196
:10F720002500855124008651090087510900885120
:10F730000900895175008A5154008B51E0008C51A9
:10F74000B2008D5142008E513D008F5156009051B4
:10F7500046009151F8009251040093517000945169
:10F76000F0009551F0009651030097510100985117
:10F770000400995112009A5104009B5100009C51C1
:10F7800006009D5182009E51380080540100815432
:10F790000800825414008354280084545100855476
:10F7A00065008654710087547D0088548700895411
:10F7B00091008A549A008B54AA008C54B8008D543E
:10F7C000CD008E54DD008F54EA0090541D0081530B
:10F7D0001E0082535B008353080084530A00855344
:10F7E0007E008653880087537C0088536C008953C1
:10F7F00010008A5301008B539800805506008355F2
:10F80000400084551000895510008A5500008B5522
:10F81000F8001D504000005308000153300002530F
:10F820001000035300000453080005533000065332
:10F83000080007531600095308000A5330000B5301
:10F8400004000C5306002550000008300200404719
:10F85000210010081008201020184120181030280E
:10F86000613028103830613830104038714038101D
:10F870005048905048206058A06058200400040070
:10F88000040000061C040004F3010548040007CF2F
:10F89000010648040004D301041004000840010CD0
:10F8A000303D3E3D01103D4D4E4D0115526668669E
:10F8B000021A66808280021F7A9A9C9A02248FB371
:10F8C000B6B3032BABD6DAD6040640101EA0401EFA
:10F8D00080C01E40A04040101E6060303132333482
:10F8E0003536373839414243444546403058003078
:10F8F0003132333435363738396162636465664096
:10F900003078000400000800000000000000020041
:10F910000100001059656C6C6F77697368200000F6
:10F92000496E766572736500477265656E697368C6
:10F93000000000004E6F726D616C0000436F6F6CD1
:10F94000000000005761726D000000003F000000E1
:10F95000646563006964000072756E74696D6500AA
:10F9600068656C70000000006C6973740000000032
:10F970006865780075696E74385F74206F76353607
:10F9800034305F77726974655F7265672875696E78
:10F990007431365F74207265672C75696E74385FD8
:10F9A0007420646174612900766F69642064636DFA
:10F9B000695F63725F7365742875696E74385F740C
:10F9C0002070636C6B2C75696E74385F742068737B
:10F9D000796E632C75696E74385F74207673796EF6
:10F9E0006329000075696E74385F74206F76353650
:10F9F00034305F666F6375735F73696E676C65281B
:10FA0000766F69642900000075696E74385F742030
:10FA10006F76353634305F666F6375735F636F6E14
:10FA20007374616E7428766F69642900766F6964F7
:10FA3000206F76353634305F77686974655F626150
:10FA40006C616E63652875696E74385F74206D6FC4
:10FA500064652900766F6964206F76353634305FCF
:10FA6000746573745F7061747465726E2875696E05
:10FA700074385F74206D6F6465290000766F696467
:10FA8000206F76353634305F6578706F73757265C8
:10FA90002875696E74385F74206578706F7375723D
:10FAA0006529000075696E74385F74206F7635368D
:10FAB00034305F726561645F7265672875696E7462
:10FAC00031365F742072656729000000766F6964C3
:10FAD0002077726974655F616464722875696E74F9
:10FAE00033325F7420616464722C75696E743332D2
:10FAF0005F742076616C2900766F6964206F7635BB
:10FB00003634305F73686172706E6573732875691F
:10FB10006E74385F74207368617270290000000091
:10FB200075696E7433325F7420726561645F6164FD
:10FB300064722875696E7433325F74206164647214
:10FB400029000000766F69642064656C61795F6DDF
:10FB5000732875696E7431365F74206E6D73290079
:10FB6000766F69642064656C61795F757328756967
:10FB70006E7433325F74206E75732900766F69641A
:10FB8000206F76353634305F636F6C6F725F7361F0
:10FB90007475726174696F6E2875696E74385F74FC
:10FBA0002073617429000000766F6964206F7635D8
:10FBB0003634305F7370656369616C5F6566666576
:10FBC0006374732875696E74385F74206566742970
:10FBD0000000000075696E74385F74206F763536EA
:10FBE00034305F6F757473697A655F7365742875F7
:10FBF000696E7431365F74206F6666782C75696E35
:10FC00007431365F74206F6666792C75696E743155
:10FC1000365F742077696474682C75696E74313648
:10FC20005F742068656967687429000075696E747F
:10FC3000385F74206F76353634305F696D61676583
:10FC40005F77696E646F775F7365742875696E742A
:10FC500031365F74206F6666782C75696E74313644
:10FC60005F74206F6666792C75696E7431365F74C7
:10FC70002077696474682C75696E7431365F7420FE
:10FC80006865696768742900766F69642064636DCC
:10FC9000695F7365745F77696E646F772875696EE5
:10FCA0007431365F742073782C75696E7431365FE9
:10FCB000742073792C75696E7431365F742077699E
:10FCC0006474682C75696E7431365F742068656978
:10FCD0006768742900000000766F6964206F7635CC
:10FCE0003634305F6272696768746E657373287545
:10FCF000696E74385F7420627269676874290000E5
:10FD0000766F6964206F76353634305F636F6E745A
:10FD1000726173742875696E74385F7420636F6ED6
:10FD20007472617374290000766F6964206F763590
:10FD30003634305F666C6173685F6374726C28750B
:0CFD4000696E74385F742073772900002E
:040000050800029954
:00000001FF
