:020000040800F2
:10000000D80E0024790300088D48000889480008AC
:1000100089190090E5050008854B000800000000E4
:10002000000000000000000000000000594B000824
:10003000410C0008000000008F4800085B4B0008DE
:10004000AF030008AF030008AF030008AF030008C8
:10005000AF030008AF030008AF030008AF030008B8
:10006000AF030008AF030008AF030008AF030008A8
:10007000AD060090AF030008AF030008AF0300080F
:10008000AF030008AF030008AF030008AF03000888
:10009000AF030008AF030008AF030008AF03000878
:1000A000AF030008AF030008AF030008AF03000868
:1000B000AF030008AF030008D51E0090AF0300088F
:1000C000AF030008AF030008AF030008AF03000848
:1000D000AF030008754B000885320090AF0300089D
:1000E000AF030008AF03000800000000AF030008E2
:1000F000AF030008AF030008AF030008AF03000818
:10010000AF030008AF030008AF030008AF03000807
:10011000654B0008AF030008191F0090AF030008EB
:10012000AF030008AF030008AF030008AF030008E7
:10013000AF030008AF030008AF030008AF030008D7
:1001400000000000000000000000000000000000AF
:10015000AF030008AF030008AF030008AF030008B7
:10016000AF030008AF030008AF030008AF030008A7
:10017000AF030008AF0300089D060090AF0300081E
:10018000AF030008AF030008AF030008AF03000887
:10019000AF030008AF030008AF030008AF03000877
:1001A000AF030008AF030008AF030008AF03000867
:1001B000AF030008AF030008AF030008AF03000857
:1001C000AF030008AF030008AF030008AF03000847
:1001D000AF030008AF030008AF030008AF03000837
:1001E000AF030008AF030008AF030008AF03000827
:1001F000AF030008AF030008AF030008AF03000817
:10020000AF030008AF030008AF030008AF03000806
:10021000AF030008AF030008AF030008AF030008F6
:10022000AF030008AF030008AF03000800000000A0
:10023000AF030008AF03000800000000AF03000890
:10024000AF030008AF030008AF030008AF030008C6
:10025000AF030008AF030008AF030008AF030008B6
:10026000AF030008AF030008AF030008AF030008A6
:10027000AF030008AF030008AF0300080000000050
:10028000AF030008AF030008AF0300080000000040
:1002900000000000AF03000800F002F800F05CF876
:1002A0000AA090E8000C82448344AAF10107DA45D1
:1002B00001D100F051F8AFF2090EBAE80F0013F0C7
:1002C000010F18BFFB1A43F0010318477C500000D0
:1002D0009C5000000A444FF0000C10F8013B13F052
:1002E000070408BF10F8014B1D1108BF10F8015B8F
:1002F000641E05D010F8016B641E01F8016BF9D182
:1003000013F0080F1EBF10F8014BAD1C0C1B09D1D8
:100310006D1E58BF01F801CBFAD505E014F8016B4A
:1003200001F8016B6D1EF9D59142D6D370470000DC
:100330000023002400250026103A28BF78C1FBD8EE
:10034000520728BF30C148BF0B6070471FB504F08B
:10035000E9FF1FBD10B510BD00F0BCF81146FFF756
:10036000F5FF04F087FC00F0DAF803B4FFF7F2FFC2
:1003700003BC04F025FC0000DFF84000016841F4F4
:1003800070010160BFF34F8FDFF83400016821F086
:1003900040410160BFF36F8F0A480047FEE7FEE768
:1003A000FEE7FEE7FEE7FEE7FEE7FEE7FEE7FEE725
:1003B00005480649044A064B7047000088ED00E0F6
:1003C00034EF00E099020008D8060024D80E00247B
:1003D000D8060024704753EA020C00F069802DE92A
:1003E000F04B4FF00006002B1FBFB3FA83F503FA62
:1003F00005F424FA05F65E4012BF1643B2FA82F500
:1004000002FA05F4C5F120051EBF22FA05FC44EAF4
:100410000C04203556EA044C4FEA144418BF641CFF
:100420004FF000084FF00009904271EB030C39D3F4
:10043000002919BFB1FA81F701FA07F6B0FA80F77F
:1004400000FA07F6C7F120071EBF20FA07FC46EAAC
:100450000C062037B6FBF4FCA7EB0507103F07F0AE
:100460001F0BCBF120060CFA0BFB2CFA06F644BF4F
:10047000B3460026202FA4BF5E464FF0000B5BEA78
:10048000060C08BF4FF0010B19EB0B09ABFB027C0C
:1004900048EB0608C01B06FB02CC0BFB03CC71EB40
:1004A0000C01C1E70B46024641464846BDE8F08BC9
:1004B00013B54FF000004FF00001AFF30080BDE82E
:1004C0001C4070477047704770477047004870473E
:1004D000740600247546FFF7F9FFAE46050069462D
:1004E000534620F00700854618B020B5FFF760FF9F
:1004F000BDE820404FF000064FF000074FF0000825
:100500004FF0000B21F00701AC46ACE8C009ACE8A5
:10051000C009ACE8C009ACE8C0098D46704710B509
:100520000446AFF300802046BDE81040FFF71DBF32
:1005300041F21D5CC9F2000C604740F29B3CC9F2DD
:10054000000C604741F2110CC9F2000C604747F6FD
:10055000AD3CC9F2000C604748F60D2CC9F2000C06
:10056000604747F6153CC9F2000C604746F6F14C6F
:10057000C9F2000C604744F2BD0CC9F2000C6047A0
:1005800041F6E10CC9F2000C604743F6E10CC9F2F8
:10059000000C604747F6052CC9F2000C604742F298
:1005A0004D2CC9F2000C604746F69D4CC9F2000C78
:1005B000604748F2F90CC9F2000C604744F23D1C58
:1005C000C9F2000C604743F2656CC9F2000C604749
:1005D00048F2CD4CC9F2000C604741F2A54CC9F27B
:1005E000000C604700BFFEE70146374A08689042AA
:1005F00049D0354A18320868904244D0324A3032E5
:10060000086890423FD0304A4832086890423AD059
:100610002D4A60320868904235D02B4A78320868FB
:10062000904230D0284A9032086890422BD0264A17
:10063000A8320868904226D0244A0868904222D006
:10064000224A1832086890421DD0204A3032086889
:10065000904218D01D4A48320868904213D01B4A75
:100660006032086890420ED0184A7832086890428A
:1006700009D0164A90320868904204D0134AA83232
:100680000868904201D1012000E00020B0B10A7852
:10069000103A1823B2FBF3F000F007020C4B9A5CFF
:1006A000CA65032805D90A686FF30902121D8A6515
:1006B00003E00A686FF309028A6503E0086820F026
:1006C000FF008865886D70471000024010040240EA
:1006D0003E53000810B502682B4C0368A34222D099
:1006E000294C14340368A3421DD0274C28340368D6
:1006F000A34218D0244C3C340368A34213D0224CAC
:1007000050340368A3420ED01F4C64340368A342E4
:1007100009D01D4C78340368A34204D01A4C8C34A1
:100720000368A34201D1012300E000238BB10378C9
:10073000083B1424B3FBF4F1144B03EB8103036671
:10074000124B8033436601F01F040123A3408366EC
:1007500018E00378103B1824B3FBF4F10C4B9A42D9
:1007600004D80B4BA83B9A4200D30831094B03EB4A
:1007700081030366074B8033436601F01F040123A6
:10078000A340836610BD0000085402580058025868
:10079000B8040240000802400179A9B3082940D8F2
:1007A000204B02689A4222D01E4B143302689A42B0
:1007B0001DD01C4B283302689A4218D0194B3C3389
:1007C00002689A4213D0174B503302689A420ED0F7
:1007D000144B643302689A4209D0124B7833026892
:1007E0009A4204D00F4B8C3302689A4201D1012205
:1007F00000E000224AB14A1E0B4B03EB8202C266A4
:10080000094A4032026708E00BE04A1E074B03EB3F
:100810008202C266054A403202674A1E01239340A3
:1008200043677047085402580059025800090240B3
:10083000014600208A69D2B98A6A32B1012A0DD0F4
:10084000022A03D0032A10D10EE000BFCA6A02F0C8
:100850008072B2F1807F00D1012007E0CA6AB2F154
:10086000C07F00D1012001E000E000BF36E08A69CE
:10087000B2F5005F1BD18A6A32B1012A07D0022A81
:1008800003D0032A11D10AE000BF01200EE0CA6A9A
:1008900002F08072B2F1807F00D1012006E0CA6AC6
:1008A000B2F1C07F00D1012000E000BF16E08A6AEB
:1008B00032B1012A05D0022A04D0032A0CD103E068
:1008C00000BF00BF012008E0CA6A02F08072B2F1E6
:1008D000807F00D1012000E000BF00BF7047000012
:1008E00030B5384D0468AC4249D0364D18350468EF
:1008F000AC4244D0334D30350468AC423FD0314D2A
:1009000048350468AC423AD02E4D60350468AC429C
:1009100035D02C4D78350468AC4230D0294D903517
:100920000468AC422BD0274DA8350468AC4226D0D1
:10093000254D0468AC4222D0234D18350468AC42E2
:100940001DD0214D30350468AC4218D01E4D4835BD
:100950000468AC4213D01C4D60350468AC420ED024
:10096000194D78350468AC4209D0174D90350468AC
:10097000AC4204D0144DA8350468AC4201D1012426
:1009800000E0002474B1046863608468402C04D1E2
:100990000468A2600468E16012E00468A160046871
:1009A000E2600DE0046863608468402C04D1046850
:1009B000A2600468E16003E00468A1600468E2608A
:1009C00030BD00001000024010040240F0B5856DFB
:1009D000846D984F0668BE4270D0964F18370668EF
:1009E000BE426BD0934F30370668BE4266D0914FFF
:1009F00048370668BE4261D08E4F60370668BE42F7
:100A00005CD08C4F78370668BE4257D0894F9037FC
:100A10000668BE4252D0874FA8370668BE424DD006
:100A2000854F0668BE4249D0834F18370668BE42DC
:100A300044D0814F30370668BE423FD07E4F4837A2
:100A40000668BE423AD07C4F60370668BE4235D059
:100A5000794F78370668BE4230D0774F90370668B6
:100A6000BE422BD0744FA8370668BE4226D0734FC3
:100A70000668BE4222D0714F14370668BE421DD0B0
:100A80006E4F28370668BE4218D06C4F3C37066858
:100A9000BE4213D0694F50370668BE420ED0674F32
:100AA00064370668BE4209D0644F78370668BE4294
:100AB00004D0624F8C370668BE4201D1012600E0A7
:100AC00000263EB1D0E919767E60C66E16B1D0E937
:100AD0001C767E60574F0668BE4249D0554F183786
:100AE0000668BE4244D0534F30370668BE423FD0FE
:100AF000504F48370668BE423AD04E4F60370668BE
:100B0000BE4235D04B4F78370668BE4230D0494F91
:100B100090370668BE422BD0464FA8370668BE42C3
:100B200026D0454F0668BE4222D0434F183706688C
:100B3000BE421DD0404F30370668BE4218D03E4FEF
:100B400048370668BE4213D03B4F60370668BE4246
:100B50000ED0394F78370668BE4209D0364F9037ED
:100B60000668BE4204D0344FA8370668BE4201D1A1
:100B7000012600E00026DEB190F85C6006F01F0759
:100B80003F26BE40AE600668366826F480260768B9
:100B90003E60066873608668402E04D10668B260C5
:100BA0000668F16044E00668B1600668F2603FE004
:100BB000224F0668BE4222D0204F14370668BE423C
:100BC0001DD01E4F28370668BE4218D01B4F3C3739
:100BD0000668BE4213D0194F50370668BE420ED089
:100BE000164F64370668BE4209D0144F783706683E
:100BF000BE4204D0114F8C370668BE4201D1012697
:100C000000E00026A6B190F85C6006F01F07012600
:100C1000BE406660066873608668402E04D1066830
:100C2000B2600668F16003E00668B1600668F260D1
:100C3000F0BD0000100002401004024008540258A9
:100C4000704700002DE9F04704460F4690461E46C7
:100C5000DDF820904FF0000AA068802804D1400001
:100C600060654FF0010A75E100BF94F83400012877
:100C700002D10220BDE8F087012084F8340000BFD3
:100C800094F8350001287DD1022084F83500002039
:100C90006065B1492068884249D0AF491831206861
:100CA000884244D0AC493031206888423FD0AA49BC
:100CB0004831206888423AD0A7496031206888428C
:100CC00035D0A54978312068884230D0A24990318A
:100CD000206888422BD0A049A8312068884226D0BD
:100CE0009E492068884222D09C4918312068884259
:100CF0001DD09A4930312068884218D09749483130
:100D00002068884213D095496031206888420ED00F
:100D1000924978312068884209D090499031206802
:100D2000884204D08D49A8312068884201D1012031
:100D300000E0002090B12068006840F48020216825
:100D4000086020680661A06D00F1080594F85C0059
:100D500000F01F013F208840286011E020680068F3
:100D600048F2200108432168086020680661A06DF0
:100D7000051D94F85C0000F01F01012088402860E8
:100D8000754900E0E1E02068884270D0724918316E
:100D9000206888426BD0704930312068884266D024
:100DA0006D4948312068884261D06B4960312068C4
:100DB00088425CD0684978312068884257D06649BB
:100DC00090312068884252D06349A8312068884217
:100DD0004DD062492068884249D060491831206866
:100DE000884244D05D493031206888423FD05B4919
:100DF0004831206888423AD058496031206888429A
:100E000035D0564978312068884230D053499031E6
:100E1000206888422BD05149A8312068884226D0CA
:100E20004F492068884222D04D49143120688842B9
:100E30001DD04B4928312068884218D048493C31A0
:100E40002068884213D046495031206888420ED02D
:100E5000434964312068884209D04149783120688B
:100E6000884204D03E498C312068884201D101205B
:100E700000E0002068B14B46424639462046FFF765
:100E80002FFDD4E919104860E06E10B1D4E91C10B0
:100E9000486031492068884249D02F49183120687C
:100EA000884244D02C493031206888423FD02A49BA
:100EB0004831206888423AD027496031206888420A
:100EC00035D0254978312068884230D02249903188
:100ED000206888422BD02049A8312068884226D03B
:100EE0001E492068884222D01C4918312068884257
:100EF0001DD01A4930312068884218D0174948312E
:100F00002068884213D015496031206888420ED08D
:100F1000124978312068884209D010499031206800
:100F2000884204D00D49A8312068884206D1206843
:100F3000006840F00100216808600BE0206800684C
:100F400040F001002168086004E04FF40060606533
:100F50004FF0010A50468DE6100002401004024096
:100F6000085402582DE9F041044601F01DFA80466C
:100F700014B90120BDE8F08194F83500022808D0AA
:100F80008020606500BF002084F8340000BF01208D
:100F9000F0E7FE492068884249D0FC4918312068B2
:100FA000884244D0F9493031206888423FD0F7491F
:100FB0004831206888423AD0F4496031206888423C
:100FC00035D0F24978312068884230D0EF499031ED
:100FD000206888422BD0ED49A8312068884226D06D
:100FE000EB492068884222D0E949183120688842BC
:100FF0001DD0E74930312068884218D0E449483193
:101000002068884213D0E2496031206888420ED0BF
:10101000DF4978312068884209D0DD499031206865
:10102000884204D0DA49A8312068884201D10120E1
:1010300000E0002068B12068006820F01E002168F0
:1010400008602068406920F08000216848612568B8
:1010500006E02068006820F00E002168086025681E
:10106000CA492068884270D0C8491831206888422F
:101070006BD0C64930312068884266D0C3494831B8
:101080002068884261D0C1496031206888425CD0C4
:10109000BE4978312068884257D0BC4990312068D9
:1010A000884252D0B949A831206888424DD0B84909
:1010B0002068884249D0B64918312068884244D017
:1010C000B3493031206888423FD0B1494831206867
:1010D00088423AD0AE4960312068884235D0AC4968
:1010E00078312068884230D0A94990312068884200
:1010F0002BD0A749A8312068884226D0A54920686E
:10110000884222D0A3491431206888421DD0A149C9
:1011100028312068884218D09E493C312068884296
:1011200013D09C495031206888420ED099496431CF
:101130002068884209D0974978312068884204D0D5
:1011400094498C312068884201D1012000E00020C0
:1011500028B1206E006820F48070216E08608B49F1
:101160002068884249D0894918312068884244D093
:1011700086493031206888423FD084494831206810
:1011800088423AD0814960312068884235D07F4911
:1011900078312068884230D07C499031206888427C
:1011A0002BD07A49A8312068884226D07849206817
:1011B000884222D076491831206888421DD074496F
:1011C00030312068884218D07149483120688842FF
:1011D00013D06F496031206888420ED06C49783155
:1011E0002068884209D06A4990312068884204D03A
:1011F0006749A8312068884206D12068006820F03D
:1012000001002168086005E02068006820F0010006
:101210002168086011E001F0C7F8A0EB080005287C
:101220000BD920206065032084F8350000BF002022
:1012300084F8340000BF01209CE6286800F001001B
:101240000028E8D151492068884249D04F491831D7
:101250002068884244D04D493031206888423FD0D0
:101260004A494831206888423AD04849603120686C
:10127000884235D0454978312068884230D043498A
:101280009031206888422BD04049A831206888429C
:1012900026D03F492068884222D03D491831206835
:1012A00088421DD03A4930312068884218D03849E8
:1012B00048312068884213D035496031206888421F
:1012C0000ED0334978312068884209D030499031B6
:1012D0002068884204D02E49A8312068884201D174
:1012E000012000E0002040B1A66D94F85C0000F001
:1012F0001F013F208840B06007E0A76D94F85C00B4
:1013000000F01F0101208840786020492068884251
:1013100076D01E4918312068884271D01B4930317F
:10132000206888426CD0194948312068884267D0CB
:10133000164960312068884262D0144978312068AB
:1013400088425DD0114990312068884258D00F49B9
:10135000A8312068884253D00D49206888424FD078
:101360000B491831206888424AD009493031206839
:10137000884245D0064948312068884240D0044917
:101380006031206888423BD0014905E010000240EE
:1013900010040240085402587831206888422FD047
:1013A0002549206888422BD023491831206888427B
:1013B00026D022492068884222D020491431206852
:1013C00088421DD01D4928312068884218D01B4909
:1013D0003C312068884213D0184950312068884237
:1013E0000ED0164964312068884209D013497831FB
:1013F0002068884204D011498C312068884201D18C
:10140000012000E0002068B1D4E919104860E06EC6
:1014100040B1E06E006820F48070E16E0860D4E9AD
:101420001C104860012084F8350000BF002084F8BB
:10143000340000BF00BF9DE5A004024008540258DC
:1014400070B504460CB9012070BD94F8350002282F
:1014500003D0802060650120F6E7DC4920688842DF
:1014600049D0DA4918312068884244D0D749303110
:10147000206888423FD0D5494831206888423AD018
:10148000D24960312068884235D0D049783120680F
:10149000884230D0CD499031206888422BD0CB494A
:1014A000A8312068884226D0C9492068884222D0C5
:1014B000C7491831206888421DD0C549303120689D
:1014C000884218D0C24948312068884213D0C049A8
:1014D0006031206888420ED0BD497831206888424A
:1014E00009D0BB4990312068884204D0B849A8315E
:1014F0002068884201D1012000E00020F0B30420E0
:1015000084F83500B149206888424BD0AF49183182
:101510002068884246D0AD4930312068884241D0A9
:10152000AA494831206888423CD0A84960312068E7
:10153000884237D0A54978312068884232D0A34903
:101540009031206888422DD0A049A8312068884277
:1015500028D09F492068884224D09D4918312068AE
:1015600088421FD09A493031206888421AD0984961
:1015700048312068884215D0954900E020E060316C
:10158000206888420ED0924978312068884209D07C
:101590008F4990312068884204D08D49A831206855
:1015A000884206D12068006820F0010021680860A8
:1015B00009E12068006820F001002168086002E16C
:1015C0002068006820F00E00216808607F492068CC
:1015D000884249D07D4918312068884244D07B49EF
:1015E0003031206888423FD07849483120688842AD
:1015F0003AD0764960312068884235D073497831D5
:101600002068884230D071499031206888422BD0C0
:101610006E49A8312068884226D06D4920688842EA
:1016200022D06B491831206888421DD0684930317A
:101630002068884218D0664948312068884213D013
:1016400063496031206888420ED061497831206852
:10165000884209D05E4990312068884204D05C49B4
:10166000A8312068884206D12068006820F0010077
:101670002168086005E02068006820F0010021680A
:10168000086052492068884270D05049183120685B
:1016900088426BD04D4930312068884266D04B4932
:1016A00048312068884261D04849603120688842CA
:1016B0005CD0464978312068884257D04349903100
:1016C0002068884252D04149A831206888424DD0D4
:1016D0003F492068884249D03D49183120688842F6
:1016E00044D03B493031206888423FD038494831A6
:1016F000206888423AD0364960312068884235D027
:10170000334978312068884230D03149903120689F
:1017100088422BD02E49A8312068884226D02D49F6
:101720002068884222D02B491431206888421DD07D
:10173000284928312068884218D026493C31206841
:10174000884213D023495031206888420ED0214965
:1017500064312068884209D01E4978312068884267
:1017600004D01C498C312068884201D1012000E05E
:101770000020D8B1206E006820F48070216E0860CF
:10178000A56D94F85C0000F01F010120884068609E
:10179000D4E919104860E06E40B1E06E006820F4B2
:1017A0008070E16E0860D4E91C104860012084F864
:1017B000350000BF002084F8340000BF206D10B158
:1017C0002046216D884700203EE6000010000240C0
:1017D000100402400854025870B504460CB90120A8
:1017E00070BD9B492068884249D0994918312068CA
:1017F000884244D096493031206888423FD094498D
:101800004831206888423AD0914960312068884246
:1018100035D08F4978312068884230D08C4990315A
:10182000206888422BD08A49A8312068884226D077
:1018300088492068884222D0864918312068884229
:101840001DD0844930312068884218D08149483100
:101850002068884213D07F496031206888420ED0CA
:101860007C4978312068884209D07A4990312068D3
:10187000884204D07749A8312068884206D1206880
:10188000006820F001002168086005E02068006819
:1018900020F00100216808606D492068884249D025
:1018A0006B4918312068884244D06949303120683A
:1018B00088423FD066494831206888423AD064491E
:1018C00060312068884235D061497831206888428B
:1018D00030D05F499031206888422BD05C49A831D4
:1018E0002068884226D05B492068884222D0594926
:1018F0001831206888421DD056493031206888420E
:1019000018D0544948312068884213D05149603179
:10191000206888420ED04F4978312068884209D02B
:101920004C4990312068884204D04A49A831206847
:10193000884201D1012000E00020C8B100202168C8
:10194000086021684860216888602168C860216853
:1019500008612120216848612046FEF745FE0646C1
:1019600094F85C0000F01F013F208840B06043E025
:1019700039492068884222D037491431206888428A
:101980001DD0354928312068884218D032493C3171
:101990002068884213D030495031206888420ED0E8
:1019A0002D4964312068884209D02B49783120685C
:1019B000884204D028498C312068884201D1012016
:1019C00000E00020B0B10020216808602168486074
:1019D000216888602168C860216808612046FEF798
:1019E00003FE054694F85C0000F01F0101208840CA
:1019F000686001E00120F3E62046FEF76BFE206EF2
:101A000028B10020216E0860D4E919104860606890
:101A100058B16068082808D82046FEF7BDFE0020AF
:101A2000E16E0860D4E91C1048600020E066206781
:101A30006067E06320646064A064E06420656065C2
:101A400084F8350000BF84F8340000BF00BFC7E64B
:101A50001000024010040240085402582DE9F041E1
:101A6000044600F0A1FC804614B90120BDE8F081D5
:101A7000FE492068884249D0FC49183120688842D4
:101A800044D0FA493031206888423FD0F749483184
:101A9000206888423AD0F54960312068884235D0C4
:101AA000F24978312068884230D0F049903120687E
:101AB00088422BD0ED49A8312068884226D0EC49D5
:101AC0002068884222D0EA491831206888421DD017
:101AD000E74930312068884218D0E549483120680C
:101AE000884213D0E2496031206888420ED0E04934
:101AF00078312068884209D0DD49903120688842D9
:101B000004D0DB49A8312068884201D1012000E0DF
:101B10000020002873D0606A00B100BF022084F862
:101B2000350000BF002084F8340000BFCF49206892
:101B3000884249D0CD4918312068884244D0CB49E9
:101B40003031206888423FD0C849483120688842F7
:101B50003AD0C64960312068884235D0C3497831CF
:101B60002068884230D0C1499031206888422BD00B
:101B7000BE49A8312068884226D0BD4920688842E5
:101B800022D0BB491831206888421DD0B849303175
:101B90002068884218D0B64948312068884213D05E
:101BA000B3496031206888420ED0B149783120684D
:101BB000884209D0AE4990312068884204D0AC49AF
:101BC000A8312068884206D12068006820F0010012
:101BD0002168086005E02068006820F001002168A5
:101BE00008600DE000F0E0FBA0EB0800052807D935
:101BF00020206065032084F83500012036E76AE084
:101C00002068006800F001000028EBD1206805681A
:101C100098480540D4E902010843216908436169F5
:101C20000843A1690843E1690843216A0843054361
:101C3000606A042803D1D4E90B01084305438E48A8
:101C400000686FF30F00B0F1005F1DD360682928B2
:101C500002D360682E2811D960683F2802D36068DB
:101C600042280BD96068472802D36068482805D904
:101C700060684F2804D36068522801D8012000E032
:101C8000002008B145F4801520680560206845698A
:101C900025F00705606A0543606A04280DD1A06A33
:101CA0000543E06A48B12046FEF7C2FD28B1402056
:101CB0006065012084F83500D8E62068456120463B
:101CC000FEF792FC064694F85C0000F01F013F20EE
:101CD0008840B0609EE069492068884222D0674908
:101CE0001431206888421DD0644928312068884218
:101CF00018D062493C312068884213D05F49503186
:101D0000206888420ED05D4964312068884209D03D
:101D10005A4978312068884204D058498C3120686B
:101D2000884201D1012000E00020E0B3534920683F
:101D3000884222D051491431206888421DD04F4931
:101D400028312068884218D04C493C3120688842AC
:101D500013D04A495031206888420ED04749643137
:101D60002068884209D0454978312068884204D0EB
:101D700042498C312068884201D1012000E00020D6
:101D800000B100BF022084F8350000BF002084F8B5
:101D9000340000BF2068056839480540A068402825
:101DA00002D1102106E02EE0A068802801D1C101F7
:101DB00000E00021E06841EAD001206941EAD00159
:101DC000606941EAD001A06941EAD001E06941EAD5
:101DD000D001206A41EA10100543206805602749B8
:101DE0002068401A1421B0FBF1F08000E065204625
:101DF000FEF7FAFB074694F85C0000F01F01012093
:101E00008840786006E040206065032084F8350053
:101E100001202BE61549206888427FD013491831EC
:101E2000206888427AD0114930312068884275D0C4
:101E30000E4948312068884270D00C4960312068D2
:101E400088426BD0094978312068884266D00749BA
:101E500090312068884261D00449A83120688842C6
:101E60005CD003492068884258D00BE01000024043
:101E7000100402403F8010FE0010005C085402581D
:101E80000F00FEFF3B4918312068884246D039498F
:101E900030312068884241D0364948312068884234
:101EA0003CD0344960312068884237D0314978319C
:101EB0002068884232D02F499031206888422DD046
:101EC0002C49A8312068884228D02B4920688842B4
:101ED00024D029491431206888421FD0264928314E
:101EE000206888421AD024493C312068884215D0A5
:101EF000214950312068884210D01F496431206840
:101F000088420BD01C4978312068884206D01A4993
:101F10008C312068884200E000E001D1012000E01F
:101F2000002000B32046FEF7D5FBA068802801D131
:101F3000002060602079216E0860D4E919104860A3
:101F4000606860B16068082809D82046FEF724FC64
:101F50000020E16E0860D4E91C10486003E0002016
:101F6000E0662067606700206065012084F8350026
:101F700000207BE510040240085402582DE9F0418E
:101F800004460D4616461F464FF0000814B90120BE
:101F9000BDE8F08100BF94F83400012801D102208F
:101FA000F6E7012084F8340000BF94F835000128DA
:101FB0007ED1022084F835000020606565492068E4
:101FC000884249D0634918312068884244D0614929
:101FD0003031206888423FD05E49483120688842CD
:101FE0003AD05C4960312068884235D0594978310F
:101FF0002068884230D057499031206888422BD0E1
:102000005449A8312068884226D053492068884224
:1020100022D051491831206888421DD04E493031B4
:102020002068884218D04C4948312068884213D033
:1020300049496031206888420ED04749783120688C
:10204000884209D0444990312068884204D04249EE
:10205000A8312068884206D12068006820F001007D
:102060002168086005E02068006820F00100216810
:1020700008603B46324629462046FEF7A7FC354914
:10208000206888424BD0334918312068884246D0B6
:10209000304930312068884241D02E49483120688B
:1020A00088423CD02B4960312068884237D000E01C
:1020B00043E0284978312068884230D02549903162
:1020C000206888422BD02349A8312068884226D036
:1020D00021492068884222D01F491831206888424F
:1020E0001DD01D4930312068884218D01A49483126
:1020F0002068884213D018496031206888420ED089
:10210000154978312068884209D0134990312068F8
:10211000884204D01049A8312068884206D120683E
:10212000006840F001002168086010E02068006845
:1021300040F001002168086009E04FF4006060652C
:1021400000BF002084F8340000BF4FF00108404673
:102150001EE700001000024010040240034800681F
:1021600040F0010001490860704700002004005859
:10217000F8B502460B4600216F4DD7E001278F408E
:102180001E6806EA0704002C72D01E7906F00306CA
:10219000012E04D01E7906F00306022E13D190689A
:1021A0004F000326BE40B0434F00DE68BE403043C0
:1021B0009060506801268E40B0431E79C6F3001629
:1021C0008E40304350601E7906F00306032E09D07E
:1021D000D0684F000326BE40B0434F009E68BE400B
:1021E0003043D0601E7906F00306022E13D1CF08CB
:1021F00002F1200656F827004E07F70E0F26BE40C4
:10220000B0434F07FF0E1E69BE403043CF0802F1B6
:10221000200646F8270010684F000326BE40B04352
:102220001E7906F003064F00BE40304310605E6822
:1022300006F44036002E78D000BF404E366846F097
:1022400002063E4F3E603E46366806F002060096A5
:1022500000BF00BF3A4E8F0856F827008E07370F91
:102260000F26BE40B043374EB24202D100262EE0C8
:102270005BE0354EB24201D1012628E0334EB24236
:1022800001D1022623E0324EB24201D103261EE0E4
:10229000304EB24201D1042619E02F4EB24201D194
:1022A000052614E02D4EB24201D106260FE02C4E39
:1022B000B24201D107260AE02A4EB24201D10826D5
:1022C00005E0294EB24201D1092600E00A268F0717
:1022D0003F0FBE4030431A4E8F0846F827004FF09C
:1022E000B0463068A0435E6806F4801606B120430D
:1022F0004FF0B04630607068A0435E6806F4001688
:1023000006B120434FF0B04670606868A0435E6835
:1023100006F4003606B1204368602868A0435E6872
:1023200006F4803606B120432860491C1E68CE4062
:10233000002E7FF423AFF8BD80000058F44402580B
:10234000080400580000025800040258000802580F
:10235000000C0258001002580014025800180258CD
:10236000001C02580020025800240258024613693B
:102370000B400BB1012000E00020704710B542690E
:1023800021EA020302EA010443EA0443836110BD27
:102390000AB1816101E00B04836170470148006864
:1023A000000C70470010005C014800687047000096
:1023B0004C00002403480068034909780844014997
:1023C000086070474C0000245400002410B503201E
:1023D00000F00EF901F0FAFB10490968C1F303217E
:1023E0000F4A515C01F01F0120FA01F40B4800680C
:1023F00000F00F001146085C00F01F0024FA00F006
:1024000008490860084804600F2000F00FF808B180
:10241000012010BD00F09AF80020FAE71844025895
:102420002E530008040000240000002470B5044668
:102430001148007808B9012070BD0F4800784FF4AA
:102440007A71B1FBF0F00D490968B1FBF0F528464F
:1024500002F016F908B10120EEE7102C07D2002295
:102460002146501E00F087F80548046001E0012075
:10247000E2E70020E0E70000540000240000002410
:10248000500000244178154A11600178F9B1121DFD
:1024900041681160017B0907C27A41EA0261827AD0
:1024A00041EAC241427B41EA8241827B41EA4241A8
:1024B000C27B41EA0241427A41EA0221027A41EAC0
:1024C000420102781143054A0832116005E00021FB
:1024D000024A121D1160121D1160704798ED00E054
:1024E00000BF00BF00BFBFF35F8F00BF00BF00BFD2
:1024F0000548006820F48030034908600020024944
:10250000703108607047000024ED00E040F00101E8
:102510000D4A11600C497039096841F480310A4A4A
:10252000703A116000BF00BF00BFBFF34F8F00BF04
:1025300000BF00BF00BF00BF00BFBFF36F8F00BF71
:1025400000BF00BF7047000094ED00E070470146F7
:10255000084600280DDB00BF00BF00F01F0301226A
:102560009A4043099B0003F1E023C3F8002100BF18
:1025700000BF00BF70472DE9F05F80460D4616464C
:1025800002F002FB074639462A46334601F00700AF
:10259000C0F1070ABAF1040F02D94FF0040A01E0B2
:1025A000C0F1070AD14600F1040ABAF1070F02D2BE
:1025B0004FF0000A01E0A0F1030AD4464FF0010AEF
:1025C0000AFA09FAAAF1010A0AEA020A0AFA0CFA54
:1025D0004FF0010B0BFA0CFBABF1010B0BEA030BF9
:1025E0004AEA0B042146404602F0D6FABDE8F09FC5
:1025F00000BF00F00702064B19684FF6FF031940B1
:10260000044B0B4343EA0221014B196000BF7047A2
:102610000CED00E00000FA050348006840F080700F
:1026200001490860704700000C48025810B501F0DD
:1026300083FA05490968C1F30211044A515C01F0AB
:102640001F01C84010BD0000204402582E5300084E
:1026500070B50146844D2D6805F00303824D2D6849
:10266000C5F30530804D2D1D2D68C5F300147E4D3A
:1026700014352D68C5F3CC0515FB04F501EE105A91
:10268000B8EE411AF0EE410A00286FD023B1012BB9
:102690004ED0022B6BD16BE0734D283D2D68C5F3F6
:1026A00040153DB3704D283D2D68C5F3C1066F4DF3
:1026B00025FA06F201EE102AF8EE411A01EE100A90
:1026C000B8EE411A81EE812A9FED691AC0EE811A97
:1026D000654D10352D68C5F3080501EE105AB8EEAA
:1026E000411A31EE811AF7EE001A31EE211A22EE6C
:1026F000010A1CE001EE100AB8EE411ADFED5D1A86
:1027000081EE812A9FED5A1AC0EE811A564D10357E
:102710002D68C5F3080501EE105AB8EE411A31EEE6
:10272000811AF7EE001A31EE211A22EE010A5BE05F
:1027300001EE100AB8EE411ADFED4F1A81EE812A40
:102740009FED4B1AC0EE811A474D10352D68C5F329
:10275000080501EE105AB8EE411A31EE811AF7EE73
:10276000001A31EE211A22EE010A3DE077E01DE069
:1027700001EE100AB8EE411A9FED402AC2EE011A8E
:102780009FED3B1A80EE812A374D10352D68C5F339
:10279000080501EE105AB8EE411A32EE011AB7EEF2
:1027A000002A31EE021A21EE810A1DE001EE100A24
:1027B000B8EE411ADFED301A81EE812A9FED2C1A16
:1027C000C0EE811A284D10352D68C5F3080501EEBD
:1027D000105AB8EE411A31EE811AF7EE001A31EEB6
:1027E000211A22EE010A00BF00BF1F4D10352D68CF
:1027F000C5F3462501EE105AB8EE411AF7EE001A5D
:1028000031EE211AC0EE011ABCEEE11A81ED001A78
:10281000154D10352D68C5F3064501EE105AB8EE7A
:10282000411AF7EE001A31EE211AC0EE011ABCEE81
:10283000E11A81ED011A0C4D10352D68C5F30665BE
:1028400001EE105AB8EE411AF7EE001A31EE211AD5
:10285000C0EE011ABCEEE11A81ED021A03E0002578
:102860000D604D608D6070BD284402580090D0030B
:10287000000000460024744C0024744A0024F44AEA
:1028800070B50146844D2D6805F00303824D2D6817
:10289000C5F30550804D2D1D2D68C5F300247E4DD8
:1028A0001C352D68C5F3CC0515FB04F501EE105A57
:1028B000B8EE411AF0EE410A00286FD023B1012B87
:1028C0004ED0022B6BD16BE0734D283D2D68C5F3C4
:1028D00040153DB3704D283D2D68C5F3C1066F4DC1
:1028E00025FA06F201EE102AF8EE411A01EE100A5E
:1028F000B8EE411A81EE812A9FED691AC0EE811A65
:10290000654D18352D68C5F3080501EE105AB8EE6F
:10291000411A31EE811AF7EE001A31EE211A22EE39
:10292000010A1CE001EE100AB8EE411ADFED5D1A53
:1029300081EE812A9FED5A1AC0EE811A564D183544
:102940002D68C5F3080501EE105AB8EE411A31EEB4
:10295000811AF7EE001A31EE211A22EE010A5BE02D
:1029600001EE100AB8EE411ADFED4F1A81EE812A0E
:102970009FED4B1AC0EE811A474D18352D68C5F3EF
:10298000080501EE105AB8EE411A31EE811AF7EE41
:10299000001A31EE211A22EE010A3DE077E01DE037
:1029A00001EE100AB8EE411A9FED402AC2EE011A5C
:1029B0009FED3B1A80EE812A374D18352D68C5F3FF
:1029C000080501EE105AB8EE411A32EE011AB7EEC0
:1029D000002A31EE021A21EE810A1DE001EE100AF2
:1029E000B8EE411ADFED301A81EE812A9FED2C1AE4
:1029F000C0EE811A284D18352D68C5F3080501EE83
:102A0000105AB8EE411A31EE811AF7EE001A31EE83
:102A1000211A22EE010A00BF00BF1F4D18352D6894
:102A2000C5F3462501EE105AB8EE411AF7EE001A2A
:102A300031EE211AC0EE011ABCEEE11A81ED001A46
:102A4000154D18352D68C5F3064501EE105AB8EE40
:102A5000411AF7EE001A31EE211AC0EE011ABCEE4F
:102A6000E11A81ED011A0C4D18352D68C5F3066584
:102A700001EE105AB8EE411AF7EE001A31EE211AA3
:102A8000C0EE011ABCEEE11A81ED021A03E0002546
:102A90000D604D608D6070BD284402580090D003D9
:102AA000000000460024744C0024744A0024F44AB8
:102AB0002DE9F04104460025A8464FF00062D4E914
:102AC000001011400020134659404040014331D1CD
:102AD000A06E48B1B0F5801F0DD0B0F5001F11D029
:102AE000B0F5401F16D114E0F948006840F40030FA
:102AF000F749086010E0022104F1080001F0C8FE67
:102B0000054609E0022104F1280001F073FF0546A3
:102B100002E001E0012500BF00BF55B9EC482430B8
:102B2000006820F44010A16E0843E9492431086090
:102B300000E0A8464FF48073D4E90010194000204B
:102B40005940404001432ED1A06D05281BD2DFE83B
:102B500000F0030A11181900DD48006840F4003045
:102B6000DB49086011E0002104F1080001F090FE4B
:102B700005460AE0002104F1280001F03BFF05466C
:102B800003E002E001E0012500BF00BF55B9D048D5
:102B90002430006820F00700A16D0843CC4924319F
:102BA000086000E0A8464FF40073D4E90010194013
:102BB000002059404040014334D1E06D802818D0B6
:102BC00003DC40B140281DD10CE0C02818D0B0F57E
:102BD000807F17D115E0BE48006840F40030BC4942
:102BE000086011E0002104F1080001F051FE0546E3
:102BF0000AE0002104F1280001F0FCFE054603E094
:102C000002E001E0012500BF00BF55B9B048243003
:102C1000006820F4E070E16D0843AD49243108609C
:102C200000E0A8464FF48063D4E90010194000206A
:102C300059404040014339D1D4F8A800B0F5800F85
:102C40001AD004DC50B1B0F5001F1ED10DE0B0F574
:102C5000C00F18D0B0F5000F17D115E09C480068E0
:102C600040F400309A49086011E0002104F10800A6
:102C700001F00EFE05460AE0002104F1280001F0F3
:102C8000B9FE054603E002E001E0012500BF00BFF8
:102C90005DB98F482C30006820F46000D4F8A8108B
:102CA00008438B492C31086000E0A8464FF40062CD
:102CB000D4E9001011400020134659404040014320
:102CC00039D1D4F8AC00B0F1007F1AD004DC50B197
:102CD000B0F1807F1ED10DE0B0F1407F18D0B0F18F
:102CE000806F17D115E07A48006840F400307849C9
:102CF000086011E0002104F1080001F0C9FD05465B
:102D00000AE0002104F1280001F074FE054603E00A
:102D100002E001E0012500BF00BF5DB96C482C3026
:102D2000006820F0E060D4F8AC10084368492C310A
:102D3000086000E0A8464FF00073D4E90001184095
:102D4000002158404940084328D1E06CA8B1102820
:102D500004D0202809D0302810D10DE05C4800684C
:102D600040F400305A4908600AE0022104F10800EA
:102D700001F08EFD054603E002E001E0012500BF01
:102D800000BF55B952482030006820F03000E16C97
:102D900008434F492031086000E0A8464FF48053B3
:102DA000D4E900101940002059404040014337D178
:102DB000206EB0F5005F1AD004DC50B1B0F5805F32
:102DC0001ED10DE0B0F5405F18D0B0F5804F17D19F
:102DD00015E03F48006840F400303D49086011E0CC
:102DE000002104F1080001F053FD05460AE000212E
:102DF00004F1280001F0FEFD054603E002E001E0D9
:102E0000012500BF00BF55B931482430006820F4C7
:102E1000E040216E08432E492431086000E0A846B6
:102E20004FF40053D4E900101940002059404040AD
:102E3000014335D1606EB0F5403F1ED007DC68B16C
:102E4000B0F5803F0BD0B0F5003F19D10EE0B0F5E2
:102E5000802F13D0B0F5A02F12D110E012E0012185
:102E600004F1080001F014FD05460BE0012104F116
:102E7000280001F0BFFD054604E003E002E001E0A8
:102E8000012500BF00BF55B911482430006820F467
:102E9000E020616E08430E492431086000E0A84636
:102EA0004FF48043D4E900011840002158404940C4
:102EB000084337D1D4F8B000B0F1405F20D009DC2E
:102EC00078B1B0F1805F0DD0B0F1005F1BD110E0A0
:102ED0002C440258B0F1804F13D0B0F1A04F12D162
:102EE00010E012E0012104F1080001F0D1FC0546D8
:102EF0000BE0012104F1280001F07CFD054604E00F
:102F000003E002E001E0012500BF00BF4DB9FE482B
:102F1000006820F0E040D4F8B0100843FA49086097
:102F200000E0A8464FF40042D4E900101140002010
:102F3000134659404040014329D1206FB0B1B0F150
:102F4000805F03D0B0F1005F11D108E0EE482C386B
:102F5000006840F40030EC492C39086009E0012198
:102F600004F1080001F094FC054602E001E00125AF
:102F700000BF00BF55B9E4480838006820F0405051
:102F8000216F0843E0490839086000E0A8464FF087
:102F90008072D4E90010114000201346594040408F
:102FA00001432AD1A06CB8B1012804D002280BD06B
:102FB000032812D10FE0D4482C38006840F40030C8
:102FC000D1492C3908600AE0022104F1080001F01F
:102FD0005FFC054603E002E001E0012500BF00BF01
:102FE00055B9C9480C38006820F00300A16C0843AB
:102FF000C5490C39086000E0A8464FF48002D4E9C6
:1030000000011040002113465840494008437DD13B
:10301000BE48006840F48070BC490860FFF7C4F9FE
:10302000064606E0FFF7C0F9801B642801D9032596
:1030300005E0B648006800F480700028F2D000BFB8
:1030400085BBB1481830006800F44070B4F8B41083
:1030500001F44071884213D0AB481830006820F466
:103060004077A9481830006840F48030A6491831EC
:1030700008600846006820F4803008600846076051
:10308000D4F8B400B0F5807F15D1FFF78DF906466E
:1030900009E0FFF789F9801B41F28831884202D9A3
:1030A000032507E038E0984818300068C0F3400076
:1030B0000028EED000BF55BB00BFB4F8B40000F448
:1030C0004070B0F5407F0ED18F484838006820F43A
:1030D0007C518F4AD4F8B400104041EA10108A495C
:1030E0004839086007E088484838006820F47C5078
:1030F000854948390860844818300068B4F8B4102D
:10310000C1F30B0108438049183101E005E001E0FB
:10311000086002E0A84600E0A8460122D4E90001C8
:1031200010400021134658404940084330D1E06F19
:1031300018281AD005DC48B1082808D0102817D163
:103140000CE0202812D0282812D110E012E0012132
:1031500004F1080001F09CFB05460BE0012104F19D
:10316000280001F047FC054604E003E002E001E02E
:10317000012500BF00BF55B96348001F006820F05B
:103180003800E16F08436049091F086000E0A84665
:103190000222D4E900011040002113465840494062
:1031A000084329D1A06F062816D2DFE800F00304F7
:1031B0000B12131412E0012104F1080001F068FB66
:1031C00005460BE0012104F1280001F013FC05463F
:1031D00004E003E002E001E0012500BF00BF55B9B3
:1031E0004948001F006820F00700A16F08434649C6
:1031F000091F086000E0A8460423D4E90010194024
:10320000002059404040014329D1D4F894000628B9
:1032100016D2DFE800F003040B12131412E00121B0
:1032200004F1080001F034FB05460BE0012104F134
:10323000280001F0DFFB054604E003E002E001E0C6
:10324000012500BF00BF4DB92F48006820F00700DE
:10325000D4F8941008432C49086000E0A8462023C5
:10326000D4E900011840002158404940084337D1B3
:10327000D4F89000B0F1405F1ED007DC68B1B0F127
:10328000805F0BD0B0F1005F19D10EE0B0F1804F3C
:1032900013D0B0F1A04F12D110E012E0002104F1E0
:1032A000080001F0F5FA05460BE0022104F12800C0
:1032B00001F0A0FB054604E003E002E001E0012587
:1032C00000BF00BF5DB91048001F006820F0E0405B
:1032D000D4F8901008430C49091F086000E0A84684
:1032E0004023D4E9001019400020594040400143D8
:1032F0003CD1D4F89C00B0F5406F25D00EDCA0B1D5
:10330000B0F5806F12D005E05844025800480258CA
:10331000FFFCFF0FB0F5006F19D10EE0B0F5805F34
:1033200013D0B0F5A05F12D110E012E0002104F13B
:10333000080001F0ADFA05460BE0022104F1280077
:1033400001F058FB054604E003E002E001E001253E
:1033500000BF00BF4DB9FE48006820F4E050D4F82B
:103360009C100843FA49086000E0A8468023D4E98D
:1033700000101940002059404040014335D1D4F895
:10338000A000B0F5C04F1ED007DC68B1B0F5005FFB
:103390000BD0B0F5804F19D10EE0B0F5004F13D02F
:1033A000B0F5204F12D110E012E0002104F1080026
:1033B00001F06EFA05460BE0022104F1280001F04D
:1033C00019FB054604E003E002E001E0012500BF2F
:1033D00000BF4DB9DE48006820F46040D4F8A0106A
:1033E0000843DB49086000E0A8460823D4E9001040
:1033F0001940002059404040014317D1D4F88400BF
:10340000B0F5805F07D1022104F1280001F0F2FA43
:1034100008B14FF00108CE48001F006820F440506A
:10342000D4F884100843CA49091F08601023D4E95E
:1034300000101940002059404040014315D1D4F8F4
:103440009800B0F5807F07D1022104F1280001F037
:10345000D1FA08B14FF00108BD48006820F440706F
:10346000D4F898100843BA4908604FF40022D4E910
:10347000000110400021134658404940084327D11D
:10348000D4F8A40030B1B0F5803F0AD0B0F5003FC9
:103490000FD10DE0002104F1080001F0F9F9054613
:1034A00009E0022104F1280001F0A4FA054602E037
:1034B00001E0012500BF00BF4DB9A548006820F418
:1034C0004030D4F8A4100843A149086000E0A846A1
:1034D0004FF48023D4E900011840002158404940AE
:1034E00008432DD1D4F88800B0F5801F06D0B0F580
:1034F000001F0CD0B0F5401F11D10FE094482C38BC
:10350000006840F4003092492C39086009E001213C
:1035100004F1280001F06EFA054602E001E0012501
:1035200000BF00BF5DB98A48001F006820F440104A
:10353000D4F8881008438649091F086000E0A846AF
:103540004FF48032D4E90001104000211346584066
:103550004940084325D1206D18B1B0F5803F10D106
:1035600008E07B482C38006840F4003078492C395A
:10357000086008E0022104F1080001F089F905461D
:1035800001E0012500BF00BF55B971480C38006843
:1035900020F48030216D08436D490C39086000E04B
:1035A000A8464FF00052D4E9001011400020134605
:1035B00059404040014307D1022104F1280001F0A5
:1035C00019FA08B14FF001084FF40033D4E90001B3
:1035D0001840002158404940084329D1D4F88000C0
:1035E000A0B1B0F5807F06D0B0F5007F0CD0B0F56B
:1035F000407F0CD109E056482C38006840F4003078
:1036000053492C39086004E003E002E001E00125A1
:1036100000BF00BF5DB94E48001F006820F4407035
:10362000D4F8801008434A49091F086000E0A84602
:103630004FF48012D4E90010114000201346594085
:103640004040014309D142480838006820F000405A
:10365000616F08433E49083908604FF08052D4E951
:1036600000101140002013465940404001430AD148
:1036700037484838006820F48040D4F8B810084330
:103680003349483908604FF40012D4E90010114062
:103690000020134659404040014309D12C480838C6
:1036A000006820F08070E16E0843294908390860FD
:1036B0004FF08042D4E900101140002013465940D9
:1036C0004040014311D100BF21484838006820F430
:1036D00000401F494839086008460068D4F8BC100B
:1036E00008431B494839086000BF4FF00042D4E945
:1036F000001011400020134659404040014309D1B9
:1037000013480C38006820F04050616D08431049A0
:103710000C3908604FF40002D4E900101140002079
:1037200013465940404001430AD10948001F006830
:1037300020F44000D4F88C1008430549091F0860A4
:10374000012300216068184001224940504001E0F7
:1037500058440258014306D104F1080001F098F8DA
:10376000054605B1A8460222002160681040494084
:103770005040014307D1012104F1080001F088F80D
:10378000054605B1A84604230020616819400422BB
:1037900040405140084307D1022104F1080001F0E4
:1037A00077F8054605B1A84608230021606818404F
:1037B000082249405040014306D104F1280001F09D
:1037C00019F9054605B1A84610220021606810408D
:1037D00049405040014307D1012104F1280001F084
:1037E00009F9054605B1A84620220020616811406C
:1037F00040405140084307D1022104F1280001F064
:10380000F9F8054605B1A846B8F1000F02D100202D
:10381000BDE8F0810120FBE72DE9F04104460D46AB
:1038200014B90120BDE8F081BD48006800F00F0028
:10383000A8420ED2BA48006820F00F002843B849C9
:1038400008600846006800F00F00A84201D001207F
:10385000E8E7207800F0040004280ED1B14920697F
:10386000096801F07001884207D9AE48006820F06D
:10387000700021690843AB490860207800F0080017
:10388000082811D1A749091D6069096801F0700174
:10389000884209D9A348001D006820F070006169C2
:1038A0000843A049091D0860207800F01000102886
:1038B00011D19C49091DA069096801F4E0618842A1
:1038C00009D99848001D006820F4E060A169084308
:1038D0009449091D0860207800F02000202811D1AB
:1038E00090490831E069096801F07001884209D9FE
:1038F0008C480830006820F07000E169084389496D
:1039000008310860207800F0020002280ED18549B5
:10391000E068096801F00F01884207D98148006812
:1039200020F00F00E16808437E490860207800F02D
:103930000100002850D07B48006820F47060A16826
:103940000843784908606068022807D1754818382C
:103950000068C0F34040F8B9012063E760680328BD
:1039600007D1704818380068C0F34060A0B9012042
:1039700058E76068012807D16A4818380068C0F322
:10398000002048B901204DE7664818380068C0F3A8
:10399000800008B9012045E762480838006820F037
:1039A0000700616808435F4908390860FEF7FCFCBE
:1039B000064608E0FEF7F8FC801B41F28831884299
:1039C00001D903202EE757480838006800F0380076
:1039D0006168B0EBC10FEDD1207800F00200022841
:1039E0000ED15049E068096801F00F01884207D202
:1039F0004C48006820F00F00E1680843494908601E
:103A00004748006800F00F00A8420ED944480068FB
:103A100020F00F002843424908600846006800F083
:103A20000F00A84201D00120FCE6207800F004003D
:103A300004280ED13B492069096801F070018842D1
:103A400007D23848006820F07000216908433549E2
:103A50000860207800F00800082811D13149091DBC
:103A60006069096801F07001884209D22D48001D83
:103A7000006820F07000616908432A49091D086048
:103A8000207800F01000102811D12649091DA069E6
:103A9000096801F4E061884209D22248001D0068EB
:103AA00020F4E060A16908431E49091D08602078E0
:103AB00000F02000202811D11A490831E069096876
:103AC00001F07001884209D216480830006820F0E1
:103AD0007000E169084313490831086000F076F886
:103AE00010490968C1F303210F4A515C01F01F011D
:103AF00020FA01F70B48006800F00F001146085C3F
:103B000000F01F0027FA00F0084908600848076025
:103B100008480068FEF78AFC8046404682E60000BE
:103B200000200052184402582E53000804000024BC
:103B3000000000245000002410B500F047F80D49A3
:103B40000968C1F303210C4A515C01F01F0120FAFE
:103B500001F40848006800F00F001146085C00F00E
:103B60001F0024FA00F00549086005480460084673
:103B7000006810BD184402582E53000804000024A9
:103B80000000002400B5FFF7D7FF05490968C1F31D
:103B90000211044A515C01F01F01C84000BD000041
:103BA0001C4402582E53000800B5FFF7C5FF054915
:103BB0000968C1F30221044A515C01F01F01C840A9
:103BC00000BD00001C4402582E530008F0B5824E80
:103BD000366806F0380636B1082E15D0102E15D0EE
:103BE000182E7DD114E07C4E103E3668C6F3401688
:103BF00046B1794E103E3668C6F3C107774E26FAB5
:103C000007F000E07548E5E07548E3E07548E1E05D
:103C1000714E1836366806F003046F4E1836366853
:103C2000C6F305116C4E1C36366806F001056A4E67
:103C300024363668C6F3CC0616FB05F601EE106A8C
:103C4000B8EE410A002971D024B1012C50D0022CC9
:103C50006DD16DE0604E103E3668C6F340163EB33F
:103C60005D4E103E3668C6F3C1075C4E26FA07F378
:103C700001EE103AF8EE411A01EE101AB8EE411AB0
:103C800081EE812A9FED581AC0EE011A524E20365D
:103C90003668C6F3080601EE106AB8EE411A31EE36
:103CA000811AF7EE001A31EE211A62EE010A1EE0C7
:103CB00001EE101AB8EE411ADFED4C1A81EE812A9E
:103CC0009FED491AC0EE011A434E20363668C6F3FE
:103CD000080601EE106AB8EE411A31EE811A00E0D2
:103CE00076E0F7EE001A31EE211A62EE010A5BE08F
:103CF00001EE101AB8EE411A9FED3D2AC2EE011AEC
:103D00009FED391A80EE012A334E20363668C6F30D
:103D1000080601EE106AB8EE411A32EE011AB7EE4B
:103D2000002A31EE021A61EE810A3DE04EE01DE00C
:103D300001EE101AB8EE411ADFED2E1A81EE812A3B
:103D40009FED291AC0EE011A234E20363668C6F3BD
:103D5000080601EE106AB8EE411A31EE811AF7EE4C
:103D6000001A31EE211A62EE010A1DE001EE101A6E
:103D7000B8EE411A9FED1E2AC2EE011A9FED1A1AE3
:103D800080EE012A144E20363668C6F3080601EE8E
:103D9000106AB8EE411A32EE011AB7EE002A31EE7F
:103DA000021A61EE810A00BF00BF0B4E2036366852
:103DB000C6F34626721C01EE102AB8EE411AC0EE78
:103DC000811ABCEEE11A11EE100A00E0002001E0B9
:103DD000034800BF00BFF0BD104402580090D0035C
:103DE00000093D0000127A00000000460024744CD7
:103DF0000024744A0024F44A2DE9F047044614B91B
:103E00000120BDE8F087207800F00100002872D082
:103E1000FC48006800F03808FA481830D0F80090E4
:103E2000B8F1100F06D0B8F1180F0FD109F0030048
:103E300002280BD1F34810380068C0F34040002836
:103E40006ED0606800286BD10120DAE700BF60689F
:103E5000B0F5803F08D1EB481038006840F480305E
:103E6000E849103908602EE0606868B9E548103804
:103E7000006820F48030E349103908600846006883
:103E800020F4802008601EE06068B0F5A02F0DD1FE
:103E9000DC481038006840F48020DA4910390860A6
:103EA0000846006840F4803008600CE0D5481038BF
:103EB000006820F48030D349103908600846006853
:103EC00020F48020086000BF6068A8B1FEF76CFA9B
:103ED000054608E0FEF768FA401B41F28831884247
:103EE00001D903208DE7C74810380068C0F340406F
:103EF0000028EFD014E014E0FEF756FA054608E07B
:103F0000FEF752FA401B41F28831884201D9032062
:103F100077E7BC4810380068C0F340400028EFD174
:103F200000BF207800F00200022874D1B548006874
:103F300000F03808B3481830D0F80090B8F1000FFE
:103F400005D0B8F1180F56D109F00300D0BBAD4829
:103F500010380068C0F3800018B1E06808B901208B
:103F60004FE7A8481038006820F01900E1680843BE
:103F7000A44910390860FEF717FA054606E0FEF777
:103F800013FA401B022801D903203AE79D48103854
:103F90000068C0F380000028F1D000BFFEF7FEF9F2
:103FA00041F2030188421AD8206940280BD1954874
:103FB0000C38006820F47C3040F4003091490C3912
:103FC000086017E017E08F480C38006820F47C3058
:103FD000216940EA01308B490C3908600AE08948C0
:103FE0000C38006820F0FE40217C40EA01608549E1
:103FF0000C39086066E0E06888B3824810380068D1
:1040000020F01900E16808437E4910390860FEF786
:10401000CBF9054607E056E0FEF7C6F9401B02283B
:1040200001D90320EDE6774810380068C0F380001E
:104030000028F1D000BFFEF7B1F941F20301884238
:104040001AD8206940280BD16E480C38006820F43B
:104050007C3040F400306B490C39086017E017E001
:1040600068480C38006820F47C30216940EA01304F
:1040700064490C3908600AE062480C38006820F096
:10408000FE40217C40EA01605E490C39086019E07D
:104090005C481038006820F001005A491039086067
:1040A000FEF782F9054606E0FEF77EF9401B02287E
:1040B00001D90320A5E6534810380068C0F38000FA
:1040C0000028F1D100BF207800F0100010287CD12A
:1040D0004C48006800F038084A481830D0F8009082
:1040E000B8F1080F06D0B8F1180F3DD109F0030060
:1040F000012839D1434810380068C0F3002020B1AE
:10410000E069802801D001207BE600BFFEF746F978
:1041100041F2030188421AD8206A20280AD139487E
:104120000C38006820F0F84040F0804035490C39E8
:10413000086018E033480C38006820F0F84094F824
:10414000201040EA81602F490C3908600BE02D48AF
:10415000001F006820F07C5094F8201040EA0160B5
:104160002849091F086066E0E06978B325481038DF
:10417000006840F08000234910390860FEF714F908
:10418000054606E0FEF710F9401B022801D903207E
:1041900037E61C4810380068C0F300200028F1D032
:1041A00000BFFEF7FBF841F2030188421CD8206AE9
:1041B00020280CD113480C38006820F0F84040F05B
:1041C000804010490C3908601AE035E01CE00D48C9
:1041D0000C38006820F0F84094F8201040EA816024
:1041E00008490C3908600BE00648001F006820F001
:1041F0007C5094F8201040EA01600249091F0860D1
:1042000019E0000010440258FA48006820F08000CD
:10421000F8490860FEF7C8F8054606E0FEF7C4F85E
:10422000401B022801D90320EBE5F2480068C0F3E7
:1042300000200028F2D100BF207800F008000828F4
:1042400036D16069D0B1EB487430006840F00100AD
:10425000E84974310860FEF7A7F8054606E0FEF766
:10426000A3F8401B022801D90320CAE5E1487430B5
:104270000068C0F340000028F1D019E0DD48743038
:10428000006820F00100DB4974310860FEF78CF80B
:10429000054606E0FEF788F8401B022801D90320F6
:1042A000AFE5D44874300068C0F340000028F1D175
:1042B000207800F02000202830D1A069B8B1CD4886
:1042C000006840F48050CB490860FEF76DF8054661
:1042D00006E0FEF769F8401B022801D9032090E5AB
:1042E000C4480068C0F340300028F2D016E0C1484E
:1042F000006820F48050BF490860FEF755F8054675
:1043000006E0FEF751F8401B022801D9032078E5AA
:10431000B8480068C0F340300028F2D1207800F09F
:10432000040004287DD1B448006840F48070B2498C
:104330000860FEF739F8054606E0FEF735F8401B41
:10434000642801D903205CE5AB48006800F4807064
:104350000028F2D000BFA068012808D1A54870301D
:10436000006840F00100A349703108602DE0A068AA
:1043700068B9A0487030006820F001009D49703194
:1043800008600846006820F0040008601DE0A0688E
:1043900005280DD197487030006840F00400954919
:1043A000703108600846006840F0010008600CE0C9
:1043B00090487030006820F001008E49703108602C
:1043C0000846006820F00400086000BFA068A0B1A3
:1043D000FDF7EAFF054608E0FDF7E6FF401B41F266
:1043E0008831884201D903200BE58248703000688B
:1043F000C0F340000028EFD013E0FDF7D5FF0546DD
:1044000008E0FDF7D1FF401B41F28831884201D915
:104410000320F6E4774870300068C0F340000028BD
:10442000EFD1606A00287DD072481030006800F03B
:104430003800182877D0606A022875D16D48006866
:1044400020F080706B490860FDF7AEFF054606E07E
:10445000FDF7AAFF401B022801D90320D1E46548DB
:104460000068C0F340600028F2D100BFD4E90A1010
:1044700041EA00105F492831096840F2F332914364
:1044800008435C4928310860208E401EC0F30800B4
:10449000616B491E4FF47E4202EA41210843218F9D
:1044A000491ED20102EA014108433C21095D491E2F
:1044B000120202EA016108434E493031086000BF30
:1044C000081F006820F00100091F086049483430C7
:1044D00000684FF6F8718843A16C40EAC100454975
:1044E0003431086043482C30006820F00C00216C07
:1044F000084340492C3108600846006820F002005B
:10450000616C08433B492C3108600846006840F460
:10451000803008600846006840F4003008600846B3
:10452000006802E093E038E01FE040F4802008607B
:104530000846006840F0010008602E48006840F01E
:1045400080702C490860FDF72FFF054606E0FDF757
:104550002BFF401B022801D9032052E425480068A4
:10456000C0F340600028F2D071E02248006820F0DB
:10457000807020490860FDF717FF054606E0FDF74B
:1045800013FF401B022801D903203AE419480068B0
:10459000C0F340600028F2D159E01648283007687F
:1045A000144830300668606A012821D007F0030102
:1045B000A06A81421CD1C7F30511E06A884217D175
:1045C000C6F30801206B401E814211D1606B401E72
:1045D000C6F3462188420BD1A06B401EC6F30641AC
:1045E000884205D1E06B401EC6F30661884205D0C3
:1045F000012006E4004402580048025815480068AB
:10460000C0F3CC07A06CB84221D01248083800682B
:1046100020F001000F4908390860FDF7C5FE054686
:1046200000BFFDF7C1FE401BFBD00A4800684FF6F3
:10463000F8718843A16C40EAC1000649086005484A
:104640000838006840F0010002490839086000207D
:1046500048E4000034440258042808D14FF0E02117
:10466000096941F004014FF0E022116107E04FF0C9
:10467000E021096921F004014FF0E0221161704747
:1046800070B504462546681EB0F1807F01D3012035
:104690000FE0681E4FF0E02148610F214FF0FF301E
:1046A00000F07AFA00204FF0E021886107200861CD
:1046B000002070BD10B586B004462B4920688842A2
:1046C00050D100BF00BF2948006840F010002749C2
:1046D00008600846006800F01000009000BF00BFAE
:1046E00000BF00BF00BF21481038006840F0010043
:1046F0001E49103908600846006800F0010000906B
:1047000000BF00BF00BF00BF00BF0846006840F008
:10471000010008600846006800F00100009000BF3A
:1047200000BF00BF4FF400700190022002900120F2
:104730000390022004900720059001A90C48FDF782
:1047400017FD4FF4806001900720059001A90848EB
:10475000FDF70EFD2520FDF7FAFE03221146252068
:10476000FDF709FF06B010BD00100140F0440258EB
:104770000000025810B504463849206888423CD1F0
:104780003748008800F4004088BB3548008800F4B2
:10479000804070B1334800780A2803D000203049A7
:1047A000088024E02E48008840F400402C4908800E
:1047B0001DE02C4800780D2806D12948008840F4D7
:1047C00080402749088012E026480078244909885B
:1047D000C1F30D01244A505421480088401C20494F
:1047E000088008460088C72801DD002008800122D3
:1047F0001C491E48FBF79CFE2EE01D49206888429C
:104800002AD11C48007810BB1B4800780A2808D120
:1048100001201849087000201849194A1288885444
:1048200015E0174800887F280ADA134801781448F1
:1048300002880088401C124B18801048815406E002
:1048400000200F49088080210C48FBF776FE0122EA
:1048500009490C48FBF76CFE10BD00000010014038
:10486000480000244A0000244802002410030024C9
:10487000004C00407400002470000024A8050024AF
:10488000720000241405002400BFFEE77047704743
:104890002DE9F04104460E4600275548006800F017
:1048A0000300032802D10120BDE8F08150482838D8
:1048B000006820F080604E4928390860FDF774FDDB
:1048C000054606E0FDF770FD401B022801D90320D4
:1048D000EAE7474828380068C0F3C0600028F1D1F3
:1048E00000BF4348006820F47C30216840EA013072
:1048F0003F490860A088401EC0F30800A168491E17
:104900004FF47E4202EA41210843A189491ED201A7
:1049100002EA01410843217C491E120202EA0161B8
:10492000084333491031086000BF3148001D00685A
:1049300020F0C000616908432D49091D0860084640
:10494000006820F02000A16908432949091D08607A
:104950000846006820F01000086025481430006800
:104960004FF6F8718843E16940EAC10020491431EB
:1049700008601F48001D006840F010001C49091D18
:1049800008602EB90846006840F40020086012E074
:10499000012E08D11648001D006840F4801014490B
:1049A000091D086007E01248001D006840F400106F
:1049B0000F49091D08600E482838006840F08060E3
:1049C0000B4928390860FDF7EFFC054606E0FDF7C6
:1049D000EBFC401B022801D9032065E70448283876
:1049E0000068C0F3C0600028F1D038465CE70000E2
:1049F000284402582DE9F04104460E460027554848
:104A0000006800F00300032802D10120BDE8F08116
:104A100050482838006820F080504E4928390860F6
:104A2000FDF7C2FC054606E0FDF7BEFC401B022870
:104A300001D90320EAE7474828380068C0F34070EE
:104A40000028F1D100BF4348006820F07C70218825
:104A500040EA01503F490860A088401EC0F30800AA
:104A6000A168491E4FF47E4202EA41210843A18910
:104A7000491ED20102EA01410843217C491E12026B
:104A800002EA0161084333491831086000BF314828
:104A9000001D006820F44060616908432D49091D2C
:104AA00008600846006820F40070A169084329499D
:104AB000091D08600846006820F4807008602548D9
:104AC0001C3000684FF6F8718843E16940EAC10084
:104AD00020491C3108601F48001D006840F48070A8
:104AE0001C49091D08602EB90846006840F4800082
:104AF000086012E0012E08D11648001D006840F43D
:104B000000001449091D086007E01248001D0068F4
:104B100040F080700F49091D08600E482838006871
:104B200040F080500B4928390860FDF73DFC0546F0
:104B300006E0FDF739FC401B022801D9032065E798
:104B4000044828380068C0F340700028F1D0384687
:104B50005CE7000028440258704710B5FDF72AFCB6
:104B600010BD000010B50248FBF7ECFC10BD0000C2
:104B70001405002410B50248FBF7E4FC10BD00004A
:104B80001003002400BFFEE702480068C0F30220C3
:104B9000704700000CED00E010B5002804DB0A07A8
:104BA000130E054A135406E00A07140E034A00F0D8
:104BB0000F031B1FD45410BD00E400E018ED00E00B
:104BC00000BF704710B504460420FFF745FD0148BB
:104BD000046010BD4000002470B504461E2094FB04
:104BE000F0F594FBF0F100FB114604E047F2305081
:104BF00000F00CF86D1E002DF8D12EB14FF47A7133
:104C000006FB01F000F002F870BD00000146114AF9
:104C100012684A434FF0E0235A6100229A611A4613
:104C2000126942F001021A6100BF4FF0E0221069E0
:104C300000F001021AB100F48032002AF5D04FF0E2
:104C4000E022126922F001024FF0E0231A610022F3
:104C50009A6170474000002400BF054AD26902F003
:104C60004002002AF9D0C2B2014B9A62704700009C
:104C7000001001403EB50025002400F0F5F8FDF7D6
:104C8000A5FB042302221146F02000F079FA4FF42C
:104C9000F070FFF797FF4FF4E13000F027FBFBF7D0
:104CA00056FC4FF41650FBF757FCFBF75AFCFBF78A
:104CB0005DFCFBF760FCFBF763FC45F6BF5142F27D
:104CC0000F70FBF762FC4FF478404FA1102213469F
:104CD000CDE900210290C82232211E20FBF75AFCA8
:104CE0004FF478404AA110221346CDE900210290EA
:104CF000C82246211E20FBF74DFC4FF4784047A107
:104D000010221346CDE900210290C8225A211E200C
:104D1000FBF740FCFBF743FC21E04FF4784043A154
:104D200010221346CDE900210290F02282211E209C
:104D3000FBF730FCC820FFF74FFF4FF6FF70AA23A8
:104D4000EF22822100901E20FBF72EFCC820FFF7E7
:104D500043FF00BF20213948FDF710FB00BFFBF7E0
:104D600028FC0028D9D14FF4784035A110221346F1
:104D7000CDE900210290C82282211E20FBF70AFC07
:104D800035E00020FBF71AFC0546012D03D1002079
:104D90002E4908702CE0022D03D101202B49087008
:104DA00026E0601C84B2642C0CD14FF4784028A11A
:104DB00010221346CDE900210290E62296211E2002
:104DC000FBF7E8FBC82C0FD14FF6FF70A623D222C9
:104DD000962100901E20FBF7E7FB002400BF202156
:104DE0001648FDF7CBFA00BF0520FFF7F5FEC8E730
:104DF00000BF16480078012802D1FBF7E4FB01E070
:104E0000FBF7E6FB00203EBD53544D33320000005B
:104E10004F563536343020544553540041544F4D8D
:104E200040414C49454E54454B0000004F563536E5
:104E30003430204552524F520000000000100258FA
:104E40004F5635363430204F4B0000000800002408
:104E50004B4559303A5247423536352020574B5F43
:104E600055503A4A5045470010B500BF4C480068BD
:104E700000F4003000B139E000BF00BF00BFBFF355
:104E80004F8F00BF00BF00BF00BF00BF00BFBFF318
:104E90006F8F00BF00BF00BF00204249086000BF05
:104EA00000BF00BFBFF34F8F00BF00BF00BF00BFF8
:104EB00000BF00BFBFF36F8F00BF00BF00BF384807
:104EC000006840F400303649086000BF00BF00BFF2
:104ED000BFF34F8F00BF00BF00BF00BF00BF00BFC8
:104EE000BFF36F8F00BF00BF00BF00BF00BF2C4BE0
:104EF0001B6803F4803303B148E00023284C70346E
:104F0000236000BF00BF00BFBFF34F8F00BF00BFD3
:104F100000BF231F1868C0F34E3100BFC0F3C902A1
:104F200000BF43F6E07303EA41134FF0404404EA44
:104F3000827423431B4C1034236000BF00BF131E38
:104F4000A2F10102EDD10B1EA1F10101E6D100BFDA
:104F500000BF00BFBFF34F8F00BF00BF00BF104BAB
:104F60001B6843F480330E4C236000BF00BF00BFBA
:104F7000BFF34F8F00BF00BF00BF00BF00BF00BF27
:104F8000BFF36F8F00BF00BF00BF00BF05484C30AC
:104F9000006840F0040003494C31086010BD000077
:104FA00014ED00E050EF00E030B587B00546002476
:104FB00000BF6A48006840F002006849086008467F
:104FC000006800F00200019000BF00BF00BF08466B
:104FD000006840F0080008600846006800F008001B
:104FE000019000BF00BF00BF0846006840F01000FD
:104FF00008600846006800F01000019000BF00BF84
:1050000000BF56480C38006840F4804053490C39C2
:1050100008600846006800F48040019000BF00BFAF
:10502000402002900220039003200590012004906C
:105030000A20069002A94A48FDF79AF80420029037
:105040000920069002A94648FDF792F84FF46050F7
:1050500002900920069002A94248FDF789F8042031
:1050600002900920069002A93F48FDF781F83B48CD
:105070006438006840F48040384964390860084664
:10508000006820F48040086000BF3848806800F065
:1050900020000028F9D13648344908603548486076
:1050A0000846006840F00100086000BF2F48806893
:1050B00000F020000028F9D14FF483702B4948619B
:1050C00000BF2A48806800F002000028F9D0274875
:1050D000C06840F002002549C86000BF23488068CE
:1050E00000F020000028F9D12049C861EB2444F4E5
:1050F000807444F44064A81C44EA003444F44044FE
:1051000000BF44F4801444F0407444F04064084606
:1051100044611948006820F4803017490860164837
:105120007030006820F001001349703108600020E1
:10513000091D08604FF01040091D08600F48091D47
:10514000086005200C49703108600B48006840F485
:1051500080300949086007B030BD0000E0440258C3
:1051600000040258000C025800100258005000526F
:10517000100300010102180024ED00E02D000303DC
:105180002DE9F041CEB080460D4616461F4600245C
:105190005248006820F004005049086000BF002019
:1051A00001904F48006820F001004D490860084612
:1051B000006800F00100019048480C30006840F49D
:1051C000404046490C3108600846006800F4404001
:1051D000019000BF00BF00BF40480C30006800F4E1
:1051E0000050B0F5005FF7D121203A904FF48030A5
:1051F0003B9000203D904190012040900220439040
:1052000002213AA88162CDF81881C562466387639E
:10521000002141640821016400218164FEF7ECFD56
:1052200004461CB101204EB0BDE8F0813F20329011
:105230000320339000203490082035904020379090
:1052400000013890402036903990042132A8FEF7B2
:10525000E3FA04460CB10120E5E722490020CDE93C
:105260000210082004904FF4DC7105910221069190
:1052700007910891002109910A910B910220149045
:10528000202015900020209021904FF44010249071
:1052900002A8FDF70DFC04460CB10120C3E7002075
:1052A000FFF782FEFDF7B8F90F48006840F0800074
:1052B0000D49086000BF0C48F430006840F002005F
:1052C0000949F43108600846006800F002000190C6
:1052D00000BF00BFFCF742FF0020A4E70C480258C3
:1052E0002C040058030004030044025810B504467F
:1052F00009480A4908600846446000218160C1608D
:10530000016181610C214161FBF767F901220449C8
:105310000248FBF70DF910BD0010014010030024F6
:105320004A0000244FF04070E1EE100A7047000080
:105330000000010203040102030406070809000635
:105340001016000610160000685300080000002424
:1053500048020000D40200084C540008480200240F
:10536000900C000030030008113C90D00304011F92
:105370001370F91B9078041A80041A50041A5C0404
:105380001A64040110321033010122F80322FFFFD6
:10539000392C311A884C1A9C041AA4041A90041A45
:1053A000AC041A8C041A94041BC7847012FB14906A
:1053B000B19C1B90080813D94B1B088008130D4C97
:1053C0001B089C081375831B90340813C57C14902C
:1053D00014FD14909D7D1B903C0813157E1490B80D
:1053E000FA149049821B9068081AF1281AE4281AC6
:1053F00021201AB8081AB5201A64281A59601A9080
:1054000020131D801B9020081AE7181A44086920F1
:105410001A91401B10FC2819201A68081A11481A02
:10542000E0201A8B381AB0A01B0D395819081359EF
:105430003D1B90C42022A4142491921C90ED8A8CD0
:0C544000128B1B90D10C1A16EB01DC0043
:0200000490006A
:10000000642900F07F80752900F07C80782900F059
:10001000B580632900F08B82732900F09082002064
:10002000704700000FB4044910B503AA029800F00D
:100030008BFA10BC5DF814FB440000240FB41CB50F
:10004000074B06AA7B4469460090059800F04DFADC
:100050000020694600F05CFA1CBC5DF814FB00004F
:10006000C904000070B5044685690068C10601D561
:10007000302600E02026C00707D070BDD4E901215A
:1000800030469047206A401C20626D1EF6D570BD38
:1000900070B5044685690078C00707D170BDD4E902
:1000A000012120209047206A401C20626D1EF6D559
:1000B00070BD70B50C460546012A05D0287880062B
:1000C00000D5EA69002302E0012305E05B1C9342AE
:1000D00002D2E05C0028F9D1A869E618C01AA8612C
:1000E000286A184428622846FFF7BCFF04E0D5E9D7
:1000F000012114F8010B9047B442F8D32846FFF7CA
:10010000C7FF70BD2DE9F04106460024106875292F
:10011000314616A510D0AFF30080002802DA404225
:1001200013A507E031688A0701D512A502E0490747
:1001300004D511A5012401E0AFF3008000210A22BB
:1001400006F1240709E0B0FBF2FCB0FBF2F302FB7E
:100150001C00303078541846491C0028F3D123463F
:100160002A463046BDE8F04100F060B900000000CA
:100170002D0000002B0000002000000070B5044698
:100180000D4621461068AFF300802188090502D58D
:100190000F4A7A4402E00E4A7A440E32002104F1FA
:1001A000240305E000F00F060009965D5E54491C2B
:1001B0000028F7D120780023000704D5702D02D045
:1001C00009B1022311322046BDE8704000F02EB97B
:1001D00081F700002DE9F05F894604464FF0000AE0
:1001E000DFF874B1FB44C0F820A02046E1688847DE
:1001F000002874D0252806D0D4E901219047206A30
:10020000401C2062F1E700265F462046E1688847EF
:100210002028054607DB312D05D2781910F8200C6F
:1002200008B10643F1E7B00701D526F00406C4F88B
:100230001CA00027C4F818A02A2D09D0284603F0D6
:1002400009FA38B304EB8708303DC8F8185019E0B4
:1002500059F8041B204604EB87029161E168884746
:10026000012F054618D1E069002820DA26F0200683
:100270001DE0D8F8180000EB800005EB4000303896
:10028000C8F818002046E1688847054603F0E2F9FF
:100290000028EED1012F0AD02E2D08D12046E1688A
:1002A00088477F1C0546022F46F02006C4DBA06964
:1002B000002803DA404246F00106A061F00701D0B1
:1002C00026F010066C2D0BD0682D09D04C2D39D09E
:1002D0006A2D35D0742D35D07A2D33D016E038E024
:1002E000E1682F4620468847B842054609D16C2F61
:1002F00026D04FF48060E1680643204688470546D3
:1003000004E06C2F1AD04FF4807006430DB3A5F1B2
:100310004100192802D8203546F400664A4629468D
:10032000204626604E46FFF76BFE80B101280BD0B9
:10033000F61D26F0070000F1080956E74020E4E723
:100340008020D8E70020D6E706F104094DE72846CB
:1003500052E7206ABDE8F09F57F7000010B5431C34
:1003600002E010F8011B71B18107FAD14FF00132A0
:1003700002C88C1A8C4314EAC211F9D0C01A0A06BA
:1003800003D0C01E10BDC01A10BD0A0401D0801ECB
:1003900010BD0902FCD0401E10BD4FF00002042920
:1003A000C0F0128010F0030C00F01B80CCF1040CA4
:1003B000BCF1020F18BF00F8012BA8BF20F8022BD8
:1003C000A1EB0C0100F00DB85FEAC17C24BF00F87E
:1003D000012B00F8012B48BF00F8012B70474FF0AC
:1003E000000200B5134694469646203922BFA0E885
:1003F0000C50A0E80C50B1F12001BFF4F7AF090791
:1004000028BFA0E80C5048BF0CC05DF804EB890081
:1004100028BF40F8042B08BF704748BF20F8022BC4
:1004200011F0804F18BF00F8012B70472DE9F047FD
:100430000D4699469246044600F124080168880654
:1004400004D5E06921F01001216000E00120A842FC
:1004500001DD471B00E00027A1697A1902EB0900C2
:10046000081AA0612078C00602D42046FFF7FAFDE2
:10047000002608E0D4E901211AF806009047206A16
:10048000401C761C20624E45F4DB2078C0060AD55D
:100490002046FFF7E7FD06E0D4E901213020904730
:1004A000206A401C2062381EA7F10107F4DC07E037
:1004B000D4E9012118F805009047206A401C206209
:1004C000281EA5F10105F3DC2046FFF7E1FD2078A9
:1004D000000602D50220BDE8F0870120FBE70000FE
:1004E00001694A1C02610878704700B58FB0CDE9F8
:1004F00001310021059105497944CDE903101146E8
:100500006846FFF767FE0FB000BD0000E5FFFFFF84
:100510000A6802F8010B0A60704710B5436913B10D
:10052000AFF3008001E0FFF7C4FD012010BD127899
:1005300000F124010A7000224A700122EDE71168DF
:100540004FF0FF32E9E70000074B70B50D467B44E2
:10055000FFF7CBFF0446284600F008F810B14FF033
:10056000FF3070BD204670BD07470078007B00F06B
:100570008000704742F27D3CC0F6000C604741F2BB
:10058000414CC0F6000C604742F2711CC0F6000CF2
:10059000604742F2775CC0F6000C604742F24F5C65
:1005A000C0F6000C604740F6657CC0F6000C604762
:1005B00044F2B56CC0F6000C604742F2A93CC0F6AC
:1005C000000C604742F2913CC0F6000C604744F6D4
:1005D000D93CC0F6000C604742F26D3CC0F6000CFE
:1005E000604744F60D4CC0F6000C604744F2757C41
:1005F000C0F6000C604742F22D6CC0F6000C60475C
:1006000042F2516CC0F6000C604742F6810CC0F615
:10061000000C604740F2D73CC0F6000C604743F640
:10062000853CC0F6000C604743F6A93CC0F6000CC0
:10063000604741F2D97CC0F6000C604741F65D2C62
:10064000C0F6000C604741F67D7CC0F6000C6047A8
:1006500040F6454CC0F6000C604742F2E14CC0F653
:10066000000C604742F2854CC0F6000C604742F235
:100670000D5CC0F6000C604770B50546AC6BA06C15
:10068000406D022806D0012084F83500E06C40F06F
:100690004000E064204600F0B9F970BD10B5024892
:1006A00000F0D4F910BD00000004002410B5334858
:1006B00000683349884204D93248006800F4006079
:1006C00027E02E4800682E496039884205D92C4819
:1006D000B438006800F400601BE0284800682A492C
:1006E000884205D92648B838006800F4006010E058
:1006F0002248006824496039884205D92248B83820
:10070000406800F4006004E01F48B838006800F456
:10071000006088B3194800681949884204D9C81490
:100720001849091D086024E014480068144960391C
:10073000884204D9C8141249AC39086019E00F483E
:1007400000681149884204D9C8140D49B0390860BD
:100750000FE00A4800680C496039884204D9C8147F
:100760000949B839C86004E04FF400600649B83957
:10077000886006480068804710BD000050040024CF
:10078000B804024000540258B8000240640000243B
:1007900070B50446B3F5804F13D1D1E9000540EAA6
:1007A00005108D6840EA05208D6928438D8940EA4F
:1007B000054054F82250064E3540284344F82200A4
:1007C00003E06FF0704044F82200002070BD00008C
:1007D0000000F0CF70B50246086852F8200020F003
:1007E00001000E6842F826008868082801D14025DB
:1007F00000E00025486828438E683043CE683043C7
:100800000E6930434E6930438E693043CE693043C0
:100810000E6A30434E6A30438E6A3043CE6A40EAF5
:100820000603086B0343486B0343886B0343114C77
:1008300044F4801444F4001444F4E024086852F8AA
:100840002000A04318430E6842F82600086BB0F55C
:10085000801F07D1086828B1106820F480100E6B43
:1008600030431060086818B110684E6B3043106058
:10087000002070BD7FFB080030B50346D1E90005BC
:1008800040EA05108D6840EA05208D8940EA05455B
:10089000088A401E45EA0055087D801E45EA006032
:1008A0008D692843551C53F8255005F040452843D1
:1008B000551C43F82500186800F48010B0F5801F1F
:1008C0000BD1586820F47004088A401E44EA005492
:1008D000586820F4700020435860002030BD2DE996
:1008E000FF4F87B01446994600200490059006906B
:1008F000039002908246002544E000263EE00898DE
:1009000028B105FB0461089830F8117004E029460D
:10091000304606F095FC87B24FEAD72BC7F3451057
:10092000019007F01F084FEACB0040EAAB0000F04F
:10093000FF0B0198810041EA201001904FEAC800A6
:1009400040EAA808BBF1960F16DD0198782813DD60
:10095000B8F1640F10DA08F1320083450CDD08F1BC
:1009600028010198884207DD0398304403900298DB
:10097000284402900AF1010AB01C86B2A642BEDBEE
:10098000A81C85B24D45B8DBBAF1050F25D9012267
:100990008DF81020039AB2FBFAF292B2ADF8122051
:1009A000029AB2FBFAF292B2ADF81420224604EB9E
:1009B000D273C3F34F004A4609EBD273C3F34F011E
:1009C000BDF81220121A12B2ADF81620BDF814208C
:1009D0008A1A12B2ADF8182000BF04990798016076
:1009E00005994160BDF8181001810BB0BDE8F08F8A
:1009F00010B50446204600F0D4F80020E06484F8E6
:100A0000350000BF84F8340000BF10BD70470000FF
:100A100010B5044603F04AFB00BF40210848FFF729
:100A2000A9FD00BF07480078401C06490870064829
:100A30000068C06840F0010003490968C86010BD43
:100A400000100258600000240004002470B5044621
:100A50002068056905F0040004280ED1216848616A
:100A6000E06C40F00200E064042084F83500234884
:100A7000A16C0865A06CFFF782FD05F0020002285A
:100A80000ED121684861E06C40F00100E064042070
:100A900084F835001948A16C0865A06CFFF76FFD5C
:100AA00005F01000102804D121684861204600F0AC
:100AB00077F805F00800082804D12168486120462D
:100AC00000F071F805F00100B8B12068006800F08E
:100AD0000200022805D12068C06820F01E002168AD
:100AE000C8602068C06820F001002168C86001204B
:100AF000216848612046FFF78BFF70BD79060090A2
:100B000010B504460CB9012010BD94F8350010B999
:100B1000204600F047F8022084F83500A06908B1AB
:100B200000216162206800681C4908402168086053
:100B3000616960680843E168084321690843A16866
:100B40000843A1690843216A0843616A0843A16A0E
:100B50000843E16A0843216B084321680968084398
:100B600021680860606810280BD1217F607F41EA0E
:100B70000021A07F41EA0041E07F41EA0060216856
:100B800088612068C06840F01E002168C8600020AD
:100B9000E064012084F835000020B5E707F0E0FFAD
:100BA000704770477047704770B504460E4615464B
:100BB0000CB9012070BD94F8450028B9002084F8D4
:100BC0004400204600F028F804F108012068FFF7EF
:100BD00001FE3146A2682068FFF74EFE2946E36A0F
:100BE000D4E90102FFF7D4FDA168206850F8210084
:100BF00040F00100A268216841F822000548006821
:100C000040F0004003490860012084F845000020BE
:100C1000D0E700000040005210B586B0044600BF87
:100C20002048006840F480501E490860084600686B
:100C300000F48050009000BF00BF00BF19480C3086
:100C4000006840F0080017490C3108600846006849
:100C500000F00800009000BF00BF00BF0846006819
:100C600040F0100008600846006800F01000009096
:100C700000BF00BF4CF203700190022002900120DF
:100C80000390032004900C20059001A90648FFF76B
:100C90007BFC4FF68070019001A90448FFF774FCBB
:100CA00006B010BDD4440258000C0258001002587F
:100CB00070477047704710B504460CB9012010BD4D
:100CC00094F83D0028B9002084F83C00204600F04C
:100CD00029F8022084F83D00211D206801F024F944
:100CE000012084F8480000BF84F83E0001213F2025
:100CF0000155402001554120015542200155432016
:100D0000015500BF00BF012084F844004520015573
:100D1000462001554720015500BF012084F83D00C1
:100D20000020CCE738B504460E492068884217D128
:100D300000BF00BF0C48006840F010000A4908607E
:100D40000846006800F01000009000BF00BF00BF20
:100D5000032201213620FFF71CFC3620FFF71EFC82
:100D600038BD000000100040E8440258014691F8E8
:100D70003D00012801D001207047022081F83D008C
:100D80000868C06840F001000B68D8601C4B086818
:100D900098421BD00868B0F1804F17D0194B0868F3
:100DA000984213D0184B086898420FD0174B086828
:100DB00098420BD0164B0868984207D0154B08682C
:100DC000984203D0144B0868984210D10868806894
:100DD000124B00EA0302062A0FD0B2F5803F0CD076
:100DE0000868006840F001000B68186005E00868BA
:100DF000006840F001000B6818600020BCE70000AC
:100E0000000001400004004000080040000C0040C9
:100E100000040140001800400040014007000100AC
:100E2000704710B5044620680069C0F34000D8B18F
:100E30002068C068C0F34000B0B16FF002002168C4
:100E40000861012020772068806900F0030018B154
:100E50002046FFF7E5FF05E0204600F0BEF82046FB
:100E600000F0BCF80020207720680069C0F3800003
:100E7000D8B12068C068C0F38000B0B16FF0040042
:100E800021680861022020772068806900F44070A2
:100E900018B12046FFF7C4FF05E0204600F09DF89A
:100EA000204600F09BF80020207720680069C0F3FE
:100EB000C000D8B12068C068C0F3C000B0B16FF006
:100EC000080021680861042020772068C06900F0CC
:100ED000030018B12046FFF7A3FF05E0204600F00D
:100EE0007CF8204600F07AF800202077206800691E
:100EF000C0F30010D8B12068C068C0F30010B0B1D2
:100F00006FF0100021680861082020772068C06910
:100F100000F4407018B12046FFF782FF05E020463C
:100F200000F05BF8204600F059F800202077206898
:100F3000006900F0010058B12068C06800F00100AD
:100F400030B16FF0010021680861204600F048F8D8
:100F500020680069C0F3C01058B12068C068C0F3B1
:100F6000C01030B16FF08000216808612046FFF7A3
:100F7000A0FE20680069C0F3002058B12068C06856
:100F8000C0F3C01030B16FF4807021680861204652
:100F9000FFF78EFE20680069C0F3801058B120680A
:100FA000C068C0F3801030B16FF040002168086164
:100FB000204600F027F820680069C0F3401058B1BF
:100FC0002068C068C0F3401030B16FF02000216885
:100FD00008612046FFF76EFE10BD704770470000A5
:100FE00010B5044605492068884205D100BF40215C
:100FF0000348FFF7BFFA00BF10BD0000001000401B
:10100000001002587047704770477047704770472C
:101010002DE9F04704462068C56920680668206805
:10102000876840F60F0005EA0009B9F1000F0FD1FB
:1010300005F0200060B106F0200010B907F08050E4
:1010400030B1606F10B12046616F8847BDE8F0870E
:10105000B9F1000F7ED0FE48384018B9FD48304045
:101060000028F7D005F0010058B106F4807040B1B7
:10107000012021680862D4F8900040F00100C4F813
:10108000900005F0020058B107F0010040B10220C5
:1010900021680862D4F8900040F00400C4F8900081
:1010A00005F0040058B107F0010040B104202168A8
:1010B0000862D4F8900040F00200C4F8900005F0F7
:1010C000080070B106F0200010B9E148384040B186
:1010D000082021680862D4F8900040F00800C4F8A5
:1010E000900005F4006060B106F0806048B14FF4F4
:1010F000006021680862D4F8900040F02000C4F835
:101100009000D4F89000002852D005F0200050B193
:1011100006F0200010B907F0805020B1606F10B1C8
:101120002046616F8847D4F890A02068806800F05E
:101130004000402802D00AF0280070B3204601F099
:101140008FF92068806800F04000402826D100BF59
:1011500000BF00E02DE02168083151E8001F21F0B8
:1011600040002168083141E80002002AF1D100BFA7
:10117000D4F8800068B1B848D4F880100865D4F875
:101180008000FFF7FCF998B1D4F88000016D884722
:101190000EE02046FFF73BFF0AE003E02046FFF7A2
:1011A00036FF05E02046FFF732FF0020C4F890002C
:1011B0004CE7E06E01287DD105F01000002879D0C1
:1011C00006F010000028FAD010202168086220687C
:1011D000806800F0400040286DD1D4F8800000689D
:1011E0009E4988426BD0D4F8800000689B49183132
:1011F000884264D0D4F88000006898493031884231
:101200005DD0D4F88000006894494831884256D0B7
:10121000D4F8800000689149603188424FD0D4F8FA
:10122000800000688D497831884248D0D4F8800029
:1012300000688A499031884241D0D4F88000006823
:101240008649A83188423AD0D4F8800000688449A1
:10125000884234D0D4F8800000688149183188422F
:101260002DD0D4F8800000687D493031884226D0E6
:10127000D4F8800000687A49483188421FD0D4F8F9
:101280008000006876496031884218D0D4F8800028
:10129000006873497831884211D0D4F88000006822
:1012A0006F49903188420AD0D4F8800000686C49B8
:1012B000A83102E0AEE069E001E0884204D1D4F850
:1012C00080000068406803E0D4F88000006840684F
:1012D0001FFA80F8B8F1000F57D0B4F85C00404511
:1012E00053DDA4F85E80D4F88000C069B0F5807F3B
:1012F00040D000BF00BF216851E8001F21F480707A
:10130000226842E800010029F5D100BF00BF00BFFC
:101310002168083151E8001F21F0010021680831DF
:1013200041E80002002AF3D100BF00BF00BF2168DE
:10133000083151E8001F21F040002168083141E8E0
:101340000002002AF3D100BF2020C4F88C00002046
:10135000E06600BF00BF216851E8001F21F01000C7
:10136000226842E800010029F5D100BFD4F88000CE
:10137000FFF719F902202067B4F85C00B4F85E208A
:10138000801A81B22046FFF73EFE5FE634F85C0F1C
:101390006188401A1FFA80F860885C3CC8B3B8F1D5
:1013A000000F36D000BF00BF216851E8001F21F4B4
:1013B0009070226842E800010029F5D100BF00BF0B
:1013C00000BF2168083151E8001F214AD24301EAD9
:1013D00002002168083141E80002002AF1D100BF73
:1013E0002020C4F88C000020E066606700BF00BFCA
:1013F000216851E8001F21F01000226842E8000136
:101400000029F5D100BF0220206741462046FFF7A2
:10141000FAFD1BE605F4801050B107F4800038B1E6
:101420004FF48010216808622046FFF7EFFD0DE6BB
:1014300005F08000B0B106F0800010B907F400009C
:1014400080B1A06F10B12046A16F8847FEE5000073
:101450000100001020010004472400901000024009
:101460001004024005F0400030B106F0400018B111
:10147000204601F02BF8E9E505F4000030B106F054
:10148000804018B12046FFF7C0FDDFE505F0807011
:1014900030B106F0004018B12046FFF7B5FDD5E5A4
:1014A00000BFD3E510B504460CB9012010BDA069FA
:1014B00000B100E000BFD4F8880028B9002084F80B
:1014C00084002046FFF774F82420C4F888002068C0
:1014D000006820F0010021680860204601F00CFB44
:1014E000012800D1E2E7A06A10B1204600F0BAFE60
:1014F0002068406820F49040216848602068806837
:1015000020F02A00216888602068006840F001000F
:1015100021680860204600F021FFC7E770B5044647
:101520000D461646D4F88C00202821D105B10EB9FD
:10153000012070BD0020E0660E492068884211D06D
:101540002068406800F4000060B100BF00BF21685F
:1015500051E8001F41F08060226842E80001002944
:10156000F5D100BF32462946204601F08BFDE0E769
:101570000220DEE7000C00582DE9F84F04460E4625
:1015800017469946D4F88800202854D106B117B9D7
:101590000120BDE8F88F00205434E063212060630F
:1015A000FFF70BF8824627806780543CA068B0F5AF
:1015B000805F04D1206910B90025B04602E03546AD
:1015C0004FF0000820E05346002280212046CDF84D
:1015D000009001F005FE20B12020C4F8880003200F
:1015E000D7E745B9B8F80000C0F308002168886261
:1015F00008F1020803E02878216888626D1CB4F8BD
:101600005600401EA4F85600B4F856000028DAD15F
:101610005346002240212046CDF8009001F0E0FD25
:1016200020B12020C4F888000320B2E72020C4F8AD
:1016300088000020ADE70220ABE770472DE9F041BC
:1016400094B004460E461546304606EBD071C1F301
:101650004F07284605EBD071C1F34F08A7F10A01E7
:1016600088B24FF4FC631422414602F079FE4FF435
:10167000FC60009008F10A0083B2143881B23A4647
:10168000384602F089FE2078002848D0A188628878
:101690000A3A90B24FF47843142202F061FE4FF4FC
:1016A00078400090B4F804C00CF10A0C1FFA8CF3D7
:1016B0006288B4F804C0ACF10A0C1FFA8CF1104631
:1016C00002F06AFEA388628825A104A8FEF7B6FC92
:1016D0004FF4784004A91022CDE900210290A5F131
:1016E000280081B21346C8220A2006F08BF9B4F90B
:1016F0000830B4F906201EA104A8FEF79FFC4FF4A1
:10170000784004A91022CDE900210290A5F114002F
:1017100081B21346C8220A2006F074F91DE04FF486
:10172000784018A11022CDE900210290A5F12800EF
:1017300081B21346C8220A2006F064F94FF47840BB
:1017400015A11022CDE900210290A5F1140081B26B
:101750001346C8220A2006F055F914B0BDE8F081FE
:1017600042616C6C3A202533642C202533640000E0
:1017700064783A202534642C2064793A2025346436
:101780000000000042616C6C3A204E6F7420466F7E
:10179000756E64202020200064783A2020202030BC
:1017A0002C2064793A2020202030200000B587B01A
:1017B000142102A8FEF713FE00BF1B48006840F08A
:1017C0000400194908600846006800F00400019010
:1017D00000BF00BF00BF0846006840F0020008607C
:1017E0000846006800F00200019000BF00BF4020E2
:1017F00002900120039000200490059002A90B485C
:10180000FEF7C2FE002240210848FEF7DBFE4FF43F
:1018100000400290002003900490059002A9044823
:10182000FEF7B2FE07B000BDE044025800080258BF
:10183000000402582DE9F05F06460F46904699468F
:10184000DDE90AAB3B2000F069F804463C2000F0DB
:1018500065F8054645EA042000B230803D2000F0DE
:101860005DF804463E2000F059F8054645EA04209C
:1018700000B238803F2000F051F80446402000F0CC
:101880004DF8054645EA042000B2A8F800004320C0
:1018900000F044F80446442000F040F8054645EACC
:1018A000042000B2A9F80000452000F037F80446F3
:1018B000462000F033F8054645EA042000B2AAF8B5
:1018C0000000472000F02AF80446482000F026F8DF
:1018D000054645EA042000B2ABF80000BDE8F09FE1
:1018E00010B5FFF763FF00F09FF801216B2000F0B7
:1018F00034F800216C2000F030F80921192000F0A4
:101900002CF806211A2000F028F818211B2000F0DE
:1019100024F818211C2000F020F810BD70B50446F2
:1019200000F02DF9D02000F011F900F0DBF820468E
:1019300000F00CF900F0D6F800F021F9D12000F009
:1019400005F900F0CFF800F0DCF80546012000F0C2
:10195000F1F800F022F9284670BD70B505460C4636
:1019600000F00DF9D02000F0F1F800F0BBF82846A7
:1019700000F0ECF800F0B6F8204600F0E7F800F0D0
:10198000B1F800F00AF970BD00BF002240211848EC
:10199000FEF718FE00BF17A0FEF744FB4FF47A7065
:1019A000FEF715FE19A0FEF73DFB4FF47A70FEF727
:1019B0000EFE00BF00BF00BF00BF00BFBFF34F8FD0
:1019C00000BF00BF00BF1648006800F4E060154982
:1019D0000843001D1249086000BF00BF00BFBFF3ED
:1019E0004F8F00BF00BF00BF00BF00BFFDE700007A
:1019F000001002584D656D20416363657373204587
:101A000072726F7221210D0A00000000536F66741C
:101A1000205265736574696E672E2E2E0D0A0000C4
:101A20000CED00E00000FA0500B587B0142102A813
:101A3000FEF7D5FC00BF1F48006840F001001D49BB
:101A400008600846006800F00100019000BF00BF78
:101A500000BF0846006840F00400086008460068BF
:101A600000F00400019000BF00BF4FF480700290AE
:101A700011200390012004900020059002A90E4837
:101A8000FEF782FD80200290112003900120049037
:101A90000020059002A90948FEF776FD01221102F7
:101AA0000548FEF78FFD012280210448FEF78AFDDC
:101AB00007B000BDE0440258000002580008025878
:101AC00010B580210648FEF787FD04460A20FEF780
:101AD00088FD012C01D1012010BD0020FCE7000091
:101AE0000008025810B5012000F074F8012000F041
:101AF0005FF8FFF7E5FF0446002000F059F82046A4
:101B000010BD70B50025012000F064F800240DE040
:101B1000012000F04DF8FFF7D3FF10B180202041E5
:101B20000543002000F044F8601CC4B2082CEFDB31
:101B3000284670BD10B50446204600F04BF8012041
:101B400000F036F8002000F033F810BD70B50546FF
:101B5000002411E080212141294009B1012100E048
:101B60000021084600F036F8012000F021F800209E
:101B700000F01EF8601CC4B2082CEBDB70BD10B581
:101B8000012000F027F8012000F012F8002000F0FA
:101B900021F8002000F00CF810BD10B5002000F076
:101BA00019F8012000F004F8012000F013F810BD2E
:101BB00010B504460CB1012000E0002002464FF4AD
:101BC00080710348FEF7FEFC0A20FEF70AFD10BDF7
:101BD0000000025810B504460CB1012000E00020BE
:101BE000024680210348FEF7EDFC0A20FEF7F9FCCF
:101BF00010BD00000008025830B52DED028B89B0F1
:101C0000FEF7DBFC054623480068281A142803D297
:101C100009B0BDEC028B30BD1E4805601E4890ED3A
:101C2000000ADFED1E0A30EEC08ABFEE000AB4EEF5
:101C3000C08AF1EE10FA08DDB7EE000AB4EEC08AF1
:101C4000F1EE10FA01D200241AE0B0EE080A28EEF4
:101C5000000AF0EE408AB7EE000A28EE800AF0EEA5
:101C6000408A9FED0F1ADFED0F0AB0EE680A00F010
:101C700021F9F0EE408ABDEEE80A10EE100A04B237
:101C8000224609A101A8FEF7D9F901A800F0CEFA71
:101C900000BFBDE71400002418000024000000006D
:101CA00000004842000048C240302C25640D0A0064
:101CB00010B52DED028B88B09FED2A0AB0EE408A58
:101CC0009FED280AF0EE408A00242FE002A803A925
:101CD00004AB05AACDE9001006A907A8FFF7AAFDE5
:101CE000BDF90C0000EE100AB8EEC00A38EE000A8A
:101CF000B0EE408ABDF9140000EE100AF8EEC00AFA
:101D0000BDF91C0000EE100AB8EEC00A01F06AFB33
:101D1000F1EE400A9FED141AB0EE680A00EE810A57
:101D2000F0EE408A0520FEF752FC641CC82CCDDB87
:101D30009FED0E0AC8EE000A0D48C0ED000A9FEDA7
:101D40000B0AC8EE800A0B48C0ED000A9FED050A99
:101D500080ED000AFEF731FC0749086008B0BDECD1
:101D6000028B10BD00000000E22E654200004843D7
:101D70001C000024180000242400002410B52DEDC0
:101D8000048B88B0FEF719FC04463E480068201A10
:101D900000EE100AB8EE400ADFED3B0A80EE201A92
:101DA000F0EE418A37480460F5EEC08AF1EE10FA91
:101DB00006D99FED360AF4EEC08AF1EE10FA03DD83
:101DC0009FED330AF0EE408A02A803A904AB05AAEE
:101DD000CDE9001006A907A8FFF72CFDBDF91400F6
:101DE00000EE100AF8EEC00ABDF91C0000EE100A61
:101DF000B8EEC00A01F0F6FAB1EE400ADFED250AAE
:101E000020EE200AB0EE409A234890ED000A39EE09
:101E1000400AB0EE409ABDF90C0000EE100AB8EE90
:101E2000C00A1E48D0ED000A30EE600ADFED1C0A41
:101E300020EE208ABFEE000AB4EEC08AF1EE10FA5E
:101E40000ADDB7EE000AB4EEC08AF1EE10FA03D252
:101E50009FED140AB0EE408A134890ED000AF0EEB0
:101E6000409A48EE289A9FED110A29EE000ADFED0C
:101E7000100A00EEA90A80ED000A08B0BDEC048B40
:101E800010BD00002400002400007A44CDCCCC3DDD
:101E90000AD7233CE22E6542200000241C000024C7
:101EA00000007A3D0000000018000024CDCC4C3D1D
:101EB0003333733FB4EEC10AF1EE10FA02DDB0EE37
:101EC000410A06E0B4EEE00AF1EE10FA01D2B0EEFB
:101ED000600A704710B50E480068C06800F0010045
:101EE00078B10C49086980470020094909684862AF
:101EF00000BF642006490968C86264210448C160C3
:101F000000BF6FF0010002490968086110BD0000C0
:101F1000280600245401002410B50248FEF781FF72
:101F200010BD0000C804002410B50268294B984277
:101F30000ED0B0F1804F0BD0274B984208D0274BE2
:101F4000984205D0264B984202D0264B984203D1A6
:101F500022F070024B681A431E4B984217D0B0F122
:101F6000804F14D01C4B984211D01C4B98420ED07D
:101F70001B4B98420BD01B4B984208D01A4B9842EF
:101F800005D01A4B984202D0194B984203D122F443
:101F90004072CB681A4322F080034C6943EA040282
:101FA00002608B68C3620B6883620A4B98420BD055
:101FB0000C4B984208D00C4B984205D00B4B9842E2
:101FC00002D00B4B984201D10B690363012343619B
:101FD00010BD000000000140000400400008004067
:101FE000000C00400004014000400140004401405A
:101FF0000048014000200849088008490880084935
:102000000860012007490870074908700020074947
:102010000870074908607047780000247A0000249F
:102020007C00002480000024810000248200002421
:10203000840000242DE9F04F8DB006460020019069
:102040000090FEF7BAFA04906C4904980968401AA7
:10205000322802D20DB0BDE8F08F684904980860BC
:102060000EB1307848B966A105A8FDF7E7FF05A8CD
:1020700000F0DCF8FFF7BEFFECE7B6F90650B6F962
:102080000840002D02DA684207B200E02F46002C1B
:1020900003DA60420FFA80F800E0A0460A2F01DC64
:1020A00000250027B8F10A0F01DC0024A04695B9ED
:1020B0008CB953A105A8FDF7C1FF05A800F0B6F83B
:1020C0000020514908805149088051490860012089
:1020D00050490870BEE705FB05F004FB04094D48B4
:1020E0000078F8B901204B490870474805804748F7
:1020F00004804748C0F80090474890F900006843C2
:1021000000B20390454890F90000604300B202908D
:1021100043A105A8DDE90232FDF790FF05A800F014
:1021200085F897E73A4800686430814547D93648D2
:10213000B0F90000002805DA3348008840420FFA61
:1021400080FA02E03048B0F900A03048B0F9000051
:10215000002805DA2D48008840420FFA80FB02E093
:102160002A48B0F900B00AF10400874201DD0120DD
:1021700001900BF10400804501DD012000900198E1
:1021800028B125480078404240B2234908700098A1
:1021900028B122480078404240B220490870019896
:1021A00068B9009858B91C480078404240B21A49B2
:1021B00008701A480078404240B218490870164822
:1021C00090F90000684300B20390144890F90000B1
:1021D000604300B2029012A105A8DDE90232FDF7CA
:1021E0002DFF05A800F022F8074805800748048065
:1021F0000748C0F8009000BF2CE7000084000024CE
:1022000040302C300D0A0000780000247A000024B1
:102210007C0000248200002480000024810000242F
:102220004025642C25640D0A0000000070B50446AA
:102230002046FEF793F885B24FF0FF332A46214639
:102240000148FFF799F970BD1405002410B501226B
:1022500002490348FFF762F910BD00007000002436
:102260001405002490F8281001F0010139B101682B
:10227000496821F40031C26A11430268516090F844
:10228000281001F00201022907D10168496821F4F0
:102290008031026B11430268516090F8281001F000
:1022A0000401042907D10168496821F48021426BA7
:1022B00011430268516090F8281001F008010829C4
:1022C00007D10168496821F40041826B114302681B
:1022D000516090F8281001F01001102907D1016811
:1022E000896821F48051C26B11430268916090F8B3
:1022F000281001F02001202907D10168896821F404
:102300000051026C11430268916090F8281001F0AE
:102310004001402913D10168496821F48011426CC1
:10232000114302685160416CB1F5801F07D101680B
:10233000496821F4C001826C11430268516090F831
:10234000281001F08001802907D10168496821F433
:102350000021C26C114302685160704738B50446D1
:102360000020C4F89000FEF728F9054620680068B0
:1023700000F00800082821D16FF07E402B46002293
:102380004FF400110090204600F02AFFB0B100BFCA
:1023900000BF216851E8001F21F08000226842E858
:1023A00000010029F5D100BF2020C4F8880000BF3B
:1023B000002084F8840000BF032038BD2068006836
:1023C00000F00400042830D16FF07E402B4600223C
:1023D0004FF480010090204600F002FF28B300BFB8
:1023E00000BF216851E8001F21F49070226842E884
:1023F00000010029F5D100BF00BF00BF21680831EE
:1024000051E8001F21F001002168083141E8000275
:10241000002AF3D100BF2020C4F88C0000BF0020A8
:1024200084F8840000BF0320C7E72020C4F8880098
:10243000C4F88C000020E066206700BF84F88400A8
:1024400000BF00BFB9E770B50546AC6B0020A4F82B
:102450005E00A4F856002046FEF7D9FD70BD0000CE
:1024600000BF00BF026852E8002F22F49071036899
:1024700043E80012002AF5D100BF00BF00BF026888
:10248000083252E8002F104B02EA030102680832BA
:1024900042E80013002BF2D100BFC16E01290CD11C
:1024A00000BF00BF026852E8002F22F0100103684D
:1024B00043E80012002AF5D100BF2021C0F88C109B
:1024C0000021C16641677047FEFFFFEF10B504466B
:1024D00000BF00BF216851E8001F21F040002268C2
:1024E00042E800010029F5D100BF2020C4F888008F
:1024F0000020A0672046FFF7A0F810BD2DE9F041AD
:102500000446B4F86070D4F88C0022286ED120689C
:10251000406A86B2A56D06EA07002880A06D801C7F
:10252000A065B4F85E00401EA4F85E00B4F85E003A
:10253000002861D100BF00BF216851E8001F21F4CD
:102540009070226842E800010029F5D100BF00BF69
:1025500000BF2168083151E8001F21F00100216807
:10256000083141E80002002AF3D100BF2020C4F85E
:102570008C0000206067206720492068884211D0C5
:102580002068406800F4000060B100BF00BF21680F
:1025900051E8001F21F08060226842E80001002914
:1025A000F5D100BFE06E01281CD10020E06600BF1D
:1025B00000BF216851E8001F21F01000226842E8A6
:1025C00000010029F5D100BF2068C069C0F30010E8
:1025D00010B1102021680862B4F85C102046FEF7A4
:1025E00012FD09E02046FEF701F805E02068806949
:1025F00040F0080021688861BDE8F081000C0058B7
:102600002DE9F84F0446B4F860B02068C569206829
:10261000006800902068D0F808A0D4F88C00222828
:102620007ED1B4F86890ADE02068406A1FFA80F867
:10263000A76D08EA0B003880A06D801CA065B4F877
:102640005E00401EA4F85E002068C56905F0070022
:10265000B0B305F0010060B1009800F4807040B1A3
:10266000012021680862D4F8900040F00100C4F80D
:10267000900005F0020058B10AF0010040B10220BC
:1026800021680862D4F8900040F00400C4F890007B
:1026900005F0040058B10AF0010040B1042021689F
:1026A0000862D4F8900040F00200C4F89000D4F81A
:1026B000900028B12046FEF7AAFC0020C4F8900044
:1026C000B4F85E0000285DD100BF00BF216851E86A
:1026D000001F21F48070226842E800010029F5D132
:1026E00000BF00BF00BF2168083151E8001F404A09
:1026F00001EA02002168083141E80002002AF2D113
:1027000000BF2020C4F88C00002060672067394992
:102710002068884213D02068406800F4000000E080
:102720005DE060B100BF00BF216851E8001F21F0EB
:102730008060226842E800010029F5D100BFE06E08
:1027400001281CD10020E06600BF00BF216851E8CD
:10275000001F21F01000226842E800010029F5D195
:1027600000BF2068C069C0F3001010B110202168BC
:102770000862B4F85C102046FEF745FC02E02046F3
:10278000FDF734FFB9F1000F04D005F02000002858
:102790007FF44AAFB4F85E6006B3B4F86800B042A4
:1027A00023DD00BF00BF2168083151E8001F21F080
:1027B00080502168083141E80002002AF3D100BFAF
:1027C0000D48606700BF00BF216851E8001F41F05D
:1027D0002000226842E800010029F5D105E02068C8
:1027E000806940F0080021688861BDE8F88F00002A
:1027F000FEFFFFEF000C0058FD24009070B504466A
:10280000B4F86060D4F88C0022286FD12068406A48
:1028100085B2F0B22840A16D0870A06D401CA06583
:10282000B4F85E00401EA4F85E00B4F85E00002814
:1028300062D100BF00BF216851E8001F21F49070F1
:10284000226842E800010029F5D100BF00BF00BFA7
:102850002168083151E8001F21F00100216808318A
:1028600041E80002002AF3D100BF2020C4F88C0008
:1028700000206067206721492068884211D02068C5
:10288000406800F4000060B100BF00BF216851E85B
:10289000001F21F08060226842E800010029F5D184
:1028A00000BFE06E01281CD10020E06600BF00BF21
:1028B000216851E8001F21F01000226842E8000161
:1028C0000029F5D100BF2068C069C0F3001010B125
:1028D000102021680862B4F85C102046FEF793FBD4
:1028E0000AE02046FDF782FE06E0FFE720688069E7
:1028F00040F008002168886170BD0000000C00589D
:102900002DE9F05F0446B4F860A02068C56920682E
:10291000D0F800B02068D0F80890D4F88C002228B5
:102920007ED1B4F86880ACE02068406A87B20AF0D3
:10293000FF003840A16D0870A06D401CA065B4F880
:102940005E00401EA4F85E002068C56905F007001F
:10295000A8B305F0010058B10BF4807040B101201C
:1029600021680862D4F8900040F00100C4F890009B
:1029700005F0020058B109F0010040B102202168C1
:102980000862D4F8900040F00400C4F8900005F00C
:10299000040058B109F0010040B104202168086228
:1029A000D4F8900040F00200C4F89000D4F89000F1
:1029B00028B12046FEF72BFB0020C4F89000B4F8A5
:1029C0005E0000285DD100BF00BF216851E8001FF4
:1029D00021F48070226842E800010029F5D100BF8F
:1029E00000BF00BF2168083151E8001F3F4A01EADB
:1029F00002002168083141E80002002AF2D100BF3C
:102A00002020C4F88C0000206067206738492068C7
:102A1000884213D02068406800F4000070B100E0E4
:102A20005CE000BF00BF216851E8001F21F080601A
:102A3000226842E800010029F5D100BFE06E0128BC
:102A40001CD10020E06600BF00BF216851E8001FD4
:102A500021F01000226842E800010029F5D100BFF2
:102A60002068C069C0F3001010B11020216808620E
:102A7000B4F85C102046FEF7C6FA02E02046FDF7E7
:102A8000B5FDB8F1000F04D005F0200000287FF458
:102A90004BAFB4F85E6006B3B4F86800B04223DD13
:102AA00000BF00BF2168083151E8001F21F08050AD
:102AB0002168083141E80002002AF3D100BF0D4827
:102AC000606700BF00BF216851E8001F41F020008F
:102AD000226842E800010029F5D105E020688069FC
:102AE00040F0080021688861BDE8F09FFEFFFFEF1D
:102AF000000C0058FD2700902DE9F04F89B00546E5
:102B000000200890F8492868884200D100E000BF02
:102B10002969A868084369690843E96940EA010826
:102B200028680068F149084040EA08002968086000
:102B30002868406820F44050E968084329684860E4
:102B4000D5F81880E8492868884202D0286A40EA07
:102B5000080828688068E649084040EA08002968B3
:102B600088602868C06A20F00F00696A08432968F5
:102B7000C86200BFDF492868884220D1DE4800686B
:102B800000F03800182811D005DC48B1082809D019
:102B9000102811D108E020280AD028280CD109E0FB
:102BA00001240BE0042409E0082407E0102405E0D8
:102BB000202403E0402401E0802400BFF8E0CF4956
:102BC0002868884219D1CC48006800F00700062820
:102BD00010D2DFE800F0030507090B0D00240BE01D
:102BE000042409E0082407E0102405E0202403E081
:102BF000402401E0802400BFDAE0C149286888420F
:102C000019D1BD48006800F00700062810D2DFE89F
:102C100000F0030507090B0D00240BE0042409E074
:102C2000082407E0102405E0202403E0402401E00C
:102C3000802400BFBCE0B3492868884219D1AE485F
:102C4000006800F00700062810D2DFE800F0030556
:102C500007090B0D00240BE0042409E0082407E019
:102C6000102405E0202403E0402401E0802400BF7C
:102C70009EE0A5492868884219D19F48006800F065
:102C80000700062810D2DFE800F0030507090B0D46
:102C900000240BE0042409E0082407E0102405E0E8
:102CA000202403E0402401E0802400BF80E0974915
:102CB0002868884220D19048006800F03800182821
:102CC00011D005DC48B1082809D0102811D108E03E
:102CD00020280AD028280CD109E001240BE0042484
:102CE00009E0082407E0102405E0202403E0402444
:102CF00001E0802400BF5BE085492868884219D143
:102D00007D48006800F00700062810D2DFE800F0D8
:102D1000030507090B0D00240BE0042409E0082437
:102D200007E0102405E0202403E0402401E0802493
:102D300000BF3DE077492868884219D16E48006895
:102D400000F00700062810D2DFE800F003050709AD
:102D50000B0D00240BE0042409E0082407E01024F4
:102D600005E0202403E0402401E0802400BF1FE0B0
:102D70005D49286888421AD15F48001D006800F04C
:102D80000700062810D2DFE800F0030507090B0D45
:102D900002240BE0042409E0082407E0102405E0E5
:102DA000202403E0402401E0802400BF00E08024D0
:102DB00000BF4D49286888427DD1102C1AD006DC0E
:102DC000022C09D0042C0BD0082C29D10DE0202C8A
:102DD00021D0402C24D120E0FDF70DFC064623E055
:102DE00005A8FDF70DFC069E1EE002A8FDF70DFCF0
:102DF000039E19E0404854380068C0F3401040B1C9
:102E00003D4854380068C0F3C101434820FA01F638
:102E100000E0414E08E0414E06E04FF4004603E07A
:102E200000260120089000BF00BF002E10D03C49B2
:102E3000686A31F81000B6FBF0F9686800EB4000F2
:102E4000484503D868680003484502D2012008902D
:102E500003E13349686A31F810C062460023304606
:102E60001946FDF7D7FB4FF4807300228446ACFB74
:102E7000030B01FB03B10CFB021C69684908034604
:102E800059184CEB0200CDE90010D5F804C0624699
:102E9000002308460199FDF7BDFB0746B7F5407FC3
:102EA00006D3B7F5801F03D22868C760D5E002E0DB
:102EB00001200890D1E0E869B0F5004F7BD1082CE3
:102EC00039D005DC5CB1012C2CD0042C4CD12DE088
:102ED000102C35D0202C42D0402C45D141E0FDF7BC
:102EE0009EFB064644E00000000C0058F369FFCF4B
:102EF000FFF4FF1100100140544402580044004008
:102F000000480040004C00400050004000140140C8
:102F100000780040007C00400090D00300093D0094
:102F2000B49C0090FDF780FB064621E005A8FDF764
:102F300067FB069E1CE002A8FDF767FB039E17E0F7
:102F40004C480068C0F3401038B14A480068C0F3EC
:102F5000C101494820FA01F600E0474E08E0474E1B
:102F600006E04FF4004603E000260120089000BF71
:102F700000BFFEB14249686A31F81000B6FBF0F0BC
:102F80004000696800EB5100B0FBF1F7102F0FD340
:102F9000B7F5803F0CD24FF6F07007EA000AC7F38E
:102FA00042004AEA000A2868C0F80CA055E002E096
:102FB0000120089051E0082C1AD005DC5CB1012CEE
:102FC0000DD0042C2DD10EE0102C16D0202C23D0A7
:102FD000402C26D122E0FDF722FB064625E0FDF736
:102FE00023FB064621E005A8FDF70AFB069E1CE030
:102FF00002A8FDF70AFB039E17E01E480068C0F315
:10300000401038B11B480068C0F3C1011A4820FACB
:1030100001F600E0184E08E0184E06E04FF40046B6
:1030200003E000260120089000BF00BFAEB11449A4
:10303000686A31F81000B6FBF0F0696800EB5100E7
:10304000B0FBF1F7102F06D3B7F5803F03D2B8B22B
:103050002968C86001E0012008900120A5F86A00F5
:10306000A5F8680000206867A867089809B0BDE85F
:10307000F08F0000004402580090D00300093D008A
:10308000B49C009030B503469965A3F85C20A3F882
:103090005E200020586700BF9868B0F5805F0AD1B5
:1030A000186920B940F2FF10A3F8600020E0FF206B
:1030B000A3F860001CE0986848B9186918B9FF20A7
:1030C000A3F8600014E07F20A3F8600010E0986887
:1030D000B0F1805F09D1186918B97F20A3F86000AA
:1030E00006E03F20A3F8600002E00020A3F86000A3
:1030F00000BF0020C3F890002220C3F88C0000BF5E
:1031000000BF1C68083454E8004F44F001001C68FC
:10311000083444E80005002DF3D100BF586EB0F12B
:10312000005F2CD1B3F86800904228DC9868B0F5B5
:10313000805F04D1186910B92548586701E0254817
:103140005867186960B100BF00BF1C6854E8004FA1
:1031500044F480701D6845E80004002CF5D100BFE0
:1031600000BF00BF1C68083454E8004F44F0805092
:103170001C68083444E80005002DF3D126E0986867
:10318000B0F5805F04D1186910B91348586701E0A1
:1031900012485867186960B100BF00BF1C6854E846
:1031A000004F44F490701D6845E80004002CF5D1F0
:1031B0000CE000BF00BF1C6854E8004F44F0200042
:1031C0001D6845E80004002CF5D100BF002030BD8B
:1031D0000126009001290090FD240090FD27009019
:1031E0002DE9F04104460D4617469846069E3CE000
:1031F000701CC8B3FDF7E1F9A0EB0800B04200D89D
:1032000016B90320BDE8F0812068006800F00400D2
:1032100050B32068C069C0F3C00078B108202168AD
:1032200008622046FFF71CF90820C4F8900000BF90
:10323000002084F8840000BF0120E3E72068C06913
:10324000C0F3C02080B14FF40060216808622046BE
:10325000FFF706F92020C4F8900000BF002084F892
:10326000840000BF0320CDE7FFE72068C069284045
:10327000A84201D1012000E00020B842B8D00020CF
:10328000C0E70000F0B58BB04348056805F02000AA
:10329000002878D0404808300068C4B23F48007821
:1032A00050B9AA2C08D13D4801780078401C3B4A0F
:1032B00010703B48445466E03848007801280AD131
:1032C000552C08D1354801780078401C334A1070DD
:1032D0003348445457E03148007802280CDB2F482B
:1032E0000078062808DA2D4801780078401C2B4A1F
:1032F00010702B48445446E028480078062835D101
:103300005A2C33D1254801780078401C234A10708C
:10331000234844540A23072201462248FEF72CF989
:103320001F4880781E49C97840EA012006B21C482F
:1033300000791B49497940EA012007B23B463246F1
:1033400019A103A8FCF77AFE4FF4784003A91022D4
:103350001346CDE900210290C8224FF482711E204D
:1033600004F050FB00200D4908700CE000200B49D0
:103370000870AA2C07D1084601780078401C074A3B
:1033800010700748445405F00F0018B10F2002498F
:10339000091D08600BB0F0BD1C4400406F00002404
:1033A000680000241405002464783A20252D356433
:1033B0002064793A20252D35640000004100080280
:1033C00018BF04200A0E18BF40F001004FF07F42E2
:1033D00032EA010108BF40F00200012808BF0520C1
:1033E0007047000010EE100A10B510EE901A4FF062
:1033F000684202EB40032DED028BB3F1654F3CBFF9
:1034000002EB4102B2F1654F7CD200BFC0F3C7535B
:10341000C1F3C7529A1A1B2A09DD10F0004F14BFDE
:103420009FED6E0A9FED6E0ABDEC028B10BD12F18E
:103430001A0F1BDA11F0004F09D010F0004F0CBF2B
:103440009FED680A9FED680ABDEC028B10BD80EE0F
:10345000208A18EE100AFFF7B1FF042808BF00F019
:10346000F1F8B0EE480ABDEC028B10BD4200B2EBA1
:10347000410F37D910F0004F19BFDFED5C1A9FEDF7
:103480005C1ADFED5C1A9FED5C1AB0EE602A0A460A
:10349000F1EE400A80F00041B0EE420A10460A1AEE
:1034A0005200B2F1807F34D2484010F0004FDFED7F
:1034B000532A9FED533A1DBF9FED522A71EEE21A37
:1034C00031EE431A9FED502A04BF71EEA21A31EE7D
:1034D000031AF0EE402A42EE602A40EE020A82EE23
:1034E000A02A18E011F0004F04BF9FED481AF0EE3B
:1034F000411AD4D010F0004F1CBFDFED451A9FEDEC
:10350000451A00E026E004BFDFED431A9FED431AA1
:10351000C5E780EE202A22EE020ADFED410ADFED48
:10352000412ABDEC028B40EE202ADFED3F0A40EE3F
:10353000220ADFED3E2A40EE202ADFED3D0A40EE72
:10354000220A22EE000A00EE201A31EE020A30EEC4
:10355000210A10BD4FF07F42B2EB400F28BFB2EB03
:10356000410F05D2BDEC028BBDE8104000F066B8FB
:1035700040EA01035B0008BF41F0FF410BD0B2EB12
:10358000400F08BFB2EB410F08D120F0804000EEA1
:10359000100A21F0804100EE901A37E7B2EB400F9D
:1035A00012BF5FEA410240F0FF4001F000413FF4EA
:1035B0002DAF4A0092EA40033FF528AF002AACBF86
:1035C0009FED1C1A9FED1C1A20EE010A60EE810A85
:1035D00010EE100A10EE901A18E70000DB0FC9BFBA
:1035E000DB0FC93FDB0F4940DB0F49C00000C9BFFB
:1035F00022AAFDB90000C93F22AAFD390060ED3EB4
:10360000C30ACE37000000BF0000003F00000000EA
:10361000000049C022AA7DBA0000494022AA7D3A92
:103620002DAD65BD8FB8D53D0FB511BE61C84C3EFF
:10363000A8AAAABE0000804F0000802F30EE200A0A
:10364000704700009FED020A20EE000A704700005C
:103650000000001030380A2801D2012070470020F5
:103660007047000088B0002500264FF6FF7000F07C
:10367000A7FD4FF4784078A110221346CDE9002130
:103680000290C82232211E2004F0BCF94FF4784089
:1036900073A110221346CDE900210290C8224621D1
:1036A0001E2004F0AFF94FF4784072A110221346A7
:1036B000CDE900210290C82264211E2004F0A2F965
:1036C0004FF478406FA110221346CDE900210290FB
:1036D000C822A0211E2004F095F904F037FE04F062
:1036E00041FC002004F0EEFA032004F019FB042052
:1036F00004F0E8FA032004F051FB212004F03AFE24
:1037000004F0F1FB00F06EFA00204FF400530122A8
:1037100001460090614800F01DF961484088B0F50D
:10372000487F11DB5E494988A1F5487000EBD071F4
:10373000C1F34F015B4A11804FF44876512143F2A7
:10374000350004F0A2FE04E00020564908805448E9
:1037500046885448008854490880514802883346B6
:103760000021042004F094FD4FF478404FA1102272
:103770001346CDE900210290F022BE211E2004F064
:1037800041F9FEF795FA4FF4FC604DA11022134663
:10379000CDE900210290F022BE211E2004F032F972
:1037A0004FF4FA70FCF713FF00F074FB002000F0F8
:1037B00007FD4FE0FEF7E2FAFEF71EFA002000F0E8
:1037C000BDFC04465CB3022C01D000F0E9FB022CE6
:1037D0000FD1681CC5B2062D00DB0025284604F079
:1037E00007FE3C4850F825203BA104A8FCF726FC26
:1037F00000BF00BF022C12D04FF4784004A9102261
:103800001346CDE900210290D22232211E2004F07D
:10381000F9F84FF44870FCF7DAFE00F03BFBFCF7D8
:10382000CCFE2E490968401A642810D3FCF7C5FE67
:103830002A49086000F0B4FB04F054F819480188E4
:10384000002003F067FE04F053F900F023FB0A2088
:10385000FCF7BDFEAEE7000053544D3332000000CC
:103860004F563536343020524742353635204D6F6D
:10387000646500004B4559303A436F6E7472617352
:1038800074000000574B5F55503A46756C6C536995
:103890007A652F5363616C650000000000001060C2
:1038A000F00300240C0000240A0000244B6565701E
:1038B000204D5055205374696C6C2E2E2E00000044
:1038C000506974636820496E6974204F4B20202032
:1038D00020000000280000242573000010000024B0
:1038E00070B505460C46074807490860084644601D
:1038F00000218160C560FDF7DEF90348FDF736FA67
:1039000070BD000000100040C804002470B50446DB
:103910000D4616460D48FDF76BF80D480B4908603B
:1039200000204860610109488160F101C160A9017E
:103930000161002141618161FDF7E2F803480068FF
:10394000006802490968086070BD00000004002496
:10395000000002482DE9F84306460C4615461F466E
:10396000DDF8208000BF9948006840F001009749C9
:1039700008600846006800F00100009000BF00BF2A
:1039800000BF93489349886408469149886300BF03
:10399000084600689049884258D08D4800688E4992
:1039A0001831884252D08A4800688B4930318842A9
:1039B0004CD08748006888494831884246D08448BE
:1039C000006885496031884240D08148006882495A
:1039D000783188423AD07E4800687F4990318842E9
:1039E00034D07B4800687C49A83188422ED0784882
:1039F00000687A49884229D07548006877491831AB
:103A0000884223D0724800687449303188421DD002
:103A10006F48006871494831884217D06C48006887
:103A20006E496031884211D0694800686B4978312D
:103A300088420BD06648006868499031884205D0BA
:103A4000634800686549A831884208D16048006829
:103A5000006820F010005E490968086007E05C48D3
:103A60000068006820F002005949096808605A4857
:103A70001830574908604B20486000215448816045
:103A8000C160C0F810804FF4805141618761091115
:103A9000C161490201620421416201218162002168
:103AA000C1620163FCF7C5FD4948FCF7C7FD00BFD3
:103AB0000020474981F8340000BF34B92B46324614
:103AC00047494348FCF7BFFD7DE023463246444961
:103AD0003F480095FCF7BCFD3D4800683E498842E0
:103AE00058D03B4800683C491831884252D0384889
:103AF00000683949303188424CD035480068364931
:103B00004831884246D032480068334960318842A3
:103B100040D02F4800683049783188423AD02C484C
:103B200000682D499031884234D0294800682A49DC
:103B3000A83188422ED0264800682849884229D0DA
:103B40002348006825491831884223D0204800685E
:103B50002249303188421DD01D4800681F49483134
:103B6000884217D01A4800681C496031884211D039
:103B7000174800681949783188420BD0144800680A
:103B800016499031884205D0114800681349A83180
:103B9000884208D10E480068006840F010000C49C7
:103BA0000968086007E00A480068006840F0020001
:103BB000074909680860032202210C20FCF7E9FC90
:103BC0000C20FCF7EBFCBDE8F8830000D844025859
:103BD000500400240004002410000240100402409D
:103BE0002800024800B587B000BF5448006840F084
:103BF0000100524908600846006800F00100019089
:103C000000BF00BF00BF081D006840F00100091D93
:103C100008600846006800F00100019000BF00BF86
:103C200000BF0846006840F00200086008460068CF
:103C300000F00200019000BF00BF00BF084600680E
:103C400040F0040008600846006800F0040001909D
:103C500000BF00BF00BF0846006840F008000860D1
:103C60000846006800F00800019000BF00BF502027
:103C700002900220039001200490032005900D2063
:103C8000069002A92E48FCF77FFC4FF4607002906A
:103C90000220039001200490032005900D2006903F
:103CA00002A92848FCF770FC4FF43C600290022007
:103CB000039001200490032005900D20069002A996
:103CC0002148FCF761FC08200290022003900120AB
:103CD0000490032005900D20069002A91B48FCF7D4
:103CE00053FC022211464E20FCF753FC4E20FCF7F9
:103CF00055FC1748174908600020486020211548E6
:103D000081600021C160016141618161FCF7F8FEC1
:103D100000200F49C8600F480068C06840F00100EB
:103D20000C490968C8600B480068006840F480408E
:103D300008490968086007B000BD0000DC4402586B
:103D4000000002580004025800080258000C0258F3
:103D500000000248000400242DE9F04104460D460D
:103D600016461F4600F01CF94FF6FF7000F028FAC7
:103D70003B4632462946204603F05CFC3B46324631
:103D80000021084604F084FA0021084603F0C2FB33
:103D900003F0AEFE3B4800683B49884258D03948A2
:103DA000006839491831884252D03648006836498F
:103DB000303188424CD0334800683349483188421A
:103DC00046D03048006830496031884240D02D48A4
:103DD00000682D49783188423AD02A4800682A493B
:103DE0009031884234D0274800682749A83188425A
:103DF0002ED0244800682549884229D021480068EF
:103E000022491831884223D01E4800681F493031AA
:103E100088421DD01B4800681C494831884217D091
:103E20001848006819496031884211D01548006867
:103E30001649783188420BD01248006813499031F6
:103E4000884205D00F4800681049A831884208D13F
:103E50000C480068006840F001000A4909680860E1
:103E600007E008480068006840F00100054909685B
:103E700008600748006840F0010005490860BDE897
:103E8000F0810000500400241000024010040240A1
:103E90000000024810B50021084603F03BFB03F088
:103EA00027FE3B4800683B49884258D038480068A4
:103EB00038491831884252D0354800683549303188
:103EC00088424CD03248006832494831884246D056
:103ED0002F4800682F496031884240D02C48006844
:103EE0002C49783188423AD02948006829499031D4
:103EF000884234D0264800682649A83188422ED00E
:103F0000234800682449884229D021480068224972
:103F10001831884223D01E4800681F49303188423A
:103F20001DD01B4800681C494831884217D01848EA
:103F3000006819496031884211D015480068164957
:103F4000783188420BD0124800681349903188427A
:103F500005D00F4800681049A831884208D10C48A4
:103F60000068006840F0010009490968086007E03E
:103F700007480068006840F00100054909680860CA
:103F80000648006840F001000449086010BD0000C8
:103F900050040024100002401004024000000248B7
:103FA0003E48006820F001003C49086000BF3B48E3
:103FB000006800F001000028F9D13948006839494B
:103FC000884258D03648006836491831884252D065
:103FD000334800683349303188424CD0304800685B
:103FE00030494831884246D02D4800682D4960311B
:103FF000884240D02A4800682A49783188423AD01D
:104000002748006827499031884234D02448006806
:104010002449A83188422ED021480068224988428C
:1040200029D01F48006820491831884223D01C48F5
:1040300000681D49303188421DD0194800681A496E
:104040004831884217D016480068174960318842C5
:1040500011D0134800681449783188420BD01048B9
:10406000006811499031884205D00D4800680E491A
:10407000A831884208D10A480068006820F0010091
:1040800007490968086007E005480068006820F0F3
:1040900001000349096808607047000000000248F9
:1040A00050040024100002401004024010B500210A
:1040B000084603F02FFA03F01BFD10BD00B587B0D2
:1040C00000BF00BF1B48006840F0010019490860AC
:1040D0000846006800F00100019000BF00BF00BF6B
:1040E00000BF00BF0846006840F0010008600846B5
:1040F000006800F00100019000BF00BF00BF4FF456
:1041000000400290002003900220049003200590BC
:1041100002A90948FCF738FA012002900020039018
:10412000022004900320059002A90348FCF72CFA12
:1041300007B000BDE04402580000025870B50446C4
:104140000025012C01D11C4908701B48007810B3D0
:104150004FF400411948FCF73FFA012805D001212E
:104160001648FCF739FA012815D10A20FCF72FFA76
:104170000020114908704FF400411048FCF72CFA58
:10418000012800D1012501210C48FCF725FA01285E
:104190000FD102250DE04FF400410848FCF71CFA4E
:1041A00038B901210548FCF717FA10B90120024976
:1041B0000870284670BD0000550000240000025819
:1041C00070B504460026094805884088454300210B
:1041D000084603F09FF903F08BFC00BF02E004489F
:1041E0000480761CAE42FAD370BD0000F0030024B8
:1041F0000000106010B5044658488471002C58D156
:10420000F020564908804FF4A07048800846808806
:1042100045F21051884210D14FF430504F49088177
:104220004FF4285048814FF42C5088814FF4F0709F
:1042300008804FF4487048801AE04848808841F66A
:10424000631188420DD12C20444908812B204881DC
:104250002A2088814FF4F07008804FF4487048801D
:1042600006E02C203D4908812A2048812B208881A6
:104270003A48808845F21031884205D03748808816
:1042800047F29671884206D14FF4A07033490880F6
:104290004FF4F07048803148808849F60601884222
:1042A00058D14FF4F0702D4908804FF44870488081
:1042B00050E04FF4A07029490880F020488008465B
:1042C000808845F21051884210D14FF43050234974
:1042D00008814FF4285048814FF42C5088814FF4C6
:1042E000487008804FF4F070488020E01B488088B8
:1042F00041F66311884205D01848808849F60601C6
:1043000088420DD12C20154908812A2048812B2074
:1043100088814FF4487008804FF4F070488006E0C0
:104320002C200E4908812A2048812B2088810B48A7
:10433000808845F21031884205D00848808847F2CD
:104340009671884206D14FF4F070044908804FF40A
:10435000A0704880002002F0BFFF10BDF0030024D1
:10436000F8B504460D4616461F463EB1094800887A
:10437000A04203DB07484088A84200DAF8BDA01934
:10438000401E82B22B4629462046009702F086FC4A
:1043900000BFF3E7F00300242DE9FF4F84B081460E
:1043A0008A460020029083460698A0EB09050798EC
:1043B000A0EB0A06CDF80490CDF800A0002D01DD99
:1043C000012705E00DB9002702E04FF0FF376D42ED
:1043D000002E02DD4FF0010806E016B94FF000088C
:1043E00002E04FF0FF387642B54201DD2C4600E096
:1043F0003446002003901EE0009A91B2019A90B2D8
:10440000119A00F01FF8029828440290B3440298D1
:10441000A04205DD0298001B0290019838440190EB
:10442000A34504DDABEB040B0098404400900398D7
:10443000401C80B20390611C03988842DCDD08B008
:10444000BDE8F08F70B505460E4614463146284645
:1044500003F060F803F04CFB01490C8070BD0000D4
:104460000000106010B5CF2003F036FB002003F0F1
:1044700027FBC12003F024FB302003F021FBED20BB
:1044800003F02AFB642003F01BFB032003F018FB5E
:10449000122003F015FB812003F012FBE82003F04B
:1044A0001BFB852003F00CFB102003F009FB7A2096
:1044B00003F006FBCB2003F00FFB392003F000FBD9
:1044C0002C2003F0FDFA002003F0FAFA342003F068
:1044D000F7FA022003F0F4FAF72003F0FDFA2020A7
:1044E00003F0EEFAEA2003F0F7FA002003F0E8FA0E
:1044F000002003F0E5FAC02003F0EEFA1B2003F0E1
:10450000DFFAC12003F0E8FA012003F0D9FAC52050
:1045100003F0E2FA302003F0D3FA302003F0D0FAAF
:10452000C72003F0D9FAB72003F0CAFA362003F007
:10453000D3FA482003F0C4FA3A2003F0CDFA55200C
:1045400003F0BEFAB12003F0C7FA002003F0B8FA76
:104550001A2003F0B5FAB62003F0BEFA0A2003F0E1
:10456000AFFAA22003F0ACFAF22003F0B5FA002073
:1045700003F0A6FA262003F0AFFA012003F0A0FA18
:10458000E02003F0A9FA0F2003F09AFA2A2003F0A2
:1045900097FA282003F094FA082003F091FA0E20ED
:1045A00003F08EFA082003F08BFA542003F088FA07
:1045B000A92003F085FA432003F082FA0A2003F0D1
:1045C0007FFA0F2003F07CFA002003F079FA002034
:1045D00003F076FA002003F073FA002003F070FA7B
:1045E000E12003F079FA002003F06AFA152003F0C5
:1045F00067FA172003F064FA072003F061FA11202C
:1046000003F05EFA062003F05BFA2B2003F058FA61
:10461000562003F055FA3C2003F052FA052003F02F
:104620004FFA102003F04CFA0F2003F049FA3F2014
:1046300003F046FA3F2003F043FA0F2003F040FA5C
:104640002B2003F049FA002003F03AFA002003F08F
:1046500037FA012003F034FA3F2003F031FA2A2020
:1046600003F03AFA002003F02BFA002003F028FAB6
:10467000002003F025FAEF2003F022FA112003F0C6
:104680002BFA7820FBF7A3FF292003F025FA10BDB1
:1046900010B5FF2003F020FAFF2003F011FA982054
:1046A00003F00EFA062003F00BFABC2003F014FA14
:1046B000012003F005FA0F2003F002FA612003F055
:1046C000FFF9FF2003F0FCF9012003F0F9F90120C4
:1046D00003F0F6F90B2003F0F3F9102003F0F0F9E2
:1046E000372003F0EDF9632003F0EAF9FF2003F02F
:1046F000E7F9FF2003F0E4F9012003F0E1F90120DC
:1047000003F0DEF9002003F0DBF9002003F0D8F914
:10471000FF2003F0D5F9522003F0D2F9012003F075
:10472000CFF9002003F0CCF9402003F0C9F9BD20F7
:1047300003F0D2F9012003F0C3F9232003F0C0F9FC
:10474000452003F0BDF9672003F0BAF9012003F01A
:10475000B7F9232003F0B4F9452003F0B1F967203D
:1047600003F0AEF9BE2003F0B7F9002003F0A8F97A
:10477000012003F0A5F9AB2003F0A2F9602003F0BB
:104780009FF9222003F09CF9222003F099F92220BE
:1047900003F096F9222003F093F9222003F090F918
:1047A000C72003F099F9362003F08AF9ED2003F0D1
:1047B00093F97F2003F084F90F2003F081F9C020E2
:1047C00003F08AF90F2003F07BF90B2003F078F94E
:1047D0000A2003F075F9FC2003F07EF9082003F0AD
:1047E0006FF9DF2003F078F9002003F069F9002069
:1047F00003F066F9002003F063F9002003F060F98C
:10480000002003F05DF9202003F05AF9F32003F0B3
:1048100063F9742003F054F9B42003F05DF900202B
:1048200003F04EF9002003F04BF9002003F048F9A3
:10483000F72003F051F9822003F042F9B12003F090
:104840004BF9002003F03CF9132003F039F9132051
:1048500003F036F9F22003F03FF9802003F030F93D
:10486000042003F02DF9402003F02AF9282003F05A
:1048700027F9C12003F030F9172003F021F988202F
:1048800003F01EF9882003F01BF9202003F018F92B
:10489000E02003F021F9002003F012F90A2003F0D0
:1048A0000FF9122003F00CF9102003F009F90E2083
:1048B00003F006F9202003F003F9CC2003F000F9FF
:1048C000072003F0FDF8062003F0FAF80B2003F0B0
:1048D000F7F80E2003F0F4F80F2003F0F1F80D20A4
:1048E00003F0EEF8152003F0EBF8102003F0E8F8E1
:1048F000002003F0E5F8E12003F0EEF8002003F0DB
:10490000DFF80B2003F0DCF8132003F0D9F80D20BA
:1049100003F0D6F80E2003F0D3F81B2003F0D0F8F4
:10492000712003F0CDF8062003F0CAF8062003F04A
:10493000C7F80A2003F0C4F80F2003F0C1F80E20D6
:1049400003F0BEF80F2003F0BBF8152003F0B8F811
:104950000C2003F0B5F8002003F0B2F82A2003F091
:10496000BBF8002003F0ACF8002003F0A9F8012008
:1049700003F0A6F8DF2003F0A3F82B2003F0ACF837
:10498000002003F09DF8002003F09AF8032003F0C4
:1049900097F81F2003F094F83A2003F09DF8552073
:1049A00003F08EF8362003F097F8002003F088F823
:1049B000112003F091F87820FBF709FE292003F07D
:1049C0008BF81420FBF703FE2C2003F085F810BDB4
:1049D00010B5ED2003F080F8012003F071F8FE20FF
:1049E00003F06EF8EE2003F077F8DE2003F068F8AD
:1049F000212003F065F8F12003F06EF8012003F0A8
:104A00005FF8DF2003F068F8102003F059F8C420A5
:104A100003F062F88F2003F053F8C62003F05CF82F
:104A2000002003F04DF8E22003F04AF8E22003F002
:104A300047F8E22003F044F8BF2003F04DF8AA2025
:104A400003F03EF8B02003F047F80D2003F038F8EB
:104A5000002003F035F80D2003F032F8002003F0B9
:104A60002FF8112003F02CF8002003F029F819206A
:104A700003F026F8002003F023F8212003F020F8AB
:104A8000002003F01DF82D2003F01AF8002003F099
:104A900017F83D2003F014F8002003F011F85D2012
:104AA00003F00EF8002003F00BF85D2003F008F887
:104AB000002003F005F8B12003F00EF8802002F08A
:104AC000FFFF002002F0FCFF8B2002F0F9FF002026
:104AD00002F0F6FF962002F0F3FF002002F0F0FF54
:104AE000B22002F0F9FF002002F0EAFF002002F0FD
:104AF000E7FF022002F0E4FF002002F0E1FF0320C4
:104B000002F0DEFF002002F0DBFFB32002F0E4FF42
:104B1000002002F0D5FF002002F0D2FF002002F0BA
:104B2000CFFF002002F0CCFF002002F0C9FF0020E0
:104B300002F0C6FF002002F0C3FF002002F0C0FF19
:104B4000002002F0BDFF002002F0BAFF002002F0BA
:104B5000B7FF002002F0B4FF002002F0B1FF0020F8
:104B600002F0AEFF002002F0ABFF002002F0A8FF31
:104B7000002002F0A5FF002002F0A2FF002002F0BA
:104B80009FFF002002F09CFF002002F099FF002010
:104B900002F096FF002002F093FF002002F090FF49
:104BA000B42002F099FF8B2002F08AFF002002F06F
:104BB00087FF962002F084FF002002F081FFA120F1
:104BC00002F07EFF002002F07BFFB52002F084FFA0
:104BD000022002F075FF002002F072FF032002F0B5
:104BE0006FFF002002F06CFF042002F069FF00203C
:104BF00002F066FFB62002F06FFF002002F060FFB7
:104C0000002002F05DFFB72002F066FF002002F0F6
:104C100057FF002002F054FF3F2002F051FF002018
:104C200002F04EFF5E2002F04BFF002002F048FF32
:104C3000642002F045FF002002F042FF8C2002F0C9
:104C40003FFF002002F03CFFAC2002F039FF0020C3
:104C500002F036FFDC2002F033FF002002F030FFCC
:104C6000702002F02DFF002002F02AFF902002F0B9
:104C700027FF002002F024FFEB2002F021FF00209C
:104C800002F01EFFDC2002F01BFF002002F018FFE4
:104C9000B82002F021FF002002F012FF002002F0F5
:104CA0000FFF002002F00CFF002002F009FF00209F
:104CB00002F006FF002002F003FF002002F000FFD8
:104CC000002002F0FDFEBA2002F006FF242002F0D0
:104CD000F7FE002002F0F4FE002002F0F1FE0020BA
:104CE00002F0EEFEC12002F0F7FE202002F0E8FE06
:104CF000002002F0E5FE542002F0E2FE002002F067
:104D0000DFFEFF2002F0DCFE002002F0D9FEC22010
:104D100002F0E2FE0A2002F0D3FE002002F0D0FEF4
:104D2000042002F0CDFE002002F0CAFEC32002F0F3
:104D3000D3FE3C2002F0C4FE002002F0C1FE3A2067
:104D400002F0BEFE002002F0BBFE392002F0B8FEE9
:104D5000002002F0B5FE372002F0B2FE002002F083
:104D6000AFFE3C2002F0ACFE002002F0A9FE36208F
:104D700002F0A6FE002002F0A3FE322002F0A0FE08
:104D8000002002F09DFE2F2002F09AFE002002F08B
:104D900097FE2C2002F094FE002002F091FE2920C4
:104DA00002F08EFE002002F08BFE262002F088FE2C
:104DB000002002F085FE242002F082FE002002F096
:104DC0007FFE242002F07CFE002002F079FE2320EA
:104DD00002F076FE002002F073FE3C2002F070FE2E
:104DE000002002F06DFE362002F06AFE002002F084
:104DF00067FE322002F064FE002002F061FE2F20E8
:104E000002F05EFE002002F05BFE2C2002F058FE55
:104E1000002002F055FE292002F052FE002002F090
:104E20004FFE262002F04CFE002002F049FE242016
:104E300002F046FE002002F043FE242002F040FE75
:104E4000002002F03DFE232002F03AFE002002F096
:104E500037FEC42002F040FE622002F031FE002046
:104E600002F02EFE052002F02BFE002002F028FEAC
:104E7000842002F025FE002002F022FEF02002F045
:104E80001FFE002002F01CFE182002F019FE002078
:104E900002F016FEA42002F013FE002002F010FE25
:104EA000182002F00DFE002002F00AFE502002F051
:104EB00007FE002002F004FE0C2002F001FE00209C
:104EC00002F0FEFD172002F0FBFD002002F0F8FDCD
:104ED000952002F0F5FD002002F0F2FDF32002F033
:104EE000EFFD002002F0ECFDE62002F0E9FD0020DD
:104EF00002F0E6FDC52002F0EFFD322002F0E0FDF9
:104F0000002002F0DDFD442002F0DAFD002002F076
:104F1000D7FD652002F0D4FD002002F0D1FD7620FF
:104F200002F0CEFD002002F0CBFD882002F0C8FD8B
:104F3000002002F0C5FDC62002F0CEFD202002F0C8
:104F4000BFFD002002F0BCFD172002F0B9FD0020DB
:104F500002F0B6FD012002F0B3FD002002F0B0FD2A
:104F6000C72002F0B9FD002002F0AAFD002002F0E7
:104F7000A7FD002002F0A4FD002002F0A1FDC82042
:104F800002F0AAFD002002F09BFD002002F098FD37
:104F9000002002F095FD002002F092FDC92002F0F1
:104FA0009BFD002002F08CFD002002F089FD002016
:104FB00002F086FD002002F083FD002002F080FD5B
:104FC000002002F07DFD002002F07AFD002002F0BA
:104FD00077FD002002F074FD002002F071FD00203A
:104FE00002F06EFD002002F06BFD002002F068FD73
:104FF000002002F065FD002002F062FD002002F0BA
:105000005FFDE02002F068FD162002F059FD00204F
:1050100002F056FD1C2002F053FD002002F050FD6E
:10502000212002F04DFD002002F04AFD362002F062
:1050300047FD002002F044FD462002F041FD002023
:1050400002F03EFD522002F03BFD002002F038FD50
:10505000642002F035FD002002F032FD7A2002F0DB
:105060002FFD002002F02CFD8B2002F029FD0020F6
:1050700002F026FD992002F023FD002002F020FD21
:10508000A82002F01DFD002002F01AFDB92002F058
:1050900017FD002002F014FDC42002F011FD0020D5
:1050A00002F00EFDCA2002F00BFD002002F008FD08
:1050B000D22002F005FD002002F002FDD92002F00E
:1050C000FFFC002002F0FCFCE02002F0F9FC0020D4
:1050D00002F0F6FCF32002F0F3FC002002F0F0FCFA
:1050E000E12002F0F9FC162002F0EAFC002002F0B8
:1050F000E7FC1C2002F0E4FC002002F0E1FC22208E
:1051000002F0DEFC002002F0DBFC362002F0D8FCCE
:10511000002002F0D5FC452002F0D2FC002002F075
:10512000CFFC522002F0CCFC002002F0C9FC64202D
:1051300002F0C6FC002002F0C3FC7A2002F0C0FCA2
:10514000002002F0BDFC8B2002F0BAFC002002F02F
:10515000B7FC992002F0B4FC002002F0B1FCA820BA
:1051600002F0AEFC002002F0ABFCB92002F0A8FC7B
:10517000002002F0A5FCC42002F0A2FC002002F0F6
:105180009FFCCA2002F09CFC002002F099FCD22077
:1051900002F096FC002002F093FCD82002F090FC74
:1051A000002002F08DFCE02002F08AFC002002F0DA
:1051B00087FCF32002F084FC002002F081FCE22056
:1051C00002F08AFC052002F07BFC002002F078FC53
:1051D0000B2002F075FC002002F072FC1B2002F094
:1051E0006FFC002002F06CFC342002F069FC00200F
:1051F00002F066FC442002F063FC002002F060FC38
:105200004F2002F05DFC002002F05AFC612002F009
:1052100057FC002002F054FC792002F051FC0020E1
:1052200002F04EFC882002F04BFC002002F048FC0B
:10523000972002F045FC002002F042FCA62002F07C
:105240003FFC002002F03CFCB72002F039FC0020BB
:1052500002F036FCC22002F033FC002002F030FCE9
:10526000C72002F02DFC002002F02AFCD12002F021
:1052700027FC002002F024FCD62002F021FC0020B4
:1052800002F01EFCDD2002F01BFC002002F018FCE6
:10529000F32002F015FC002002F012FCE32002F0E3
:1052A0001BFC052002F00CFC002002F009FC0A2087
:1052B00002F006FC002002F003FC1C2002F000FCBF
:1052C000002002F0FDFB332002F0FAFB002002F088
:1052D000F7FB442002F0F4FB002002F0F1FB502029
:1052E00002F0EEFB002002F0EBFB622002F0E8FB94
:1052F000002002F0E5FB782002F0E2FB002002F043
:10530000DFFB882002F0DCFB002002F0D9FB9720B5
:1053100002F0D6FB002002F0D3FBA62002F0D0FB67
:10532000002002F0CDFBB72002F0CAFB002002F003
:10533000C7FBC22002F0C4FB002002F0C1FBC72063
:1053400002F0BEFB002002F0BBFBD12002F0B8FB54
:10535000002002F0B5FBD52002F0B2FB002002F0E5
:10536000AFFBDD2002F0ACFB002002F0A9FBF32034
:1053700002F0A6FB002002F0A3FBE42002F0ACFB4D
:10538000012002F09DFB002002F09AFB012002F0B8
:1053900097FB002002F094FB022002F091FB00201A
:1053A00002F08EFB2A2002F08BFB002002F088FB2B
:1053B0003C2002F085FB002002F082FB4B2002F033
:1053C0007FFB002002F07CFB5D2002F079FB0020D7
:1053D00002F076FB742002F073FB002002F070FBF9
:1053E000842002F06DFB002002F06AFB932002F0A3
:1053F00067FB002002F064FBA22002F061FB0020AA
:1054000002F05EFBB32002F05BFB002002F058FBD1
:10541000BE2002F055FB002002F052FBC42002F037
:105420004FFB002002F04CFBCD2002F049FB002096
:1054300002F046FBD32002F043FB002002F040FBC9
:10544000DD2002F03DFB002002F03AFBF32002F0E9
:1054500037FB002002F034FBE52002F03DFB00208A
:1054600002F02EFB002002F02BFB002002F028FBB4
:10547000002002F025FB022002F022FB002002F0B7
:105480001FFB292002F01CFB002002F019FB3C202E
:1054900002F016FB002002F013FB4B2002F010FB81
:1054A000002002F00DFB5D2002F00AFB002002F05C
:1054B00007FB742002F004FB002002F001FB8420B3
:1054C00002F0FEFA002002F0FBFA932002F0F8FA54
:1054D000002002F0F5FAA22002F0F2FA002002F019
:1054E000EFFAB32002F0ECFA002002F0E9FABE2055
:1054F00002F0E6FA002002F0E3FAC42002F0E0FA3B
:10550000002002F0DDFACD2002F0DAFA002002F0ED
:10551000D7FAD32002F0D4FA002002F0D1FADC202E
:1055200002F0CEFA002002F0CBFAF32002F0C8FA23
:10553000002002F0C5FAE62002F0CEFA112002F0B7
:10554000BFFA002002F0BCFA342002F0B9FA0020C1
:1055500002F0B6FA562002F0B3FA002002F0B0FAD8
:10556000762002F0ADFA002002F0AAFA772002F0CD
:10557000A7FA002002F0A4FA662002F0A1FA0020A7
:1055800002F09EFA882002F09BFA002002F098FABE
:10559000992002F095FA002002F092FABB2002F066
:1055A0008FFA002002F08CFA992002F089FA00208C
:1055B00002F086FA662002F083FA002002F080FAF8
:1055C000552002F07DFA002002F07AFA552002F010
:1055D00077FA002002F074FA452002F071FA0020F8
:1055E00002F06EFA432002F06BFA002002F068FA33
:1055F000442002F065FA002002F062FAE72002F08F
:105600006BFA322002F05CFA002002F059FA5520C1
:1056100002F056FA002002F053FA762002F050FA17
:10562000002002F04DFA662002F04AFA002002F053
:1056300047FA672002F044FA002002F041FA67209E
:1056400002F03EFA002002F03BFA872002F038FA1E
:10565000002002F035FA992002F032FA002002F020
:105660002FFABB2002F02CFA002002F029FA992030
:1056700002F026FA002002F023FA772002F020FA46
:10568000002002F01DFA442002F01AFA002002F075
:1056900017FA562002F014FA002002F011FA232023
:1056A00002F00EFA002002F00BFA332002F008FAA2
:1056B000002002F005FA452002F002FA002002F074
:1056C000FFF9E82002F008FA002002F0F9F90020C2
:1056D00002F0F6F9992002F0F3F9002002F0F0F957
:1056E000872002F0EDF9002002F0EAF9882002F0AC
:1056F000E7F9002002F0E4F9772002F0E1F9002058
:1057000002F0DEF9662002F0DBF9002002F0D8F9A1
:10571000882002F0D5F9002002F0D2F9AA2002F088
:10572000CFF9002002F0CCF9BB2002F0C9F900202B
:1057300002F0C6F9992002F0C3F9002002F0C0F986
:10574000662002F0BDF9002002F0BAF9552002F0FF
:10575000B7F9002002F0B4F9552002F0B1F90020A9
:1057600002F0AEF9442002F0ABF9002002F0A8F9F3
:10577000442002F0A5F9002002F0A2F9552002F021
:105780009FF9002002F09CF9E92002F0A5F9AA2077
:1057900002F096F9002002F093F9002002F090F94F
:1057A000002002F08DF9002002F096F9AA2002F004
:1057B00087F9CF2002F090F9002002F081F9002053
:1057C00002F07EF9002002F07BF9002002F078F967
:1057D000002002F075F9002002F072F9002002F0BA
:1057E0006FF9002002F06CF9002002F069F9002046
:1057F00002F066F9002002F063F9002002F060F97F
:10580000002002F05DF9002002F05AF9002002F0B9
:1058100057F9002002F054F9002002F051F9F0206D
:1058200002F05AF9002002F04BF9502002F048F93A
:10583000002002F045F9002002F042F9002002F0B9
:105840003FF9F32002F048F9002002F039F9F9207D
:1058500002F042F9062002F033F9102002F030F98C
:10586000292002F02DF9002002F02AF93A2002F056
:1058700033F9552002F024F9112002F02DF96420AB
:10588000FAF7A5FE292002F027F9352002F024F9C5
:10589000002002F015F9512002F01EF9FF2002F05D
:1058A0000FF9532002F018F92C2002F009F95520C5
:1058B00002F012F9822002F003F92C2002F00CF918
:1058C00010BD10B555214FF4704002F01BF9AA210C
:1058D0004FF2010002F016F952214FF2020002F0DD
:1058E00011F908214FF2030002F00CF901214FF2E7
:1058F000040002F007F90D214FF4304002F002F9E4
:105900000D214BF2010002F0FDF80D214BF20200D7
:1059100002F0F8F834214FF4364002F0F3F8342165
:105920004BF2016002F0EEF834214BF2026002F01B
:10593000E9F80D214FF4314002F0E4F80D214BF26B
:10594000011002F0DFF80D214BF2021002F0DAF83C
:1059500034214FF4374002F0D5F834214BF2017076
:1059600002F0D0F834214BF2027002F0CBF80021A3
:105970004FF4324002F0C6F800214BF2012002F051
:10598000C1F800214BF2022002F0BCF824214FF4B0
:10599000384002F0B7F824214BF6010002F0B2F8CB
:1059A00024214BF6020002F0ADF801214FF43F40F4
:1059B00002F0A8F80F214FF4334002F0A3F80F21B2
:1059C0004BF2013002F09EF80F214BF2023002F050
:1059D00099F834214FF4394002F094F834214BF611
:1059E000011002F08FF834214BF6021002F08AF811
:1059F00008214FF4354002F085F808214BF20150A0
:105A000002F080F808214BF2025002F07BF80321EB
:105A10004FF4424002F076F824214FF43A4002F06D
:105A200071F824214BF6012002F06CF824214BF68A
:105A3000022002F067F800214FF43C4002F062F8C7
:105A400078214BF6014002F05DF800214BF6024050
:105A500002F058F800214FF43D4002F053F878214D
:105A60004BF6015002F04EF800214BF6025002F0C6
:105A700049F800214FF43E4002F044F864214BF60F
:105A8000016002F03FF800214FF4514002F03AF873
:105A900033214DF2011002F035F800214DF20210D1
:105AA00002F030F834214DF2031002F02BF80021FF
:105AB0004DF2041002F026F83A214DF2051002F0E2
:105AC00021F800214DF2061002F01CF84A214DF297
:105AD000071002F017F800214DF2081002F012F83A
:105AE0005C214DF2091002F00DF800214DF20A1070
:105AF00002F008F881214DF20B1002F003F80021AA
:105B00004DF20C1001F0FEFFA6214DF20D1001F038
:105B1000F9FF00214DF20E1001F0F4FFE5214DF2E6
:105B20000F1001F0EFFF01214DF2101001F0EAFF1C
:105B300013214DF2111001F0E5FF01214DF2121079
:105B400001F0E0FF54214DF2131001F0DBFF0121C1
:105B50004DF2141001F0D6FF82214DF2151001F024
:105B6000D1FF01214DF2161001F0CCFFCA214DF2F8
:105B7000171001F0C7FF02214DF2181001F0C2FF0B
:105B800000214DF2191001F0BDFF02214DF21A1053
:105B900001F0B8FF01214DF21B1001F0B3FF02210B
:105BA0004DF21C1001F0AEFF34214DF21D1001F03A
:105BB000A9FF02214DF21E1001F0A4FF67214DF252
:105BC0001F1001F09FFF02214DF2201001F09AFFFB
:105BD00084214DF2211001F095FF02214DF2221097
:105BE00001F090FFA4214DF2231001F08BFF022160
:105BF0004DF2241001F086FFB7214DF2251001F07F
:105C000081FF02214DF2261001F07CFFCF214DF2E1
:105C1000271001F077FF02214DF2281001F072FFEA
:105C2000DE214DF2291001F06DFF02214DF22A1004
:105C300001F068FFF2214DF22B1001F063FF022109
:105C40004DF22C1001F05EFFFE214DF22D1001F0FF
:105C500059FF03214DF22E1001F054FF10214DF297
:105C60002F1001F04FFF03214DF2301001F04AFFD9
:105C700033214DF2311001F045FF03214DF2321076
:105C800001F040FF6D214DF2331001F03BFF002188
:105C90004FF4524001F036FF33214DF2012001F064
:105CA00031FF00214DF2022001F02CFF34214DF292
:105CB000032001F027FF00214DF2042001F022FF14
:105CC0003A214DF2052001F01DFF00214DF2062082
:105CD00001F018FF4A214DF2072001F013FF0021C7
:105CE0004DF2082001F00EFF5C214DF2092001F079
:105CF00009FF00214DF20A2001F004FF81214DF23D
:105D00000B2001F0FFFE00214DF20C2001F0FAFE05
:105D1000A6214DF20D2001F0F5FE00214DF20E20DE
:105D200001F0F0FEE5214DF20F2001F0EBFE012124
:105D30004DF2102001F0E6FE13214DF2112001F08A
:105D4000E1FE01214DF2122001F0DCFE54214DF262
:105D5000132001F0D7FE01214DF2142001F0D2FEF4
:105D600082214DF2152001F0CDFE01214DF21620C9
:105D700001F0C8FECA214DF2172001F0C3FE022136
:105D80004DF2182001F0BEFE00214DF2192001F065
:105D9000B9FE02214DF21A2001F0B4FE01214DF2AC
:105DA0001B2001F0AFFE02214DF21C2001F0AAFEE3
:105DB00034214DF21D2001F0A5FE02214DF21E20DE
:105DC00001F0A0FE67214DF21F2001F09BFE022191
:105DD0004DF2202001F096FE84214DF2212001F0A9
:105DE00091FE02214DF2222001F08CFEA4214DF201
:105DF000232001F087FE02214DF2242001F082FED3
:105E0000B7214DF2252001F07DFE02214DF2262022
:105E100001F078FECF214DF2272001F073FE022120
:105E20004DF2282001F06EFEDE214DF2292001F016
:105E300069FE02214DF22A2001F064FEF2214DF2AA
:105E40002B2001F05FFE02214DF22C2001F05AFEC2
:105E5000FE214DF22D2001F055FE03214DF22E20A2
:105E600001F050FE10214DF22F2001F04BFE0321D6
:105E70004DF2302001F046FE33214DF2312001F089
:105E800041FE03214DF2322001F03CFE6D214DF226
:105E9000332001F037FE00214FF4534001F032FE71
:105EA00033214DF2013001F02DFE00214DF2023080
:105EB00001F028FE34214DF2033001F023FE0021D1
:105EC0004DF2043001F01EFE3A214DF2053001F092
:105ED00019FE00214DF2063001F014FE4A214DF268
:105EE000073001F00FFE00214DF2083001F00AFEEC
:105EF0005C214DF2093001F005FE00214DF20A301F
:105F000001F000FE81214DF20B3001F0FBFD00217C
:105F10004DF20C3001F0F6FDA6214DF20D3001F0EE
:105F2000F1FD00214DF20E3001F0ECFDE5214DF2C6
:105F30000F3001F0E7FD01214DF2103001F0E2FDDC
:105F400013214DF2113001F0DDFD01214DF212302F
:105F500001F0D8FD54214DF2133001F0D3FD0121A1
:105F60004DF2143001F0CEFD82214DF2153001F0DA
:105F7000C9FD01214DF2163001F0C4FDCA214DF2D8
:105F8000173001F0BFFD02214DF2183001F0BAFDCB
:105F900000214DF2193001F0B5FD02214DF21A3009
:105FA00001F0B0FD01214DF21B3001F0ABFD0221EB
:105FB0004DF21C3001F0A6FD34214DF21D3001F0F0
:105FC000A1FD02214DF21E3001F09CFD67214DF232
:105FD0001F3001F097FD02214DF2203001F092FDBB
:105FE00084214DF2213001F08DFD02214DF222304D
:105FF00001F088FDA4214DF2233001F083FD022140
:106000004DF2243001F07EFDB7214DF2253001F034
:1060100079FD02214DF2263001F074FDCF214DF2C1
:10602000273001F06FFD02214DF2283001F06AFDAA
:10603000DE214DF2293001F065FD02214DF22A30BA
:1060400001F060FDF2214DF22B3001F05BFD0221E9
:106050004DF22C3001F056FDFE214DF22D3001F0B5
:1060600051FD03214DF22E3001F04CFD10214DF277
:106070002F3001F047FD03214DF2303001F042FD99
:1060800033214DF2313001F03DFD03214DF232302C
:1060900001F038FD6D214DF2333001F033FD002168
:1060A0004FF4544001F02EFD33214DF2014001F038
:1060B00029FD00214DF2024001F024FD34214DF272
:1060C000034001F01FFD00214DF2044001F01AFDD4
:1060D0003A214DF2054001F015FD00214DF2064038
:1060E00001F010FD4A214DF2074001F00BFD0021A7
:1060F0004DF2084001F006FD5C214DF2094001F02F
:1061000001FD00214DF20A4001F0FCFC81214DF21D
:106110000B4001F0F7FC00214DF20C4001F0F2FCC5
:10612000A6214DF20D4001F0EDFC00214DF20E4094
:1061300001F0E8FCE5214DF20F4001F0E3FC012104
:106140004DF2104001F0DEFC13214DF2114001F040
:10615000D9FC01214DF2124001F0D4FC54214DF242
:10616000134001F0CFFC01214DF2144001F0CAFCB4
:1061700082214DF2154001F0C5FC01214DF216407F
:1061800001F0C0FCCA214DF2174001F0BBFC022116
:106190004DF2184001F0B6FC00214DF2194001F01B
:1061A000B1FC02214DF21A4001F0ACFC01214DF28C
:1061B0001B4001F0A7FC02214DF21C4001F0A2FCA3
:1061C00034214DF21D4001F09DFC02214DF21E4094
:1061D00001F098FC67214DF21F4001F093FC022171
:1061E0004DF2204001F08EFC84214DF2214001F05F
:1061F00089FC02214DF2224001F084FCA4214DF2E1
:10620000234001F07FFC02214DF2244001F07AFC92
:10621000B7214DF2254001F075FC02214DF22640D8
:1062200001F070FCCF214DF2274001F06BFC022100
:106230004DF2284001F066FCDE214DF2294001F0CC
:1062400061FC02214DF22A4001F05CFCF2214DF28A
:106250002B4001F057FC02214DF22C4001F052FC82
:10626000FE214DF22D4001F04DFC03214DF22E4058
:1062700001F048FC10214DF22F4001F043FC0321B6
:106280004DF2304001F03EFC33214DF2314001F03F
:1062900039FC03214DF2324001F034FC6D214DF206
:1062A000334001F02FFC00214FF4554001F02AFC4F
:1062B00033214DF2015001F025FC00214DF2025036
:1062C00001F020FC34214DF2035001F01BFC0021B1
:1062D0004DF2045001F016FC3A214DF2055001F048
:1062E00011FC00214DF2065001F00CFC4A214DF248
:1062F000075001F007FC00214DF2085001F002FCAC
:106300005C214DF2095001F0FDFB00214DF20A50D5
:1063100001F0F8FB81214DF20B5001F0F3FB00215D
:106320004DF20C5001F0EEFBA6214DF20D5001F0A4
:10633000E9FB00214DF20E5001F0E4FBE5214DF2A6
:106340000F5001F0DFFB01214DF2105001F0DAFB9C
:1063500013214DF2115001F0D5FB01214DF21250E5
:1063600001F0D0FB54214DF2135001F0CBFB012181
:106370004DF2145001F0C6FB82214DF2155001F090
:10638000C1FB01214DF2165001F0BCFBCA214DF2B8
:10639000175001F0B7FB02214DF2185001F0B2FB8B
:1063A00000214DF2195001F0ADFB02214DF21A50BF
:1063B00001F0A8FB01214DF21B5001F0A3FB0221CB
:1063C0004DF21C5001F09EFB34214DF21D5001F0A6
:1063D00099FB02214DF21E5001F094FB67214DF212
:1063E0001F5001F08FFB02214DF2205001F08AFB7B
:1063F00084214DF2215001F085FB02214DF2225003
:1064000001F080FBA4214DF2235001F07BFB02211F
:106410004DF2245001F076FBB7214DF2255001F0EA
:1064200071FB02214DF2265001F06CFBCF214DF2A1
:10643000275001F067FB02214DF2285001F062FB6A
:10644000DE214DF2295001F05DFB02214DF22A5070
:1064500001F058FBF2214DF22B5001F053FB0221C9
:106460004DF22C5001F04EFBFE214DF22D5001F06B
:1064700049FB03214DF22E5001F044FB10214DF257
:106480002F5001F03FFB03214DF2305001F03AFB59
:1064900033214DF2315001F035FB03214DF23250E2
:1064A00001F030FB6D214DF2335001F02BFB002148
:1064B0004FF4564001F026FB33214DF2016001F00C
:1064C00021FB00214DF2026001F01CFB34214DF252
:1064D000036001F017FB00214DF2046001F012FB94
:1064E0003A214DF2056001F00DFB00214DF20660EE
:1064F00001F008FB4A214DF2076001F003FB002187
:106500004DF2086001F0FEFA5C214DF2096001F0E5
:10651000F9FA00214DF20A6001F0F4FA81214DF2FE
:106520000B6001F0EFFA00214DF20C6001F0EAFA85
:10653000A6214DF20D6001F0E5FA00214DF20E604A
:1065400001F0E0FAE5214DF20F6001F0DBFA0121E4
:106550004DF2106001F0D6FA13214DF2116001F0F6
:10656000D1FA01214DF2126001F0CCFA54214DF222
:10657000136001F0C7FA01214DF2146001F0C2FA74
:1065800082214DF2156001F0BDFA01214DF2166035
:1065900001F0B8FACA214DF2176001F0B3FA0221F6
:1065A0004DF2186001F0AEFA00214DF2196001F0D1
:1065B000A9FA02214DF21A6001F0A4FA01214DF26C
:1065C0001B6001F09FFA02214DF21C6001F09AFA63
:1065D00034214DF21D6001F095FA02214DF21E604A
:1065E00001F090FA67214DF21F6001F08BFA022151
:1065F0004DF2206001F086FA84214DF2216001F015
:1066000081FA02214DF2226001F07CFAA4214DF2C0
:10661000236001F077FA02214DF2246001F072FA52
:10662000B7214DF2256001F06DFA02214DF226608E
:1066300001F068FACF214DF2276001F063FA0221E0
:106640004DF2286001F05EFADE214DF2296001F082
:1066500059FA02214DF22A6001F054FAF2214DF26A
:106660002B6001F04FFA02214DF22C6001F04AFA42
:10667000FE214DF22D6001F045FA03214DF22E600E
:1066800001F040FA10214DF22F6001F03BFA032196
:106690004DF2306001F036FA33214DF2316001F0F5
:1066A00031FA03214DF2326001F02CFA6D214DF2E6
:1066B000336001F027FA55214FF4704001F022FABF
:1066C000AA214FF2010001F01DFA52214FF20200FF
:1066D00001F018FA08214FF2030001F013FA00212B
:1066E0004FF2040001F00EFACC214FF4314001F0DA
:1066F00009FA00214BF2011001F004FA05214FF4D0
:10670000364001F0FFF970214FF4374001F0FAF9FB
:1067100070214BF2017001F0F5F901214FF438407E
:1067200001F0F0F903214BF6010001F0EBF9032130
:106730004BF6020001F0E6F903214BF6030001F0ED
:10674000E1F902214FF43C4001F0DCF900214BF665
:10675000014001F0D7F900214BF6024001F0D2F9D7
:10676000D0214FF4494001F0CDF902214CF601103F
:1067700001F0C8F950214CF6021001F0C3F9502184
:106780004CF6031001F0BEF950214CF6041001F054
:10679000B9F900214FF4545001F0B4F955214FF4E8
:1067A000685001F0AFF94FF4885001F095F9782066
:1067B000F9F717FF4FF4245001F08EF910BD10B512
:1067C000E22001F089F91D2001F07AF9022001F0A0
:1067D00077F9042001F074F96420F9F702FFE02052
:1067E00001F07AF9012001F06BF90A20F9F7EFFEC8
:1067F000E02001F071F9032001F062F90C20F9F7B3
:10680000E6FE012001F068F90A20F9F7E0FEE62033
:1068100001F062F92F2001F053F9FF2001F050F947
:10682000FF2001F04DF9B02001F056F9202001F0D1
:1068300047F9002001F044F9032001F041F940F24A
:106840001F3001F03DF9012001F03AF940F2DF106C
:1068500001F036F9002001F033F9B42001F03CF9E1
:10686000042001F02DF940F21F4001F029F9002029
:1068700001F026F92E2001F023F9002001F020F983
:10688000002001F01DF9002001F01AF9002001F0AC
:1068900017F9B62001F020F9022001F011F94FF4A8
:1068A000037001F00DF9002001F00AF9172001F042
:1068B00007F9152001F004F9002001F001F900208A
:1068C00001F0FEF8F02001F007F9032001F0F8F8DC
:1068D000292001F001F9D02001F0FEF8002001F09C
:1068E000EFF8BE2001F0F8F8052001F0E9F8FE20ED
:1068F00001F0E6F8012001F0E3F8002001F0E0F8F3
:10690000002001F0DDF8002001F0DAF8B82001F0F5
:10691000E3F8032001F0D4F8012001F0D1F8BA2007
:1069200001F0DAF8012001F0CBF810BD10B511200C
:1069300001F0D2F87820F9F74AFE362001F0CCF8C1
:10694000002001F0BDF83A2001F0C6F8052001F062
:10695000B7F8B22001F0C0F80C2001F0B1F80C201B
:1069600001F0AEF8002001F0ABF8332001F0A8F8F8
:10697000332001F0A5F8B72001F0AEF8352001F082
:106980009FF8BB2001F0A8F8322001F099F8C02050
:1069900001F0A2F80C2001F093F8C22001F09CF85D
:1069A000012001F08DF8C32001F096F8102001F0CD
:1069B00087F8C42001F090F8202001F081F8C6206B
:1069C00001F08AF80F2001F07BF8D02001F084F864
:1069D000A42001F075F8A12001F072F8E02001F088
:1069E0007BF8D02001F06CF8002001F069F802205B
:1069F00001F066F8072001F063F80A2001F060F862
:106A0000282001F05DF8322001F05AF8442001F00E
:106A100057F8422001F054F8062001F051F80E20FA
:106A200001F04EF8122001F04BF8142001F048F864
:106A3000172001F045F8E12001F04EF8D02001F0D8
:106A40003FF8002001F03CF8022001F039F807205F
:106A500001F036F80A2001F033F8282001F030F870
:106A6000312001F02DF8542001F02AF8472001F0E0
:106A700027F80E2001F024F81C2001F021F817203F
:106A800001F01EF81B2001F01BF81E2001F018F881
:106A90002A2001F021F8002001F012F8002001F076
:106AA0000FF8002001F00CF8EF2001F009F82B207E
:106AB00001F012F8002001F003F8002001F000F8C6
:106AC000012000F0FDFF3F2000F0FAFF292001F037
:106AD00003F810BD10B5112000F0FEFF7820F9F783
:106AE00076FD362000F0F8FF482000F0E9FF3A205C
:106AF00000F0F2FF552000F0E3FFF02000F0ECFF83
:106B0000C32000F0DDFFF02000F0E6FF962000F04B
:106B1000D7FFB42000F0E0FF012000F0D1FFB62045
:106B200000F0DAFF0A2000F0CBFFA22000F0C8FF3F
:106B3000B72000F0D1FFC62000F0C2FFB92000F05E
:106B4000CBFF022000F0BCFFE02000F0B9FFC02026
:106B500000F0C2FF802000F0B3FF162000F0B0FF6D
:106B6000C12000F0B9FF192000F0AAFFC22000F0F8
:106B7000B3FFA72000F0A4FFC52000F0ADFF162052
:106B800000F09EFFE82000F0A7FF402000F098FFF3
:106B90008A2000F095FF002000F092FF002000F016
:106BA0008FFF292000F08CFF192000F089FFA5201D
:106BB00000F086FF332000F083FFE02000F08CFF20
:106BC000F02000F07DFF072000F07AFF0D2000F09C
:106BD00077FF042000F074FF052000F071FF1420FF
:106BE00000F06EFF362000F06BFF542000F068FFCD
:106BF0004C2000F065FF382000F062FF132000F009
:106C00005FFF142000F05CFF2E2000F059FF3420BD
:106C100000F056FFE12000F05FFFF02000F050FF91
:106C2000102000F04DFF142000F04AFF0E2000F06D
:106C300047FF0C2000F044FF082000F041FF352002
:106C400000F03EFF442000F03BFF4C2000F038FFF6
:106C5000262000F035FF102000F032FF122000F057
:106C60002FFF2C2000F02CFF322000F029FFF02015
:106C700000F032FF3C2000F023FFF02000F02CFF5A
:106C8000692000F01DFF7820F9F7A1FC212000F019
:106C900023FF292000F020FF10BD00002DE9F04F58
:106CA00005460E4617469846DDF824A04FF0000B27
:106CB000781B401C1FFA80FB344613E0214628460F
:106CC00000F028FC00F014FF4FF0000906E007492F
:106CD000A1F800A009F101001FFA80F9D945F6DBFF
:106CE000601C84B24445E9DDBDE8F08F000010600F
:106CF00000B595B000BF00BFF948006840F008003B
:106D0000F74908600846006800F00800019000BFDD
:106D100000BF00BF00BF00BF0846006840F0080089
:106D200008600846006800F00800019000BF00BF3E
:106D300000BF00BF00BF0846006840F008000860C0
:106D40000846006800F00800019000BF00BF00BFC7
:106D500000BF00BF0846006840F010000860084609
:106D6000006800F01000019000BF00BF00BF00BF2E
:106D700000BF0846006840F002000860084600684E
:106D800000F00200019000BF00BF00BF8020109003
:106D90000220119001201290032013900C201490D7
:106DA00010A9D048F9F7F0FB2020109010A9CD4889
:106DB000F9F7EAFB1020109010A9CA48F9F7E4FB94
:106DC0000820109010A9C848F9F7DEFB2020109089
:106DD0000120119010A9C548F9F7D6FBC448C54950
:106DE0000860C5484860002088600021C148C16033
:106DF00001611021416100218161C16101624FF493
:106E000080514162002181624FF48041C1620021C2
:106E1000016341634FF4801181630F2009900020CA
:106E20000A904E200B9000200F900F20029000201F
:106E300003900F2004900020089002AA09A9AD48F1
:106E4000F9F7B2FE3220F9F7C2FBD32000F044FE7E
:106E500000F0EAF9A949888000F0E6F9A74988809E
:106E600000F0E2F9A5498880084680884FF6FF7156
:106E700001EA0020A149888000F0D6F99F4989885D
:106E800008439E4988800846808849F241318842FB
:106E90007ED0042000F020FE00F0C6F997498880DB
:106EA00000F0C2F99549888000F0BEF993498880C6
:106EB000084680884FF6FF7101EA00208F498880DC
:106EC00000F0B2F98D49898808438C4988800846CA
:106ED000808848F25251884203D147F2897087492D
:106EE00088808648808847F289718842D0D0D42033
:106EF00000F0F2FD00F098F98049888000F094F9E4
:106F00007E49888000F090F97C4988800846808816
:106F10004FF6FF7101EA00207849888000F084F97B
:106F2000764989880843754988800846808845F2F3
:106F300010318842ACD0D32000F0CEFD00F074F9BF
:106F40006E49888000F070F96C49888000F06CF917
:106F50006A498880084680884FF6FF7101EA002060
:106F60006649888000F060F964498988084363496C
:106F700088800846808847F29671884288D05521DB
:106F80004FF4704000F0BEFDAA214FF2010000E076
:106F90007CE000F0B7FD52214FF2020000F0B2FD9C
:106FA00008214FF2030000F0ADFD01214FF2040073
:106FB00000F0A8FD4FF4454000F08EFD00F034F9DC
:106FC0004E498880084680884FF6FF7101EA00200C
:106FD0004A4988804CF2015000F07EFD00F024F90F
:106FE000464989880843454988800520F9F7EFFA22
:106FF0004248808845F21051884247D0D32000F0A3
:107000006BFD00F011F93D49888000F00DF93B4916
:10701000888000F009F939498880084680884FF651
:10702000FF7101EA00203549888000F0FDF83349FE
:1070300089880843314988800846808849F60601D6
:10704000884223D0A12000F047FD00F0EDF82B4945
:10705000888000F0E9F829498880084680884FF642
:10706000FF7101EA00202549888000F0DDF82349FE
:1070700089880843214988800846808845F26171E3
:10708000884203D141F663101C4988801B488188DF
:107090001BA0F8F7C7FF1948808847F2897188421A
:1070A00002D1FFF743FC4EE01448808849F2413199
:1070B000884202D1FDF7D6F945E01048808845F2B4
:1070C0001031884202D1FDF783FC3CE00B488088F8
:1070D00047F29671884219D1FFF7FCFC33E00000BB
:1070E000E0440258000C02580010025800040258F4
:1070F00000400052A403002404410052F003002485
:107100004C43442049443A25780D0A004048808881
:1071100045F21051884202D1FEF7D3FB13E03C4800
:10712000808849F60601884202D1FDF7B1FA0AE0EB
:107130003748808841F66311884204D1FFF73FFB4E
:10714000642000F095FC3248808847F289718842BB
:1071500005D02F48808847F2967188420AD10520D1
:10716000029004902B49CB6A8A68486802A9F9F713
:107170000FFB3DE02648808849F2413188420AD120
:107180000420029004902349CB6A8A68486802A9C7
:10719000F9F7FEFA2CE01E48808841F66311884218
:1071A0000BD01B48808845F21031884205D0184822
:1071B000808845F2105188420AD102200290049042
:1071C0001449CB6A8A68486802A9F9F7E1FA0FE026
:1071D0000F48808849F60601884209D103200290B1
:1071E00004900C49CB6A8A68486802A9F9F7D0FA7A
:1071F0000020FCF7FFFF00BF012220210648F9F71D
:10720000E1F900BF4FF6FF70FCF7DAFF15B000BDE3
:10721000F0030024A40300240004025800BF011E50
:10722000A0F10100FBD1704708B50220FFF7F6FF7F
:10723000024800880090BDF8000008BD0000106002
:107240002DE9F04105460E4600240027A0462148BE
:107250000088A84203DD1F484088B04202DC0020BD
:10726000BDE8F0813146284600F054F9194880887D
:1072700045F21051884204D14FF4385000F02CFCF4
:1072800002E02E2000F028FCFFF7CEFF0446114854
:10729000808841F66311884201D12046E0E7FFF77C
:1072A000C3FF04460B48808847F29671884201D19B
:1072B0002046D5E7FFF7B8FF8046E7B24FF6FF70EC
:1072C00000EA0727E012C002B91240EA411040EA82
:1072D000E820C5E7F0030024F0B5054600240027A8
:1072E0008B488079012805D18948808841F663114F
:1072F000884208D186488079F0B98548808841F66F
:107300006311884218D1082D15D2DFE805F0040674
:10731000080A0C0E101206250DE007250BE00425C7
:1073200009E0052507E0012505E0002503E0032528
:1073300001E0022500BF00BF082D1CD2DFE805F0E8
:107340000406090C0F12151800BF14E044F0800465
:1073500011E044F040040EE044F0C0040BE044F0BF
:10736000200408E044F0600405E044F0A00402E0DA
:1073700044F0E00400BF00BF36276548808845F22E
:107380001051884200D13F026148808849F2413162
:1073900088420BD05E48808847F28971884205D0C8
:1073A0005B48808847F29671884201D144F0080416
:1073B0002146384600F0A6FB5548808841F6631107
:1073C00088421DD004F0200068B15148008850491F
:1073D0004988884214DA4E48068840884C4908801B
:1073E000084646800CE04A48008849494988884256
:1073F00006DD47480688408845490880084646809B
:107400004348808845F21051884252D1404948890A
:1074100000F062FB002000F053FB3D494989491C04
:1074200088B200F059FB002000F04AFB3849498936
:10743000891C88B200F050FB35490988491EC1F308
:107440000F2000F03DFB32494989C91C88B200F089
:1074500043FB2F490978491EC8B200F031FB2C4983
:10746000888900F039FB002000F02AFB284989892F
:10747000491C88B200F030FB002000F021FB2449B9
:107480008989891C88B200F027FB21494988491E57
:10749000C1F30F2000F014FB1D498989C91C88B273
:1074A00000F01AFB1A498978491EC8B200F008FB9F
:1074B0002DE01749488900F00FFB002000F000FB89
:1074C000002000F0FDFA12490988491EC1F30F207F
:1074D00000F0F6FA0E490978491EC8B200F0F0FA39
:1074E0000B49888900F0F8FA002000F0E9FA002042
:1074F00000F0E6FA06494988491EC1F30F2000F062
:10750000DFFA03498978491EC8B200F0D9FAF0BD04
:10751000F003002410B502460C464548808841F629
:107520006311884247D142488079A8B94048008811
:10753000401E801A82B23E49488900F0CDFA0020F0
:1075400000F0BEFA002000F0BBFA101200F0B8FA0A
:10755000D0B200F0B5FA16E03549488900F0BCFA1F
:10756000101200F0ADFAD0B200F0AAFA3049098842
:10757000491EC1F30F2000F0A3FA2D490978491ED6
:10758000C8B200F09DFA2A49888900F0A5FA2012B5
:1075900000F096FAE0B200F093FA25494988491EB6
:1075A000C1F30F2000F08CFA21498978491EC8B236
:1075B00000F086FA3AE01E48808845F21051884271
:1075C00020D11B49488900F087FA101200F078FAA0
:1075D00017494989491C88B200F07EFAD0B200F000
:1075E0006FFA1349888900F077FA201200F068FAE0
:1075F0000F498989491C88B200F06EFAE0B200F0A8
:107600005FFA13E00A49488900F066FA101200F0A8
:1076100057FAD0B200F054FA0549888900F05CFAB4
:10762000201200F04DFAE0B200F04AFA10BD00005E
:10763000F00300242DE9F04104460D461E46A01833
:10764000401E87B2A819401E1FFA80F8544880884F
:1076500041F66311884231D15148807901282DD0FB
:107660004F480088801A001B84B2A819401E86B2B9
:107670004B49488900F030FA201200F021FAE0B2BC
:1076800000F01EFAA118491EC1F30F2000F018FAED
:10769000A118491EC8B200F013FA4149888900F0C8
:1076A0001BFA281200F00CFAE8B200F009FA3012C6
:1076B00000F006FAF0B200F003FA6EE03848808875
:1076C00045F21051884246D13549488900F004FA04
:1076D000201200F0F5F932494989491C88B200F0BE
:1076E000FBF9E0B200F0ECF92D494989891C88B218
:1076F00000F0F2F9381200F0E3F929494989C91C70
:1077000088B200F0E9F9F8B200F0DAF92449888982
:1077100000F0E2F9281200F0D3F921498989491CC7
:1077200088B200F0D9F9E8B200F0CAF91C49898999
:10773000891C88B200F0D0F94FEA282000F0C0F987
:1077400017498989C91C88B200F0C6F908F0FF0002
:1077500000F0B6F921E01249488900F0BDF9201285
:1077600000F0AEF9E0B200F0ABF9381200F0A8F981
:10777000F8B200F0A5F90A49888900F0ADF928129D
:1077800000F09EF9E8B200F09BF94FEA282000F0E3
:1077900097F908F0FF0000F093F9BDE8F0810000D0
:1077A000F00300242DE9FC4F80460E4615461C468A
:1077B000B3460020019000902046E31704EB53737A
:1077C000DB1021464FEAE47C04EB5C7C4FEAEC0CD6
:1077D000A4EBCC0CBCF1000F02D04FF0010C01E087
:1077E0004FF0000C6344224604EBD27C4FEA6C0C51
:1077F00003FB0CF3DBB20193A5F12000C5B20C2C06
:1078000006D0102C0BD0182C0ED0202C18D112E042
:1078100005EB45002D4901EB8000009012E02C485B
:1078200000EB051000900DE005EBC500294901EBC8
:107830008000009006E0284800EBC510009001E0B1
:10784000BDE8FC8F00BF00273AE0009810F80790D1
:107850004FF0000A2EE009F0800028B13146404682
:107860000C9AFCF7EFFD07E00B9828B91B4831464E
:1078700002684046FCF7E6FD4FEA49604FEA1069AE
:10788000701C86B216484088B04200DCD8E7A6EBF0
:107890000B00A0420AD15E4608F101001FFA80F8F1
:1078A0000F480088404500DCCAE706E00AF1010005
:1078B00000F0FF0ABAF1080FCDDB00BF781CC7B299
:1078C00001988742C1DB00BFBAE70000CC9C009062
:1078D00040A1009030A700908CB400905C00002480
:1078E000F003002470B58CB04FF6FF703649086085
:1078F0004FF6E07035A110221346CDE90021029029
:10790000C8221021084600F07DF8344890ED000AA6
:10791000DFED330A20EE200ABDEEC00A10EE104A59
:10792000002C0EDA6442642094FBF0F100FB114558
:1079300094FBF0F62B4632462AA104A8F8F77EFB0A
:107940000CE0642094FBF0F100FB114594FBF0F691
:107950002B46324627A104A8F8F770FB4FF4FC60D1
:1079600004A910221346CDE900210290C822222149
:10797000102000F047F84FF4FC6004A910221346D1
:10798000CDE900210290C8222221102000F03AF80F
:107990004FF4FC6004A910221346CDE900210290A7
:1079A000C8223421102000F02DF84FF4FC6004A907
:1079B00010221346CDE900210290C8224621102052
:1079C00000F020F80CB070BD5C00002453696D70AD
:1079D0006C65205069746368000000001800002482
:1079E0000000C842503A2D256C642E2530326C645C
:1079F00000000000503A20256C642E2530326C6463
:107A0000000000002DE9FC4F04460D4690469946C3
:107A1000DDE90C7A0B9E04F0FF0B08EB04001FFA63
:107A200080F809EB05001FFA80F917E0444502DBF6
:107A30005C46A81985B24D4500DB15E00020CDE974
:107A4000000A3A78334629462046FFF7ABFE304617
:107A500006EBD07104EB61018CB27F1C38787E2874
:107A600002DC38782028E1DA00BFBDE8FC8F000096
:107A700000B50246BE2000F02FF8052000F020F8E7
:107A800000EE102AB8EE400B9FED0B1B20EE010B11
:107A9000BCEEC00B10EE101A88B200F011F80120F5
:107AA00000F00EF8FF2000F00BF8002000F008F8BE
:107AB000002000F005F800BD666666666666044054
:107AC00001B5BDF800000090BDF800000149088034
:107AD00008BD00000000106001B5BDF80000009076
:107AE000BDF800000149088008BD0000FEFF0F60DE
:107AF000024800890249088070470000F003002412
:107B0000FEFF0F60024A1080921C11807047000037
:107B1000FEFF0F6000B587B000BF00BF21480068BE
:107B200040F010001F4908600846006800F010008F
:107B3000019000BF00BF00BF00BF00BF0846006843
:107B400040F0100008600846006800F01000019046
:107B500000BF00BF00BF2020029001200390022040
:107B60000490059002A91048F8F70EFD40200290FD
:107B70000120039002200490059002A90A48F8F71A
:107B800003FD00BF012220210748F8F71BFD00BFBD
:107B900000BF012240210448F8F714FD00BF07B0E0
:107BA00000BD0000E0440258001002581FB501203B
:107BB00000220323CDE901200093039013460246DF
:107BC0001021400700F04FF8012000220323CDE9E7
:107BD000012000930390134602221221480600F070
:107BE00042F8012000220323CDE9012000930390F5
:107BF000134603221221100700F035F8012000225D
:107C00000323CDE9012000930390134604220F21A2
:107C10004FF0605000F027F800200323CDE900303A
:107C2000029003460522192103904FF0C04000F056
:107C30001AF8012000220323CDE9012000930390CC
:107C4000134606221921500700F00DF800200323E7
:107C5000CDE900300290012307221B210390C807C1
:107C600000F001F81FBD2DE9FF5F04460D461646E2
:107C70001F46DDE910ABDDE90E89F8F7EEFC0120C7
:107C80008DF80000F0B28DF801000194E8B28DF893
:107C9000080000208DF809008DF80A008DF80B808F
:107CA0008DF80C708DF80D908DF80EA08DF80FB03A
:107CB0006846F8F7D7FC0420F8F7D9FC002004B098
:107CC000BDE8F09F70B50446042C03DAC4F104004B
:107CD000C5B201E0201FC5B2032143F2122000F01B
:107CE000D4FB2807010E45F2875000F0CEFB042C90
:107CF00005DA092145F2885000F0C7FB04E00121B4
:107D000045F2885000F0C1FB132143F2122000F02D
:107D1000BCFBA32143F2122000F0B7FB70BD0000B2
:107D200070B50546032143F2122000F0AEFB1C2182
:107D300045F2813000F0A9FB5A2145F2823000F073
:107D4000A4FB062145F2833000F09FFB00240CE0E9
:107D500005EB4502104B03EB4202115D45F2843204
:107D6000A01800F092FB601CC4B2062CF0DB982136
:107D700045F28B3000F089FB012145F28A3000F09A
:107D800084FB132143F2122000F07FFBA32143F276
:107D9000122000F07AFB70BDDBF8009070B504464D
:107DA00000252026072C1AD2DFE804F004080C195D
:107DB0001013160014200546064610E0182005464C
:107DC00006460CE01C200546064608E01025242641
:107DD00005E01825282602E01C252C2600BF00BF40
:107DE000032143F2122000F050FB294645F2855052
:107DF00000F04BFB314645F2865000F046FB132164
:107E000043F2122000F041FBA32143F2122000F0C4
:107E10003CFB70BD10B50446032143F2122000F074
:107E200034FB04EB4400224A12F8101043F60F20F2
:107E300000F02BFB04EB44001D4A02EB40004178AC
:107E400043F6102000F021FB04EB4400184A02EB3B
:107E50004000817843F61B2000F017FB04EB440040
:107E6000134A02EB4000C17843F61E2000F00DFBE0
:107E700004EB44000E4A02EB4000017943F6112066
:107E800000F003FB04EB4400094A02EB4000417997
:107E900043F61F2000F0F9FA132143F2122000F0FC
:107EA000F4FAA32143F2122000F0EFFA10BD000013
:107EB0008EF8009010B50446022143F2160000F03F
:107EC000E4FA022143F21C0000F0DFFA2CB1022197
:107ED00043F2190000F0D9FA04E0002143F219003E
:107EE00000F0D3FA10BD70B500250024012143F243
:107EF000230000F0CAFA082143F2220000F0C5FA7C
:107F000000BF43F2230000F003FA0546601C84B270
:107F1000B4F57A7F01DD022070BD0520F8F757FB2C
:107F2000002DEED1012143F2230000F0AEFA04212E
:107F300043F2220000F0A9FA002400BF43F223001C
:107F400000F0E6F90546601C84B2B4F57A7F01DDE5
:107F50000220E1E70520F8F73AFB002DEED10020E2
:107F6000DAE7000070B54FF400458F2620214FF46A
:107F7000405000F08AFA002408E02748015D2846B6
:107F800000F083FA681C85B2601C84B240F6ED7084
:107F90008442F2D3002143F2220000F076FA00215D
:107FA00043F2230000F071FA002143F2240000F0B4
:107FB0006CFA002143F2250000F067FA002143F239
:107FC000260000F062FA002143F2270000F05DFA7B
:107FD000002143F2280000F058FA7F2143F22900E3
:107FE00000F053FA00214FF4405000F04EFA002404
:107FF00000BF43F2290000F08BF906460520F8F790
:10800000E6FA601C84B2B4F57A7F01DD012070BD10
:10801000702EEED10020FAE70CE4009070B5002538
:10802000032143F2220000F030FA11E0681C85B20F
:1080300043F2290000F06CF90446102C00D108E04E
:108040000520F8F7C4FAB5F57A7F01DD012070BD8F
:10805000ECE700BF0020FAE72DE9F05F04460D468B
:108060009046994626462F4604EB0800401E1FFA0C
:1080700080FA05EB0900401E1FFA80FB032143F242
:10808000122000F002FA31124FF4605000F0FDF9B6
:10809000F1B243F6010000F0F8F9391243F602009C
:1080A00000F0F3F9F9B243F6030000F0EEF94FEAFD
:1080B0002A2143F6040000F0E8F90AF0FF0143F634
:1080C000050000F0E2F94FEA2B2143F6060000F02C
:1080D000DCF90BF0FF0143F6070000F0D6F913219D
:1080E00043F2122000F0D1F9A32143F2122000F054
:1080F000CCF90020BDE8F09F30B587B0002400BF68
:1081000000BF4B48006840F0040049490860084639
:10811000006800F00400019000BF00BF00BF00BF76
:1081200000BF0846006840F001000860084600688B
:1081300000F00100019000BF00BF00BF10200290BE
:108140000120039004900320059002A93948F8F714
:108150001BFA8020029001200390049003200590D8
:1081600002A93548F8F710FA00BF002280213248F2
:10817000F8F728FA00BF1420F8F729FA00BF002208
:1081800010212C48F8F71EFA00BF0520F8F71FFA57
:1081900000BF012280212848F8F714FA00BF1420FC
:1081A000F8F715FA00F008FB0520F8F710FA43F28B
:1081B0000A0000F0ADF805464FF6FF7000EA05250D
:1081C00043F20B0000F0A4F8054345F240608542FD
:1081D00006D0294619A0F7F725FF012007B030BDCA
:1081E000112143F2031000F050F9822143F20800FC
:1081F00000F04BF90A20F8F7EAF900240AE0114AE6
:1082000002EB840291780F4A32F8240000F03DF925
:10821000601C84B2CF2CF2D30120FFF74BFE32203A
:10822000F8F7D5F90020FFF745FE0020D6E700005B
:10823000E0440258000802580000025849443A2518
:10824000640D0A0052F5009070B50546032143F213
:10825000122000F01AF900240AE0C5EBC5020B4B0E
:108260001A44115D04F5505000F00FF9601CC4B2BF
:10827000072CF2DB132143F2122000F006F9A321B0
:1082800043F2122000F001F970BD0000B8F8009030
:108290002DE9F04104460D4616461F46032143F2E0
:1082A000122000F0F2F8311243F6080000F0EDF869
:1082B000F1B243F6090000F0E8F8391243F60A007B
:1082C00000F0E3F8F9B243F60B0000F0DEF82112FB
:1082D00043F6100000F0D9F8E1B243F6110000F0C7
:1082E000D4F8291243F6120000F0CFF8E9B243F6B1
:1082F000130000F0CAF8132143F2122000F0C5F871
:10830000A32143F2122000F0C0F80020BDE8F08164
:1083100070B50446002500F031FB782000F0DAFA51
:10832000201200F0D7FAE0B200F0D4FA00F04EFBD1
:1083300000F024FB792000F0CDFA00F0A1FA054608
:1083400000F07EFA00F042FB284670BD10B5002414
:1083500000BF0AE0064A02EB84029178044A32F830
:10836000240000F092F8601C84B22D2CF2D310BDD2
:108370009EF4009010B50446212C0ADA652145F2DE
:10838000083000F082F8214645F2023000F07DF816
:108390002CE0252145F2083000F077F808214FF451
:1083A000A64000F072F8302145F2013000F06DF87F
:1083B000102145F2023000F068F8002145F2033048
:1083C00000F063F8082145F2093000F05EF8302132
:1083D00045F20A3000F059F8042145F20B3000F064
:1083E00054F8062145F20C3000F04FF810BD0000A3
:1083F00010B50446032143F2122000F046F804EBC6
:108400004400144A115C4FF4AB4000F03EF804EB1A
:108410004400104A1044417845F2835000F035F88A
:1084200004EB44000B4A1044817845F2845000F07C
:108430002CF8082145F2030000F027F8132143F23D
:10844000122000F022F8A32143F2122000F01DF8C0
:1084500010BD000005F9009010B504462CB90021AC
:1084600045F23D0000F011F80EE0012C05D180210D
:1084700045F23D0000F009F806E0022C04D182210B
:1084800045F23D0000F001F810BD70B504460D4600
:10849000002600F073FA782000F01CFA00B10126E3
:1084A000201200F017FA00B10126E0B200F012FA33
:1084B00000B10126284600F00DFA00B1012600F0B7
:1084C00085FA304670BD0146086870472DED028B75
:1084D0008AB09FED960AB0EE408A0026012700255B
:1084E0004FF6FF70FBF76CFE4FF4784090A110221E
:1084F0001346CDE900210290C82232211E20FFF749
:1085000081FA4FF478408CA110221346CDE9002166
:108510000290C82246211E20FFF774FA4FF47840DB
:108520008AA110221346CDE900210290C8226421BD
:108530001E20FFF767FA4FF4784088A110221346F7
:10854000CDE900210290C822A0211E20FFF75AFA8F
:10855000FFF7FCFEFFF706FD0020FFF7B3FB03204B
:10856000FFF7DEFB0420FFF7ADFB0320FFF716FC4F
:108570002120FFF7FFFEFFF7B6FCFBF733FB0020DF
:108580007B030122014600907A48FBF7E3F97A4821
:108590004088B0F5487F11DB77494988A1F54870DC
:1085A00000EBD071C1F34F01744A11804FF448754C
:1085B000512143F23500FFF768FF04E000206F49C6
:1085C00008806D4845886D4800886D4908806A4874
:1085D00002882B4600210420FFF75AFEFBF75AFCC5
:1085E0000020FBF7EDFDF9F705FD9DE00020FBF70E
:1085F000A5FD0446002C7FD0012C01D0FBF7D0FC58
:10860000012C02D0022C5FD10FE0701CC6B2062EE6
:1086100000DB00263046FFF7EBFE5A4850F82620D4
:1086200059A106A8F7F70AFD4EE00FB9012000E0B6
:1086300000200746DFBB00EE105AB8EE400ADFED1F
:10864000530A80EE801AB0EE418A00EE105AF8EE1E
:10865000400A9FED4E0A08EE600AF0EE000A80EE36
:10866000201ABCEEC10A10EE100A1FFA80F8424828
:10867000008800EE100AF8EE400A9FED450A08EE69
:10868000600AF0EE000A80EE201ABCEEC10A10EE7D
:10869000100A1FFA80F9384802882B46414648469E
:1086A000FFF7F6FD3BA106A8F7F7C8FC0BE0FFE7D4
:1086B000314802882B4600210420FFF7E9FD39A14B
:1086C00006A8F7F7BBFC00BF00BF012C14D04FF485
:1086D000784006A910221346CDE900210290D2224B
:1086E00032211E20FFF78EF94FF44870F7F76FFF25
:1086F00000E001E0FBF7CEFBFBF752FC1E480288CE
:108700002B46002103A8F8F7EAF81B4801882A46FF
:1087100003A8F8F793FFFBF7BDFB03A8F9F78AFC62
:108720000A20F7F754FF00BF60E7000000000000D8
:1087300053544D33320000004F56353634302052FA
:108740004742353635204D6F646500004B45593042
:108750003A436F6E7472617374000000574B5F553B
:10876000503A46756C6C53697A652F5363616C653A
:108770000000000000001060F00300240C00002442
:108780000A0000242800002425730000000048444B
:108790000000A04446756C6C2053697A6520313A1C
:1087A000310000005363616C6500000010B50520C6
:1087B000F7F717FF10BD000000B587B000BF00BF7E
:1087C0001D48006840F002001B4908600846006828
:1087D00000F00200019000BF00BF00BF00BF00BF5B
:1087E0000846006840F0020008600846006800F093
:1087F0000200019000BF00BF00BF4FF480600290F4
:1088000011200390012004900320059002A90B4839
:10881000F7F7BAFE4FF40060029011200390012098
:1088200004900320059002A90448F7F7ADFE00F07C
:10883000CDF807B000BD0000E04402580004025823
:1088400010B500BF0122D1020C48F7F7BBFE00BFF4
:10885000FFF7ACFF00BF012291020848F7F7B2FE14
:1088600000BFFFF7A3FF00BF00224FF48061034861
:10887000F7F7A8FE00BFFFF799FF10BD00040258EC
:1088800070B5002400251EE06006040E00BF012222
:1088900091020F48F7F796FE00BFFFF787FF4FF4EE
:1088A00000610B48F7F798FE08B1601CC4B200BF26
:1088B00000224FF480610648F7F784FE00BFFFF7FF
:1088C00075FF681CC5B2082DDEDB204670BD0000B8
:1088D0000004025870B50446002626E000BFE009F7
:1088E00028B10122D1022448F7F76CFE05E00022EE
:1088F0004FF400612048F7F765FE00BFFFF756FF11
:1089000000BF012291021C48F7F75CFE00BFFFF791
:108910004DFF00BF00224FF480611748F7F752FE69
:1089200000BF6006040E701CC6B2082ED6DB00BF66
:108930000122D1021048F7F745FE00BFFFF736FFCE
:1089400000BF012291020C48F7F73CFE00BFFFF781
:108950002DFF4FF400610848F7F73EFE08B10125EE
:1089600000E0002500BF00224FF480610248F7F7C5
:1089700029FE00BF284670BD0004025810B500BF94
:108980000122D1021048F7F71DFE00BF00BF0122EF
:1089900091020D48F7F716FE00BFFFF707FF00BF73
:1089A00000224FF400610848F7F70CFE00BFFFF704
:1089B000FDFE00BF00224FF480610348F7F702FE7E
:1089C00000BFFFF7F3FE10BD0004025810B500BF52
:1089D00000224FF400610C48F7F7F4FD00BFFFF7E9
:1089E000E5FE00BF012291020748F7F7EBFD00BF4B
:1089F000FFF7DCFE00BF0122D1020348F7F7E2FDDA
:108A000000BFFFF7D3FE10BD0004025810B586B0BA
:108A1000044600BF3148006840F400202F49086038
:108A20000846006800F40020009000BF00BF00BFAF
:108A300000BF2A480838006840F00100274908397B
:108A400008600846006800F00100009000BF00BF09
:108A500000BF00BF00BF0846006840F0010008608A
:108A60000846006800F00100009000BF00BF00BF92
:108A70004FF48050019002200290012003900320C7
:108A800004900620059001A91548F7F77DFD4FF4E5
:108A900000600190022002900120039003200490C6
:108AA0000620059001A90E48F7F76EFD0D480E4906
:108AB00008600846446000218160C16001618161F5
:108AC0000C2141610021C16101624162002006491F
:108AD00088620846F8F7E6FC06B010BDE844025884
:108AE00000000258004C00401405002430B595B039
:108AF000054613AB12AA09A9284600F03FFA04461E
:108B000014B1204615B030BD0020149026E0224953
:108B100009689DF8502001EBC20113AB11AA486807
:108B200001A900F02BFA04460CB12046EAE709A996
:108B300001A800F0AFFC60B99DF844009DF8481012
:108B4000884201DD0220DDE79DF85000124988755A
:108B50000AE09DF85000401CC0B214900E48007D01
:108B60009DF850108842D2DC00BF0B48007D9DF874
:108B70005010884201D10420C4E714A9284600F00F
:108B8000DDFA04460CB12046BCE79DF850000249CE
:108B900048750020B6E70000540100242DE9F0419B
:108BA0009AB09C48847D007DA04202DC1AB0BDE8EA
:108BB000F0819849096801EBC40106AB07AA48682F
:108BC00008A900F0DBF908A993A0F7F72BFA002613
:108BD00044E09048008B0121B1400840D8B12221E7
:108BE0008FA0F7F71FFA304600F042FB8949243185
:108BF000471839468BA0F7F715FA222188A0F7F716
:108C000011FA304600F034FB82492431084410A99F
:108C100041F8260018E0304600F02AFB7D49243157
:108C2000085810A941F826007A48C07D30B910A82C
:108C300050F826107CA0F7F7F5F905E010A850F8D9
:108C400026107AA0F7F7EEF99DF81C00401EB042FE
:108C500002D078A0F7F7E6F9701CC6B29DF81C00A8
:108C60008642B6DB74A0F7F7DDF901F007F8694832
:108C7000407D0B280DD2DFE800F0060D151E2732CF
:108C80003F4E5F7287006349096851F8340080479E
:108C9000054690E05F4A126852F8341010988847F1
:108CA000054688E05B4B1B6853F83420DDE9100172
:108CB000904705467FE0574F3F6857F8343010A87B
:108CC00007C89847054676E0DFF848C1DCF800C0E1
:108CD0005CF8347010A80FC8B84705466BE01498CC
:108CE000DFF830C10090DCF800C05CF8347010A8E8
:108CF0000FC8B84705465EE0DDE91401DFF814C18E
:108D0000CDE90001DCF800C05CF8347010A80FC891
:108D1000B84705464FE0DDE914121698DFF8F4C0B5
:108D2000CDE900120290DCF800C05CF8347010A8A5
:108D30000FC8B84705463EE0DDE91423DDE916100B
:108D4000DFF8D0C0CDE90023CDE90210DCF800C087
:108D50005CF8347010A80FC8B84705462BE0DDE971
:108D60001523DDE91710CDE90123CDE9031014988F
:108D7000DFF8A0C00090DCF800C05CF8347010A8E8
:108D80000FC8B847054616E0DDE91623DDE91810DF
:108D9000CDE90223CDE90410DDE91401DFF874C048
:108DA000CDE90001DCF800C05CF8347010A80FC8F1
:108DB000B847054600BF00BF00F00EFF9DF8180041
:108DC00001280CD11348C07D20B929461BA0F7F714
:108DD00029F907E029461BA0F7F724F902E018A0BB
:108DE000F7F720F90B4890F8EC0088B10948D0F863
:108DF000F0000A21B0FBF1F201FB12070548D0F8A0
:108E0000F000B0FBF1F83A46414611A0F7F70AF935
:108E100000BFCBE6540100240D0A25732800000092
:108E20002563000025730000256C64003058255828
:108E3000000000002C000000290000003D256C759A
:108E40003B0D0A003D305825583B0D0A000000003C
:108E500046756E6374696F6E2052756E2054696D2D
:108E6000653A25642E2531646D730D0A00000000FB
:108E7000F0B50346154600200022002600245BE0E2
:108E80001F782C2F01D104B901221F78292F01D07E
:108E90001F780FB904B950E0002E3AD11F78302F57
:108EA00002DB1F78392F17DD1F782D2F14D01F7884
:108EB0002B2F11D01F78612F02DB1F78662F0BDD5F
:108EC0001F78412F02DB1F78462F05DD1F78582FB2
:108ED00002D01F78782F0CD102B12EE01F78612FBD
:108EE00003DB1F78203F0F7001E01F780F70491CD3
:108EF0001FE01F78222F04D102B11EE001260124B9
:108F000017E01F78202F14D01F782C2F11D0FF26A8
:108F100013E01F78222F00D1002402B10DE044B1EC
:108F20001F785C2F02D15B1C471CF8B21F780F70B2
:108F3000491C471CF8B25B1CA2E700BF00270F705A
:108F40002E70F0BD10B50446002010700BE02078A4
:108F50000870641C491C1078401C107010789842EE
:108F600001DB012010BD2078202802D020780028C5
:108F7000EDD10020087000BFF4E700002DE9FF4F9D
:108F800085B0804689460027002004900390012088
:108F900002904FF0000B002544461DE02078202869
:108FA00016D005F07F00052812DA0DB945F08005CE
:108FB00005F07F00042803D120782A2800D00EE095
:108FC000207805F07F010DF80100681CC5B202E0B1
:108FD000852D00D103E0641C20780028DED100BF7D
:108FE0008DB1002005F07F010DF8010051A1684608
:108FF00000F050FA18B900210898017002E0012130
:109000000898017000254FF0000A444614E0641CE3
:109010000AF1010000F0FF0A2078202802D0207811
:109020002A2809D1204600F0A7F90646282E03D0A9
:109030002A2E01D0CDF810A02078282802D0207840
:109040000028E4D14446049810B10498401C04441C
:109050004FF0000A002654E0207810B94FF0010AC2
:1090600050E02078282803D116B9781CC7B213E045
:109070002078292808D13EB917B1781EC7B201E07F
:109080004FF0010A47B93DE02078222804D10EB9FB
:10909000012000E00020064647B9207820282FD084
:1090A000207889F8000009F1010929E020782C28AE
:1090B00004D101200290681CC5B214E02078202859
:1090C00011D0207828280ED04DB9BBF1050F06DA53
:1090D00020780DF80B000BF1010000F0FF0B029857
:1090E000401CC0B20290012F0AD10298022807D179
:1090F0000298401CC0B202900398401CC0B203907A
:10910000641CA9E700BF0398012809D100200DF8CD
:109110000B0008A1684600F0BDF908B900200390D3
:10912000079903980870002089F80000504609B09C
:10913000BDE8F08F766F6964000000002DE9F04310
:10914000B5B005460F460024002604E000213D4846
:109150008155701CC6B20A2EF8DB06E06D1C28781B
:1091600018B9012035B0BDE8F08328782828F5D15A
:109170006D1C61E034AA69462846FFF779FE064671
:1091800035449DF8D00020B1012827D0FF284CD1CC
:1091900049E09DF8000000B333A9684600F0F7F8F5
:1091A00006460EB10220DDE7204600F061F82549B1
:1091B0000A31339A0A50A1F12400008B0121A14009
:1091C000884320491A39088304211E480155601C30
:1091D000C4B20A2C01DD0320C4E726E0684600F093
:1091E00075F9401C00F0FF08204600F041F81549D1
:1091F0000A3100EB01094946684600F05CF9114864
:109200001A38018B0120A040014388B20D491A3958
:1092100008830C4800F80480601CC4B20A2C01DDED
:1092200003209FE701E002209CE700BF287829285F
:1092300001D0287800B900E09CE700BF3C70002016
:1092400090E700006E0100240020074A128802F413
:1092500000423AB1044A11780022044B5A5418468D
:10926000014B1A8070470000480000244802002487
:1092700002460020002105E0044B5B5C0344D8B2A9
:109280004B1CD9B29142F7DB704700006E010024FD
:1092900010B5044604EBC40000EB04100122C2EB3D
:1092A000800081B24FF47A7000F0B8FC01200149CF
:1092B000C87510BD5401002410B50246012000E01D
:1092C00050430B1EA1F10104E1B2F9D110BD000021
:1092D00070B50026FFF7B8FF064606B970BD1748FF
:1092E00081683046884704461CB91449C8688047DD
:1092F00021E0304600F0F6F80546012D00D02C465E
:10930000CCB1012C06D0022C08D0032C0AD0042C9E
:1093100010D10BE00AA0F6F785FE0BE00BA0F6F7E4
:1093200081FE07E00CA0F6F77DFE03E00DA0F6F746
:1093300079FE00BF00BF00BFD0E700005401002449
:10934000BAAFCAFDB4EDCEF3210D0A00B2CECAFD0C
:10935000B4EDCEF3210D0A00B2CECAFDCCABB6E01F
:10936000210D0A00CEB4D5D2B5BDC6A5C5E4B5C49D
:10937000BAAFCAFD210D0A000146491C00E0491C94
:109380000878202801D10029F9D1087870472DE903
:10939000F04F05460F4600264FF00A09B3462C460B
:1093A0000020386034E02078392802DC207830282A
:1093B00011DA28782D2802D028782B2800D156B130
:1093C0002078462802DC2078412804DA20785828C2
:1093D00017D1012E15D12078412801DB4FF010095B
:1093E00028782D2803D14FF0020B6D1C0FE0287850
:1093F0002B2803D14FF0010B6D1C08E0701CC6B286
:1094000005E0207800B904E00120BDE8F08F641C7D
:10941000C9E700BF2C46B9F1100F0FD1032E01DAB6
:109420000220F2E72078302806D16078582803D14E
:10943000A41CB01EC6B204E00320E6E70EB9042067
:10944000E3E71BE00EB1701EC6B22078392806DCB7
:109450002078302803DB2078A0F1300A02E0207861
:10946000A0F1370A31464846FFF726FF39680AFB64
:1094700000103860641C207800B900E0E2E700BF0B
:10948000BBF1020F04D13868C0F10008C7F80080B2
:109490000020BAE702460AE010780B78984201D023
:1094A00001207047107800B902E0521C491CF3E714
:1094B00000BF0020F5E706E002780A70027802B9E2
:1094C00002E0401C491CF7E700BF7047014600203E
:1094D00005E00A7802B903E0421CD0B2491CF8E763
:1094E00000BF704710B58CB004461E230BAA03A919
:1094F0002046FFF727FD0090009810B101200CB026
:1095000010BD9DF82C00044400200B900EE0404854
:109510009DF82C2050F8221003A8FFF7BBFF00B9DC
:1095200008E09DF82C00401CC0B20B909DF82C0068
:109530000728ECD300BF9DF82C00072863D2DFE892
:1095400000F004053C5E6564630000BF31A0F6F7DF
:1095500069FD31A0F6F766FD3FA0F6F763FD4EA06A
:10956000F6F760FD5CA0F6F75DFD6BA0F6F75AFD1F
:1095700079A0F6F757FD87A0F6F754FD8CA0F6F713
:1095800051FD94A0F6F74EFD98A0F6F74BFD9DA077
:10959000F6F748FDA2A0F6F745FDA8A0F6F742FDB4
:1095A000B4A0F6F73FFDC1A0F6F73CFDCCA0F6F75E
:1095B00039FDD8A0F6F736FDA2E216A0F6F732FD87
:1095C000E4A0F6F72FFD00200B900EE0F1480068B4
:1095D0009DF82C2000EBC2004168EFA0F6F722FDB9
:1095E0009DF82C00401CC0B20B90EA48007D9DF80D
:1095F0002C108842EADC07A0F6F714FD80E205A0F3
:10960000F6F710FDCCE179E24DE221E2F4E1000051
:10961000880000240D0A00002D2D2D2D2D2D2D2D1F
:109620002D2D2D2D2D2D2D2D2D2D2D2D2D2D2D2D6A
:1096300055534D4152542056332E352D2D2D2D2D61
:109640002D2D2D2D2D2D2D2D2D2D2D2D2D2D2D2D4A
:109650002D2D2D200D0A00002020202055534D4196
:109660005254CAC7D3C9414C49454E54454BBFAA71
:10967000B7A2B5C4D2BBB8F6C1E9C7C9B5C4B4AEC8
:10968000BFDAB5F7CAD4BBA5BDBBD7E9BCFE2CCDAC
:10969000A8B9FD200D0A0000CBFC2CC4E3BFC9D241
:1096A000D4CDA8B9FDB4AEBFDAD6FACAD6B5F7D3D1
:1096B000C3B3CCD0F2C0EFC3E6B5C4C8CEBACEBAFD
:1096C000AFCAFD2CB2A2D6B4D0D02ED2F2B4CB2CDD
:1096D000C4E3BFC90D0A0000D2D4CBE6D2E2B8FC85
:1096E000B8C4BAAFCAFDB5C4CAE4C8EBB2CECAFDAD
:1096F00028D6A7B3D6CAFDD7D62831302F3136BDEC
:10970000F8D6C62CD6A7B3D6B8BACAFD29A1A2D717
:10971000D6B7FBB4AE0D0A00A1A2BAAFCAFDC8EB22
:10972000BFDAB5D8D6B7B5C8D7F7CEAAB2CECAFD7C
:10973000292CB5A5B8F6BAAFCAFDD7EEB6E0D6A7C4
:10974000B3D63130B8F6CAE4C8EBB2CECAFD2CB2FB
:10975000A2D6A7B3D60D0A00BAAFCAFDB7B5BBD81B
:10976000D6B5CFD4CABE2ED6A7B3D6B2CECAFDCFF9
:10977000D4CABEBDF8D6C6C9E8D6C3B9A6C4DC2CC7
:10978000D6A7B3D6BDF8D6C6D7AABBBBB9A6C4DC8C
:109790002E0D0A00BCBCCAF5D6A7B3D63A777777A8
:1097A0002E6F70656E6564762E636F6D0D0A000016
:1097B00055534D415254D3D037B8F6CFB5CDB3C37E
:1097C000FCC1EE28B1D8D0EBD0A1D0B4293A0D0A13
:1097D000000000003F3A202020202020BBF1C8A13B
:1097E000B0EFD6FAD0C5CFA20D0A000068656C7044
:1097F0003A202020BBF1C8A1B0EFD6FAD0C5CFA245
:109800000D0A00006C6973743A202020BFC9D3C3CD
:10981000B5C4BAAFCAFDC1D0B1ED0D0A0A0000004F
:1098200069643A2020202020BFC9D3C3BAAFCAFD43
:10983000B5C44944C1D0B1ED0D0A0A006865783A53
:1098400020202020B2CECAFD3136BDF8D6C6CFD4F6
:10985000CABE2CBAF3B8FABFD5B8F12BCAFDD7D619
:10986000BCB4D6B4D0D0BDF8D6C6D7AABBBB0D0AFF
:109870000A0000006465633A20202020B2CECAFDB1
:109880003130BDF8D6C6CFD4CABE2CBAF3B8FABFB1
:10989000D5B8F12BCAFDD7D6BCB4D6B4D0D0BDF85C
:1098A000D6C6D7AABBBB0D0A0A00000072756E743B
:1098B000696D653A312CBFAAC6F4BAAFCAFDD4CBE4
:1098C000D0D0BCC6CAB13B302CB9D8B1D5BAAFCA1A
:1098D000FDD4CBD0D0BCC6CAB13B0D0A0A000000F3
:1098E000C7EBB0B4D5D5B3CCD0F2B1E0D0B4B8F1B9
:1098F000CABDCAE4C8EBBAAFCAFDC3FBBCB0B2CEA6
:10990000CAFDB2A2D2D4BBD8B3B5BCFCBDE1CAF883
:109910002E0D0A002D2D2D2D2D2D2D2D2D2D2D2DE6
:109920002D2D2D2D2D2D2D2D2D2D2D2D2D2DD5FDEF
:10993000B5E3D4ADD7D32D2D2D2D2D2D2D2D2D2DA2
:109940002D2D2D2D2D2D2D2D2D2D2D2D2D2D2D2054
:109950000D0A00002D2D2D2D2D2D2D2D2D2D2D2DD4
:109960002D2D2D2D2D2D2D2D2D2D2D2D2DBAAFCA7B
:10997000FDC7E5B5A52D2D2D2D2D2D2D2D2D2D2DF5
:109980002D2D2D2D2D2D2D2D2D2D2D2D2D2D2D2D07
:10999000200D0A005401002425730D0A0000000068
:1099A00059A0F6F73FFB00200B901AE066490968C2
:1099B0009DF82C2001EBC20101AB02AA486803A963
:1099C000FFF7DCFA604800689DF82C1050F8312051
:1099D00003A95EA0F6F726FB9DF82C00401CC0B240
:1099E0000B905948007D9DF82C108842DEDCAFF2C8
:1099F000DC30F6F717FB83E0AFF2E830F6F712FB46
:109A00000BAA03A92046FFF733FA9DF82C00C8B92A
:109A1000694603A8FFF7BBFC0B909DF82C0020B90A
:109A20004FA00099F6F7FEFA0EE09DF82C000428EE
:109A300001D0022063E54DA0F6F7F4FA0120424977
:109A4000C87501E002205AE547A0F6F7EBFA57E0A7
:109A500045A0F6F7E7FA0BAA03A92046FFF708FA94
:109A60009DF82C00C8B9694603A8FFF790FC0B903D
:109A70009DF82C0020B942A00099F6F7D3FA0EE029
:109A80009DF82C00042801D0022038E53FA0F6F70D
:109A9000C9FA00202C49C87501E002202FE532A048
:109AA000F6F7C0FA2CE030A0F6F7BCFA0BAA03A92F
:109AB0002046FFF7DDF99DF82C00C8B9694603A8D8
:109AC000FFF765FC0B909DF82C0078B91E490098B3
:109AD00081F8EC00084690F8EC0018B130A0F6F7D9
:109AE000A1FA07E035A0F6F79DFA03E0022006E5AB
:109AF000022004E51CA0F6F795FA01E00120FEE43F
:109B000000BF0020FBE400002D2D2D2D2D2D2D2D2F
:109B10002D2D2D2D2D2D2D2D2D2D2D2D2D2D2D2D75
:109B20002DBAAFCAFD204944202D2D2D2D2D2D2DD0
:109B30002D2D2D2D2D2D2D2D2D2D2D2D2D2D2D2D55
:109B40002D2D2D2D200D0A00540100242573206990
:109B5000642069733A0D0A3058253038580D0A00D0
:109B60004845583A305825580D0A00003136BDF89E
:109B7000D6C6B2CECAFDCFD4CABE210D0A0000009F
:109B80004445433A256C750D0A0000003130BDF89C
:109B9000D6C6B2CECAFDCFD4CABE210D0A0000007F
:109BA00052756E2054696D652043616C63756C61FC
:109BB00074696F6E204F4E0D0A00000052756E20C2
:109BC00054696D652043616C63756C6174696F6E77
:109BD000204F46460D0A00000E480068006900F05C
:109BE000010040B10C48D0F8F0004FF6FF71084476
:109BF0000949C1F8F0000848D0F8F00005490968A3
:109C0000496A08440449C1F8F0000846D0F8F00059
:109C100070470000280600245401002438B504468B
:109C20000D4600BF00BF1248006840F00400104914
:109C300008600846006800F00400009000BF00BF04
:109C400000BF0C480C49086008464560002181604F
:109C5000C4600161F7F72FF80748F7F787F8032288
:109C600011461E20F6F795FC1E20F6F797FC38BD2E
:109C7000E844025800080040280600246FF0010064
:109C800009490968086100BF000C07490968C862F2
:109C900001460548C16000BF0020034909684862C9
:109CA0000249C1F8F000704728060024540100243E
:109CB00001607047010002000400060008000A006D
:109CC0000C00100020004000800000010000000097
:109CD0000000000000000000000000003F40000005
:109CE0000000000000003000400030004000000094
:109CF00009000BC03D000BC03D00090018C0244006
:109D00007FE0224031800000180024C01B000D803D
:109D10003240018003801C4027401C8007400040E7
:109D200010006000000000000000000000000000C3
:109D300000001F80204040200000402020401F8065
:109D400000000000090006001F8006000900000056
:109D5000040004003F8004000400000000100060C4
:109D600000000000000000000400040004000400E3
:109D7000040000000000004000000000000000009F
:109D8000002001C006003800400000001F80204075
:109D9000204020401F800000000010403FC00040D5
:109DA0000000000018C0214022402440184000005C
:109DB00010802040244024401B80000002000D0041
:109DC00011003FC0014000003C802440244024405A
:109DD000238000001F802440244034400380000082
:109DE0003000200027C03800200000001B802440E5
:109DF000244024401B8000001C0022C0224022403E
:109E00001F8000000000000008400000000000006B
:109E100000000000046000000000000000000400DA
:109E20000A001100208040400900090009000900D3
:109E30000900000000004040208011000A000400DA
:109E40001800200023402400180000001F8020403C
:109E5000274029401F400000004007C039000F0084
:109E600001C0004020403FC0244024401B8000002F
:109E70001F802040204020403080000020403FC014
:109E8000204020401F80000020403FC024402E4042
:109E900030C0000020403FC024402E0030000000B1
:109EA0000F001080204022403380020020403FC03D
:109EB000040004003FC02040204020403FC020401C
:109EC000204000000060202020203FC02000200013
:109ED00020403FC024400B0030C0204020403FC005
:109EE00020400040004000C03FC03C0003C03C0098
:109EF0003FC0000020403FC00C4023003FC0200076
:109F00001F802040204020401F80000020403FC094
:109F100024402400180000001F802140214020E040
:109F20001FA0000020403FC02440260019C0004070
:109F300018C02440244022403180000030002040DE
:109F40003FC020403000000020003F800040004023
:109F50003F80200020003E0001C0070038002000A4
:109F6000380007C03C0007C038000000204039C05E
:109F7000060039C0204000002000384007C03840AB
:109F800020000000304021C02640384020C00000A2
:109F9000000000007FE04020402000000000700032
:109FA0000C000380004000000000402040207FE0C3
:109FB0000000000000002000400020000000000021
:109FC0000010001000100010001000100000000031
:109FD0004000000000000000000002800540054035
:109FE00003C0004020003FC0044004400380000044
:109FF000000003800440044006400000000003808D
:10A00000044024403FC0004000000380054005405C
:10A0100003400000000004401FC0244024402000F2
:10A02000000002E0055005500650042020403FC0CB
:10A030000440040003C000400000044027C000406A
:10A040000000000000100010041027E000000000D5
:10A0500020403FC00140070004C004402040204091
:10A060003FC000400040000007C0040007C00400DB
:10A0700003C00000044007C00440040003C00040C7
:10A08000000003800440044003800000041007F037
:10A09000045004400380000000000380044004508A
:10A0A00007F00010044007C0024004000400000054
:10A0B000000006400540054004C000000000040008
:10A0C0001F8004400040000004000780004004405E
:10A0D00007C000400400070004C00180060004001F
:10A0E000060001C0070001C006000000044006C0D1
:10A0F000010006C0044000000410071004E00180C5
:10A10000060004000000044005C0064004400000B2
:10A110000000000004007BE0402000000000000080
:10A120000000FFF000000000000040207BE0040081
:10A13000000000004000800040002000200040009F
:10A14000000000000000000000000000000000000F
:10A150000000000000001FCC000C00000000000008
:10A1600000000800300060000800300060000000BF
:10A17000022003FC1E20022003FC1E2002200000FF
:10A1800000000E1811043FFF10840C78000000003E
:10A190000F0010840F3800C0077818840078000082
:10A1A00000780F8410C411240E9800E40084000885
:10A1B00008006800700000000000000000000000BF
:10A1C00000000000000007E0181820044002000012
:10A1D000000040022004181807E000000000000002
:10A1E0000240024001800FF0018002400240000066
:10A1F0000080008000800FF8008000800080000058
:10A200000001000D000E0000000000000000000032
:10A2100000000080008000800080008000800080BE
:10A220000000000C000C0000000000000000000016
:10A2300000000006001800600180060018002000E1
:10A24000000007F0080810041004080807F00000D8
:10A250000000080408041FFC0004000400000000C3
:10A2600000000E0C10141024104411840E0C000079
:10A2700000000C1810041104110412880C70000066
:10A28000000000E00320042408241FFC0024000038
:10A2900000001F9810841104110410881070000031
:10A2A000000007F0088811041104188800700000ED
:10A2B00000001C00100010FC13001C001000000027
:10A2C00000000E3811441084108411440E38000030
:10A2D00000000700088C10441044088807F00000B4
:10A2E000000000000000030C030C00000000000050
:10A2F0000000000000010106000000000000000056
:10A300000000008001400220041008081004000032
:10A31000022002200220022002200220022000004F
:10A320000000100408080410022001400080000012
:10A3300000000E001200100C106C10800F000000C6
:10A3400003E00C1813E4142417C4082807D00000F5
:10A350000004003C03C41C40074000E4001C00044F
:10A3600010041FFC1104110411040E880070000079
:10A3700003E00C1810041004100410081C10000056
:10A3800010041FFC100410041004080807F000005B
:10A3900010041FFC1104110417C410040818000055
:10A3A00010041FFC1104110017C010000800000069
:10A3B00003E00C181004100410441C780040000046
:10A3C00010041FFC10840080008010841FFC100407
:10A3D0000000100410041FFC100410040000000012
:10A3E00000030001100110011FFE1000100000000A
:10A3F00010041FFC110403801464181C10040000D6
:10A4000010041FFC1004000400040004000C0000F1
:10A4100010041FFC1F0000FC1F001FFC10040000A4
:10A4200010041FFC0C04030000E010181FFC1000B7
:10A4300007F00808100410041004080807F00000D2
:10A4400010041FFC10841080108010800F0000008A
:10A4500007F0081810241024101C080A07F2000046
:10A4600010041FFC1104110011C011300E0C000467
:10A4700000000E1C11041084108410441C380000CD
:10A480001800100010041FFC100410001800000039
:10A4900010001FF810040004000410041FF810003E
:10A4A00010001E0011E0001C007013801C00100042
:10A4B0001FC0103C00E01F0000E0103C1FC0000067
:10A4C0001004180C163401C001C01634180C100406
:10A4D00010001C00130400FC13041C0010000000FA
:10A4E0000804101C1064108413041C0410180000CD
:10A4F0000000000000007FFE400240024002000019
:10A50000000030000C0003800060001C000300000D
:10A5100000004002400240027FFE000000000000F8
:10A52000000000002000400040004000200000002B
:10A530000001000100010001000100010001000113
:10A54000000040004000200000000000000000006B
:10A5500000000098012401440144014400FC00046F
:10A5600010001FFC00880104010400880070000036
:10A57000000000700088010401040104008800004C
:10A580000000007000880104010411081FFC000491
:10A59000000000F8014401440144014400C80000E7
:10A5A0000000010401040FFC110411041100180043
:10A5B000000000D601290129012901C90106000076
:10A5C00010041FFC008401000100010400FC0004D1
:10A5D00000000104190419FC00040004000000003C
:10A5E0000000000300010101190119FE0000000034
:10A5F00010041FFC0024004001B4010C0104000001
:10A600000000100410041FFC0004000400000000FF
:10A61000010401FC0104010001FC0104010000FC33
:10A62000010401FC008401000100010400FC00049D
:10A63000000000F8010401040104010400F8000016
:10A64000010101FF00850104010400880070000081
:10A6500000000070008801040104010501FF0001F1
:10A660000104010401FC00840104010001800000D8
:10A67000000000CC012401240124012401980000E1
:10A6800000000100010007F80104010400000000BF
:10A69000010001F8000400040004010801FC0004AA
:10A6A000010001800170000C0010016001800100B8
:10A6B00001F0010C003001C00030010C01F001007C
:10A6C00000000104018C00740170018C0104000081
:10A6D000010101810171000E00180160018001007B
:10A6E00000000184010C013401440184010C0000CC
:10A6F000000000000000000001003EFC400240029B
:10A700000000000000000000FFFF0000000000004B
:10A710000000400240023EFC01000000000000007A
:10A720000000600080008000400040002000200009
:10A730000000000000000000000000000000000019
:10A740000000000000000000000000000000000009
:10A7500000000000000000000000000000000000F9
:10A760000000000F80380FFE380F80380000000016
:10A7700000000000000000000000000000000100D8
:10A78000000600000C000038000031000006000048
:10A790000C00003800003000000000000000000045
:10A7A00061800067F807F9800061800061800061C6
:10A7B000800061800067F807F98000618000000078
:10A7C00000000000000001C0E003E0F006300804D3
:10A7D00018081FFFFE040E080787F00381E0000041
:10A7E0000000000001F000060C00040408060C70D4
:10A7F00001F9C0000E00003BE000EC180708080457
:10A800000C180003E00000000001E00007F003F86E
:10A8100018041C0804170807E1D003C0E00023B0A7
:10A82000003C0800200800001000000000000001AB
:10A8300000003100003200001C0000000000000099
:10A840000000000000000000000000000000000008
:10A8500000000000000000000000000000000000F8
:10A860007F0001FFC00780F00C00181000042000DA
:10A87000020000000000002000021000040C00187C
:10A880000780F001FFC0007F000000000000000012
:10A890000000000000000000000000004200006610
:10A8A00000006600003C0000180003FFC000180014
:10A8B000003C00006600006600004200000000004E
:10A8C000080000080000080000080000080001FF60
:10A8D000C000080000080000080000080000080090
:10A8E00000000000000100003100003200001C00E8
:10A8F0000000000000000000000000000000000058
:10A90000000000000000000008000008000008002F
:10A91000000800000800000800000800000800000F
:10A920000800000800000000000000000000000017
:10A93000380000380000380000000000000000006F
:10A940000000000000000000000000000000000007
:10A95000000600001C000070000180000E0000389E
:10A960000000C0000700001C0000300000000000D4
:10A97000000000007F8001FFE003807006001804E3
:10A98000000804000806001803807001FFE0007F43
:10A990008000000000000000000001000801000825
:10A9A00001000803FFF807FFF80000080000080096
:10A9B000000800000000000000000001C03802C0D4
:10A9C00058040098040118040218040418061C18FE
:10A9D00003F81801E0F8000000000000000000018A
:10A9E000C0E003C0F00400080408080408080618C2
:10A9F0000803F41801E7F00001E000000000000087
:10AA0000000000000300000D0000110000610000C4
:10AA1000810803010807FFF80FFFF8000108000193
:10AA2000080000000000000000E007FCD006080855
:10AA3000061008061008061008061838060FF0065B
:10AA400007C0000000000000000000003F8001FF80
:10AA5000E0038430020818041008041008041008E9
:10AA6000071810030FF00007C000000000000000EE
:10AA7000000003C0000700000600000600F80607FB
:10AA8000F806180006E000070000060000000000BD
:10AA900000000001E1E003F7F00634100418080498
:10AAA0001808040C08040C0806161803F3F001C17A
:10AAB000E000000000000000F80003FC300306384E
:10AAC0000402080402080402080404100308F00148
:10AAD000FFC0007F00000000000000000000000038
:10AAE000000000000000000070380070380070386E
:10AAF0000000000000000000000000000000000056
:10AB0000000000000000000000000000301A0030CB
:10AB10001C00000000000000000000000000000019
:10AB200000000000000000080000140000220000E7
:10AB30004100008080010040020020040010080055
:10AB4000080000000000000021000021000021009A
:10AB50000021000021000021000021000021000050
:10AB6000210000210000000000000000000008009B
:10AB70000804001002002001004000808000410015
:10AB80000022000014000008000000000000000384
:10AB9000C00004C000040000080038080F3808088E
:10ABA000380810000C300007E00003C0000000006F
:10ABB000000000003F8000FFE0038070020F1006DD
:10ABC000708804C088048308047F8802C090030151
:10ABD0002000FE400000080000180001F8003E08B8
:10ABE00001C20007020007E20000FE00001FC800CB
:10ABF00001F800003800000804000807FFF807FF0C
:10AC0000F8040808040808040808040808061808D6
:10AC100003F41801E7F00001E0000000000000006C
:10AC20003F8001FFE0038070020018040008040068
:10AC3000080400080400100600200780C00000007F
:10AC400004000807FFF807FFF804000804000804E0
:10AC5000000804001802001003807001FFE0007F6C
:10AC60008000000004000807FFF807FFF804080848
:10AC7000040808040808040808043E08040008063C
:10AC8000001801006000000004000807FFF807FF3B
:10AC9000F8040808040800040800040800043E0042
:10ACA0000600000600000180000000000000000017
:10ACB0003F8001FFE00380700600180400080402D2
:10ACC000080402080203F00783F0000200000200FB
:10ACD00004000807FFF807FFF80408080008000050
:10ACE000080000080000080004080807FFF807FF34
:10ACF000F804000800000000000004000804000838
:10AD000004000807FFF807FFF8040008040008041F
:10AD10000008000000000000000000000006000025
:10AD20000700000104000104000104000307FFFE06
:10AD300007FFFC04000004000004000004000807F2
:10AD4000FFF807FFF8040C08001800003E0004C7D5
:10AD5000800503C80600F804003804001800000845
:10AD600004000807FFF807FFF804000800000800C7
:10AD7000000800000800000800000800001800009B
:10AD80006000000004000807FFF807800807FC00C7
:10AD9000007FC00003F80007C000780007800807A4
:10ADA000FFF807FFF804000804000807FFF8070091
:10ADB0000803C00000E000003800001E000007008B
:10ADC0000001C00400F007FFF804000000000000CC
:10ADD0007F8001FFE0038070060018040008040073
:10ADE0000806001803003001FFE0007F800000002B
:10ADF00004000807FFF807FFF8040408040400042F
:10AE00000400040400040400060C0003F80001F030
:10AE100000000000000000007F8001FFE003807060
:10AE20000600880400880400C806003C03003E01B8
:10AE3000FFE6007F8400000004000807FFF807FF1A
:10AE4000F8040808040800040C00040F00040BC0F8
:10AE50000610F003F03801E00800000800000001CF
:10AE6000E0F803F030063010041808041808040C49
:10AE700008040C080206180207F00781E000000031
:10AE80000180000600000400000400000400080720
:10AE9000FFF807FFF80400080400000400000600A3
:10AEA0000001800004000007FFE007FFF004001825
:10AEB0000000080000080000080000080000080466
:10AEC000001007FFE004000004000006000007E097
:10AED0000007FE00041FE00001F80000380001E058
:10AEE000043E0007C0000600000400000400000744
:10AEF000E00007FFC0041FF80007C007F80007FFC5
:10AF000080043FF80007C004F800070000040000B8
:10AF100000000004000806001807C07805F1C8000A
:10AF20003E00001F800463E80780F8060018040054
:10AF30000800000004000006000007800007E00889
:10AF4000047C08001FF80007F800180804E0080750
:10AF500000000600000400000000000100080600D8
:10AF6000380400F80403E8040F08047C0805F0081E
:10AF700007C008070018040060000000000000007F
:10AF800000000000000000000000003FFFFE200065
:10AF90000220000220000220000220000200000027
:10AFA00000000000000008000007000000C00000D2
:10AFB00038000006000001C000003000000E000054
:10AFC000010000000000000000002000022000023C
:10AFD0002000022000022000023FFFFE00000000CF
:10AFE0000000000000000000000000000000000061
:10AFF00000080000100000300000200000300000B9
:10B000001000000800000000000000000000010027
:10B01000000100000100000100000100000100002B
:10B02000010000010000010000010000010000011A
:10B0300000000000000000000020000020000010C0
:10B0400000001000000000000000000000000000F0
:10B05000000000000000000000F00019F8001B18BC
:10B06000002208002608002408002410003FF800F1
:10B070001FF800000800001800000004000007FF8F
:10B08000F80FFFF000181800100800200800200832
:10B09000003018001FF0000FC0000000000000008A
:10B0A00007C0001FF0001830002008002008002012
:10B0B00008003C08001C10000060000000000000B8
:10B0C0000000000007C0001FF00038180020080032
:10B0D000200800200804101007FFF80FFFF0000000
:10B0E000100000000000000000000007C0001FF07A
:10B0F0000012300022180022080022080032080046
:10B100001E10000E200000000000000020000020A3
:10B110000800200801FFF803FFF8062008042008B3
:10B1200004200807200003000000000000000000C9
:10B13000000E000E6E001FF30031B10020B10020A0
:10B14000B1003191001F13002E1E00200E003000B0
:10B1500000000004000807FFF80FFFF800100800C7
:10B160002000002000002008003FF8001FF8000029
:10B170000800000000000000000000200800200877
:10B18000002008063FF8063FF8000008000008000D
:10B1900000080000000000000000000000000000A7
:10B1A00003000003002001002001002003063FFEF1
:10B1B000063FFC000000000000000000000000044A
:10B1C000000807FFF80FFFF8000188000300002FB8
:10B1D000C00038F8002038002008000008000000F7
:10B1E0000000000000000400080400080400080734
:10B1F000FFF80FFFF800000800000800000800003A
:10B2000000000000002008003FF8003FF800100890
:10B21000002000003FF8003FF80010080020000068
:10B220003FF8003FF8000008000000002008003F41
:10B23000F8003FF80010080010000020000020086F
:10B24000003FF8001FF800000800000000000000A8
:10B2500007C0000FF0001830003008002008002060
:10B2600008003008001830000FF00007C000000090
:10B27000000000002001003FFF003FFF0010110010
:10B280002009002008002008003038001FF0000FBF
:10B29000C00000000000000007C0001FF0003818C8
:10B2A000002008002008002009001011001FFF00E6
:10B2B0003FFF0000010000000020080020080020DF
:10B2C00008003FF8003FF8000808001008002008B8
:10B2D00000200000300000300000000000000000EE
:10B2E0000000000C78001E1800330800230800211D
:10B2F000080021880021980030F00038600000002C
:10B3000000000000200000200000200000FFF003EB
:10B31000FFF800200800200800200800003000008E
:10B3200000000000000000002000003FF0007FF857
:10B33000000018000008000008002010003FF8007E
:10B340007FF000001000000000000000200000302E
:10B3500000003C00003F800023F0000078000070F7
:10B36000002380003C00003000002000002000008E
:10B370003C00003FE00023F80000E0002700003E12
:10B3800000003FE00021F80001E0003E0000200046
:10B39000000000002008002008003838003E680047
:10B3A00027800003C8002CF800383800201800203F
:10B3B00008000000000000002000003003003C01F5
:10B3C000003F830023EC000070002380003C00005D
:10B3D00020000020000000000000000000000038F5
:10B3E000080020380020F80023E8002F88003E08DD
:10B3F0000038080020180000700000000000000065
:10B400000000000000000000000000000800001420
:10B41000001FF7FC300006200002000000000000C2
:10B42000000000000000000000000000000000001C
:10B430000000FFFFFF00000000000000000000000F
:10B4400000000000000000000000200002300006A4
:10B450001FF7FC00140000080000000000000000BE
:10B460000000000000000000000000180000600064
:10B470000040000040000020000010000008000014
:10B480000400000400000C00001000000000000098
:10B4900000000000000000000000000000000000AC
:10B4A000000000000000000000000000000000009C
:10B4B000000000000000000000000000000000008C
:10B4C000000000000000000000000000000000007C
:10B4D000000000000000000000000000000000006C
:10B4E000000000000000000000000000000000005C
:10B4F000000000000000000000000000000000004C
:10B50000000000000000000000000000000000003B
:10B51000000000000000000000000000000000002B
:10B520000000000007F000C007FFE1E007F001E0C5
:10B53000000000C00000000000000000000000004B
:10B5400000000000000000000000000000000000FB
:10B5500000000000000000000000000000000000EB
:10B5600000000000000000000000000000000000DB
:10B5700000000000000000000000000000000000CB
:10B5800000000000000000000000000000000000BB
:10B59000000000000020000001C000000780000043
:10B5A0001F0000001E0000001C20000001C0000061
:10B5B000078000001F0000001E0000001C000000AB
:10B5C000000000000000000000000000000000007B
:10B5D000000000000000000000000000000000006B
:10B5E000000000000000000000000000000000005B
:10B5F000000000000000000000000000000000004B
:10B60000000000000000000000000000000000003A
:10B6100000180C0000180C0000180FE0001FFC00C0
:10B6200003F80C0000180C0000180C0000180C00A7
:10B6300000180C0000180FE0001FFC0003F80C00BD
:10B6400000180C0000180C000000000000000000B2
:10B6500000000000000000000000000000000000EA
:10B6600000000000000000000000000000000000DA
:10B6700000000000000000000000000000000000CA
:10B6800000000000000000000000000000000000BA
:10B690000000000000000780007807C000FC0640A2
:10B6A000010E002003070020020380200FFFFFFC93
:10B6B0000201C0200200E0600130704001F03F80D4
:10B6C00000F01F000000000000000000000000006B
:10B6D000000000000000000000000000000000006A
:10B6E000000000000000000000000000000000005A
:10B6F000000000000000000000000000000000004A
:10B7000000000000000000000000000000FE00003B
:10B7100001FF00000301800002008060030181C07E
:10B7200001FF070000FE18000000E0000003BF005A
:10B73000000CFFC00071806001C100200301806027
:10B740000000FFC000003F000000000000000000FB
:10B7500000000000000000000000000000000000E9
:10B7600000000000000000000000000000000000D9
:10B7700000000000000000000000000000000000C9
:10B7800000000000000000000000000000001F009A
:10B7900000007FC000FCC0C001FF80600303E02008
:10B7A0000202782002061E2003FC074001F00380FD
:10B7B000000103C000011C600001E0200001002026
:10B7C00000010040000001800000000000000000B7
:10B7D0000000000000000000000000000000000069
:10B7E0000000000000000000000000000000000059
:10B7F0000000000000000000000000000000000049
:10B800000000000000000000000000000000000038
:10B81000002000001C6000001C4000001F80000091
:10B820000F00000000000000000000000000000009
:10B830000000000000000000000000000000000008
:10B8400000000000000000000000000000000000F8
:10B8500000000000000000000000000000000000E8
:10B8600000000000000000000000000000000000D8
:10B8700000000000000000000000000000000000C8
:10B8800000000000000000000000000000000000B8
:10B8900000000000000000000000000000000000A8
:10B8A00000000000000000000007F800003FFF005B
:10B8B000007807C001C000E0030000300400000869
:10B8C000080000041000000200000000000000005A
:10B8D0000000000000000000000000000000000068
:10B8E0000000000000000000000000000000000058
:10B8F0000000000000000000000000000000000048
:10B900000000000000000000000000000000000037
:10B9100010000002080000040400000803000030CA
:10B9200001C000E0007807C0003FFF000007F800FA
:10B930000000000000000000000000000000000007
:10B9400000000000000000000000000000000000F7
:10B9500000000000000000000000000000000000E7
:10B9600000000000000000000000000000000000D7
:10B9700000000000000000000000000000000000C7
:10B9800000000000000000000000000000000000B7
:10B9900000000000000C1800000E3800000E3800F7
:10B9A00000063000000360000061438000FFFF805C
:10B9B000006143000003600000063000000E380004
:10B9C000000E3800000C180000000000000000000D
:10B9D0000000000000000000000000000000000067
:10B9E0000000000000000000000000000000000057
:10B9F0000000000000000000000000000000000047
:10BA00000000000000000000000000000000000036
:10BA100000000000000080000000800000008000A6
:10BA2000000080000000800000008000007FFF0018
:10BA30000000800000008000000080000000800006
:10BA400000008000000080000000000000000000F6
:10BA500000000000000000000000000000000000E6
:10BA600000000000000000000000000000000000D6
:10BA700000000000000000000000000000000000C6
:10BA800000000000000000000000000000000000B6
:10BA900000000001000000E3000000E2000000FCE4
:10BAA000000000780000000000000000000000001E
:10BAB0000000000000000000000000000000000086
:10BAC0000000000000000000000000000000000076
:10BAD0000000000000000000000000000000000066
:10BAE0000000000000000000000000000000000056
:10BAF0000000000000000000000000000000000046
:10BB00000000000000000000000000000000000035
:10BB10000000800000008000000080000000800025
:10BB20000000800000008000000080000000800015
:10BB30000000800000008000000080000000800005
:10BB400000008000000080000000000000000000F5
:10BB500000000000000000000000000000000000E5
:10BB600000000000000000000000000000000000D5
:10BB700000000000000000000000000000000000C5
:10BB800000000000000000000000000000000000B5
:10BB900000000000000000C0000001E0000001E023
:10BBA000000000C0000000000000000000000000D5
:10BBB0000000000000000000000000000000000085
:10BBC0000000000000000000000000000000000075
:10BBD0000000000000000000000000000000000065
:10BBE0000000000000000000000000000000000055
:10BBF0000000000000000000000000000000000045
:10BC00000000000000000000000000000000000034
:10BC10000000000C00000038000000E0000003807D
:10BC200000000E00000038000000E000000380006B
:10BC3000000E00000038000000E00000038000005B
:10BC40000E000000180000000000000000000000CE
:10BC500000000000000000000000000000000000E4
:10BC600000000000000000000000000000000000D4
:10BC700000000000000000000000000000000000C4
:10BC800000000000000000000000000000000000B4
:10BC900000000000000FF800007FFF0000F00780A8
:10BCA000018000C0030000600200002002000020AC
:10BCB0000200002003000060018000C000E003805B
:10BCC000007FFF00000FF8000000000000000000EF
:10BCD0000000000000000000000000000000000064
:10BCE0000000000000000000000000000000000054
:10BCF0000000000000000000000000000000000044
:10BD00000000000000000000000000000000000033
:10BD100000000000000000000080002000800020E3
:10BD2000008000200080006001FFFFE003FFFFE0D3
:10BD30000000006000000020000000200000002043
:10BD400000000000000000000000000000000000F3
:10BD500000000000000000000000000000000000E3
:10BD600000000000000000000000000000000000D3
:10BD700000000000000000000000000000000000C3
:10BD800000000000000000000000000000000000B3
:10BD900000000000007800E00098016001000260EF
:10BDA00002000460020008600200106002002060CF
:10BDB00002004060030080600183006001FE00E03B
:10BDC000007C078000000000000000000000000070
:10BDD0000000000000000000000000000000000063
:10BDE0000000000000000000000000000000000053
:10BDF0000000000000000000000000000000000043
:10BE00000000000000000000000000000000000032
:10BE10000000000000F0078001F007C001000040B2
:10BE20000200002002010020020100200201002087
:10BE3000030380200186804001FCC0C000787F8021
:10BE400000001E00000000000000000000000000D4
:10BE500000000000000000000000000000000000E2
:10BE600000000000000000000000000000000000D2
:10BE700000000000000000000000000000000000C2
:10BE800000000000000000000000000000000000B2
:10BE90000000080000003800000048000001880091
:10BEA00000060800000C08100030081000400810C0
:10BEB00001FFFFF003FFFFF003FFFFF00000081099
:10BEC0000000081000000810000000000000000042
:10BED0000000000000000000000000000000000062
:10BEE0000000000000000000000000000000000052
:10BEF0000000000000000000000000000000000042
:10BF00000000000000000000000000000000000031
:10BF10000000000000000780001F864003E10020B1
:10BF20000302002003040020030400200304002077
:10BF30000304002003060040030301C00301FF8047
:10BF400003007E0000000000000000000000000070
:10BF500000000000000000000000000000000000E1
:10BF600000000000000000000000000000000000D1
:10BF700000000000000000000000000000000000C1
:10BF800000000000000000000000000000000000B1
:10BF9000000000000007FC00003FFF000070C380AD
:10BFA000008180C001010060030200200202002025
:10BFB00002020020020200200203004001C180C0F2
:10BFC00000C0FF8000007E000000000000000000B4
:10BFD0000000000000000000000000000000000061
:10BFE0000000000000000000000000000000000051
:10BFF0000000000000000000000000000000000041
:10C000000000000000000000000000000000000030
:10C010000000000000F0000003C0000003800000EA
:10C0200003000000030007E003003FE00301C0003D
:10C0300003060000031800000360000003800000F6
:10C0400003000000000000000000000000000000ED
:10C0500000000000000000000000000000000000E0
:10C0600000000000000000000000000000000000D0
:10C0700000000000000000000000000000000000C0
:10C0800000000000000000000000000000000000B0
:10C0900000001F0000783F8000FC60C0018EC0409F
:10C0A000030780200203002002018020020180207B
:10C0B0000201C0200301E040018670C000FC3F8007
:10C0C00000781F00000000000000000000000000D9
:10C0D0000000000000000000000000000000000060
:10C0E0000000000000000000000000000000000050
:10C0F0000000000000000000000000000000000040
:10C10000000000000000000000000000000000002F
:10C11000003F000000FF81C001C0C1C001006020DD
:10C1200002002020020020200200202002002060C7
:10C13000020040C00100C18000C18F00007FFE00EE
:10C14000001FF000000000000000000000000000E0
:10C1500000000000000000000000000000000000DF
:10C1600000000000000000000000000000000000CF
:10C1700000000000000000000000000000000000BF
:10C1800000000000000000000000000000000000AF
:10C19000000000000000000000000000000000009F
:10C1A00000000000000300C0000781E0000781E0FC
:10C1B000000300C0000000000000000000000000BC
:10C1C000000000000000000000000000000000006F
:10C1D000000000000000000000000000000000005F
:10C1E000000000000000000000000000000000004F
:10C1F000000000000000000000000000000000003F
:10C20000000000000000000000000000000000002E
:10C21000000000000000000000000000000000001E
:10C220000000000000060066000600780000000024
:10C2300000000000000000000000000000000000FE
:10C2400000000000000000000000000000000000EE
:10C2500000000000000000000000000000000000DE
:10C2600000000000000000000000000000000000CE
:10C2700000000000000000000000000000000000BE
:10C2800000000000000000000000000000000000AE
:10C2900000000000000080000001C00000036000FA
:10C2A00000063000000C180000180C0000300600DA
:10C2B0000060030000C00180010000400200002077
:10C2C000040000100000000000000000000000005A
:10C2D000000000000000000000000000000000005E
:10C2E000000000000000000000000000000000004E
:10C2F000000000000000000000000000000000003E
:10C30000000000000000000000000000000000002D
:10C3100000041000000410000004100000041000CD
:10C3200000041000000410000004100000041000BD
:10C3300000041000000410000004100000041000AD
:10C3400000041000000410000000000000000000C5
:10C3500000000000000000000000000000000000DD
:10C3600000000000000000000000000000000000CD
:10C3700000000000000000000000000000000000BD
:10C3800000000000000000000000000000000000AD
:10C390000000000004000010020000200100004026
:10C3A00000C00180006003000030060000180C008F
:10C3B000000C180000063000000360000001C000FF
:10C3C00000008000000000000000000000000000ED
:10C3D000000000000000000000000000000000005D
:10C3E000000000000000000000000000000000004D
:10C3F000000000000000000000000000000000003D
:10C40000000000000000000000000000000000002C
:10C41000000000000078000001F800000238000071
:10C4200002000000040000C0040079E0040081E084
:10C43000040100C004030000020200000306000023
:10C4400001FC000000F800000000000000000000F7
:10C4500000000000000000000000000000000000DC
:10C4600000000000000000000000000000000000CC
:10C4700000000000000000000000000000000000BC
:10C4800000000000000000000000000000000000AC
:10C49000000FF800003FFE000070078000C000C0E1
:10C4A0000101F8400307FC20021E0420023008208E
:10C4B00002203020023FFC20013F044001800CC0DC
:10C4C00000E03180001FC2000000000000000000FA
:10C4D000000000000000000000000000000000005C
:10C4E000000000000000000000000000000000004C
:10C4F000000000000000000000000000000000003C
:10C50000000000000000000000000000000000200B
:10C5100000000060000003E000003E200003E02077
:10C52000003E200003E020000380200007FC2000E4
:10C53000003FE0000003FE2000003FE0000001E0BB
:10C5400000000020000000200000000000000000AB
:10C5500000000000000000000000000000000000DB
:10C5600000000000000000000000000000000000CB
:10C5700000000000000000000000000000000000BB
:10C5800000000000000000000000000000000000AB
:10C59000020000200200002003FFFFE003FFFFE095
:10C5A00002010020020100200201002002010020FF
:10C5B00002010020030300200186806001FCC0C04E
:10C5C00000F87F8000001F00000000000000000055
:10C5D000000000000000000000000000000000005B
:10C5E000000000000000000000000000000000004B
:10C5F000000000000000000000000000000000003B
:10C60000000000000000000000000000000000002A
:10C610000007F800003FFF000070078000C000C066
:10C620000100004003000020020000200200002062
:10C63000020000200200002001000040018000C034
:10C6400003C0018000300600000000000000000070
:10C6500000000000000000000000000000000000DA
:10C6600000000000000000000000000000000000CA
:10C6700000000000000000000000000000000000BA
:10C6800000000000000000000000000000000000AA
:10C69000020000200200002003FFFFE003FFFFE094
:10C6A0000200002002000020020000200200002002
:10C6B0000300006001000040018000C000F007801E
:10C6C000007FFE00000FF8000000000000000000E6
:10C6D000000000000000000000000000000000005A
:10C6E000000000000000000000000000000000004A
:10C6F000000000000000000000000000000000003A
:10C700000000000000000000000000000000000029
:10C71000020000200200002003FFFFE003FFFFE013
:10C72000020100200201002002010020020100207D
:10C730000201002002038020020FE02003000060BD
:10C7400003C000E0006003000000000000000000E3
:10C7500000000000000000000000000000000000D9
:10C7600000000000000000000000000000000000C9
:10C7700000000000000000000000000000000000B9
:10C7800000000000000000000000000000000000A9
:10C79000020000200200002003FFFFE003FFFFE093
:10C7A000020100200201002002010000020100003D
:10C7B000020100000201000002038000030FE000FC
:10C7C0000300000003C00000006000000000000043
:10C7D0000000000000000000000000000000000059
:10C7E0000000000000000000000000000000000049
:10C7F0000000000000000000000000000000000039
:10C800000000000000000000000000000000000028
:10C810000007F800003FFE000070078001C001C063
:10C820000100004003000020020000200200002060
:10C8300002000020010020200100204003C03F80B2
:10C8400000303F80000020000000200000000000B9
:10C8500000000000000000000000000000000000D8
:10C8600000000000000000000000000000000000C8
:10C8700000000000000000000000000000000000B8
:10C880000000000000000000000000000200002086
:10C890000200002003FFFFE003FFFFE00200802012
:10C8A0000200802000008000000080000000800066
:10C8B000020080200200802003FFFFE003FFFFE072
:10C8C0000200002002000020000000000000000024
:10C8D0000000000000000000000000000000000058
:10C8E0000000000000000000000000000000000048
:10C8F0000000000000000000000000000000000038
:10C900000000000000000000000000000000000027
:10C9100000000000000000000200002002000020D3
:10C92000020000200200002003FFFFE003FFFFE001
:10C93000020000200200002002000020020000206F
:10C9400000000000000000000000000000000000E7
:10C9500000000000000000000000000000000000D7
:10C9600000000000000000000000000000000000C7
:10C9700000000000000000000000000000000000B7
:10C9800000000000000000000000000000000000A7
:10C990000000000E0000000F0000000F000000016A
:10C9A0000200000102000001020000030200000674
:10C9B00003FFFFFC03FFFFF802000000020000007D
:10C9C0000200000002000000000000000000000063
:10C9D0000000000000000000000000000000000057
:10C9E0000000000000000000000000000000000047
:10C9F0000000000000000000000000000000000037
:10CA00000000000000000000000000000000000026
:10CA1000020000200200002003FFFFE003FFFFE010
:10CA20000200C0200201002000078000000FE0008B
:10CA30000030F80002603E2003800F20030003E076
:10CA4000020000E0020000200000002000000000C2
:10CA500000000000000000000000000000000000D6
:10CA600000000000000000000000000000000000C6
:10CA700000000000000000000000000000000000B6
:10CA800000000000000000000000000000000000A6
:10CA9000020000200200002003FFFFE003FFFFE090
:10CAA0000200002002000020000000200000002002
:10CAB00000000020000000200000002000000060B6
:10CAC000000000E000000300000000000000000083
:10CAD0000000000000000000000000000000000056
:10CAE0000000000000000000000000000000000046
:10CAF0000000000000000000000000000000000036
:10CB00000000000000000000000000000200002003
:10CB10000200002003FFFFE003E0002003FF0020ED
:10CB2000001FF0000001FF8000000FE000001E0069
:10CB30000003E000003E002003E0002003FFFFE0D0
:10CB400003FFFFE0020000200200002000000000C0
:10CB500000000000000000000000000000000000D5
:10CB600000000000000000000000000000000000C5
:10CB700000000000000000000000000000000000B5
:10CB80000000000000000000000000000200002083
:10CB90000200002003FFFFE00380002003F00020DC
:10CBA00000FC0000001F00000007C0000001F000B2
:10CBB00000007C0002001F80020007E003FFFFE08E
:10CBC0000200000002000000000000000000000061
:10CBD0000000000000000000000000000000000055
:10CBE0000000000000000000000000000000000045
:10CBF0000000000000000000000000000000000035
:10CC00000000000000000000000000000000000024
:10CC1000000FF800003FFE0000F00780018000C018
:10CC2000010000400200002002000020020000205D
:10CC30000200002001000040018000C000F00380DD
:10CC4000003FFE00000FF8000000000000000000A0
:10CC500000000000000000000000000000000000D4
:10CC600000000000000000000000000000000000C4
:10CC700000000000000000000000000000000000B4
:10CC800000000000000000000000000000000000A4
:10CC9000020000200200002003FFFFE003FFFFE08E
:10CCA000020080200200802002008000020080003C
:10CCB0000200800002008000030180000183000068
:10CCC00000FE0000007C00000000000000000000EA
:10CCD0000000000000000000000000000000000054
:10CCE0000000000000000000000000000000000044
:10CCF0000000000000000000000000000000000034
:10CD00000000000000000000000000000000000023
:10CD1000000FF800007FFF0000F00380018001C0D9
:10CD20000100064002000420020004200200062048
:10CD3000020003E0010000F80180005C00E0038CC9
:10CD4000003FFF0C000FFC18000000000000000076
:10CD500000000000000000000000000000000000D3
:10CD600000000000000000000000000000000000C3
:10CD700000000000000000000000000000000000B3
:10CD800000000000000000000000000000000000A3
:10CD9000020000200200002003FFFFE003FFFFE08D
:10CDA0000201002002010020020180000201E000D7
:10CDB0000201FC0003033F80018607E001FC00E064
:10CDC00000F800200000002000000000000000002B
:10CDD0000000000000000000000000000000000053
:10CDE0000000000000000000000000000000000043
:10CDF0000000000000000000000000000000000033
:10CE00000000000000000000000000000000000022
:10CE1000000000000078060000FE01E0018600C06E
:10CE20000303004002030020020180200201802051
:10CE30000201C0200200C0200100E060018070C03B
:10CE400003E03F8000001F00000000000000000021
:10CE500000000000000000000000000000000000D2
:10CE600000000000000000000000000000000000C2
:10CE700000000000000000000000000000000000B2
:10CE800000000000000000000000000000000000A2
:10CE900000600000038000000300000002000000AA
:10CEA000020000200200002003FFFFE003FFFFE07C
:10CEB000020000200200002002000000020000002A
:10CEC0000380000000E000000000000000000000FF
:10CED0000000000000000000000000000000000052
:10CEE0000000000000000000000000000000000042
:10CEF0000000000000000000000000000000000032
:10CF0000000000000000000000000000020000001F
:10CF10000200000003FFFF0003FFFFC0020000400B
:10CF2000020000600000002000000020000000203F
:10CF300000000020020000400200008003FFFF000C
:10CF400002000000020000000000000000000000DD
:10CF500000000000000000000000000000000000D1
:10CF600000000000000000000000000000000000C1
:10CF700000000000000000000000000000000000B1
:10CF800000000000000000000000000000000000A1
:10CF9000020000000200000003C0000003FC0000CB
:10CFA000023FC0000003F80000007F80000007E09F
:10CFB00000000780000078000203C000023C00006F
:10CFC00003C000000200000002000000000000009A
:10CFD0000000000000000000000000000000000051
:10CFE0000000000000000000000000000000000041
:10CFF0000000000000000000000000000000000031
:10D00000000000000000000000000000020000001E
:10D0100003C0000003FF8000023FFE0002007FE02B
:10D0200000000F000200F00003EF000003FF80008B
:10D03000020FFE0000003FE000001F000207E000BA
:10D0400003F80000030000000200000000000000E0
:10D0500000000000000000000000000000000000D0
:10D0600000000000000000000000000000000000C0
:10D0700000000000000000000000000000000000B0
:10D0800000000000000000000000000000000000A0
:10D090000200002002000020038000E003F00320D3
:10D0A00002FC0C20021F30000007C0000007F00047
:10D0B00002187C0002601F20038003E0020000E0F1
:10D0C000020000200000002000000000000000001E
:10D0D0000000000000000000000000000000000050
:10D0E0000000000000000000000000000000000040
:10D0F0000000000000000000000000000000000030
:10D10000000000000000000000000000000000001F
:10D11000020000000300000003C0000003F800004C
:10D12000023E0020020FC0200001FFE000007FE06F
:10D1300000038020021C0020027000000380000019
:10D1400002000000020000000000000000000000DB
:10D1500000000000000000000000000000000000CF
:10D1600000000000000000000000000000000000BF
:10D1700000000000000000000000000000000000AF
:10D18000000000000000000000000000000000009F
:10D1900000000020006000E0038003E003000FA017
:10D1A00002003E200200F8200203E020020F80204F
:10D1B000023E00200278002003E00060038000E0CF
:10D1C000020003000000000000000000000000005A
:10D1D000000000000000000000000000000000004F
:10D1E000000000000000000000000000000000003F
:10D1F000000000000000000000000000000000002F
:10D20000000000000000000000000000000000001E
:10D21000000000000000000000000000000000000E
:10D22000000000001FFFFFFC1000000410000004BD
:10D23000100000041000000410000004100000049E
:10D2400010000004000000000000000000000000CA
:10D2500000000000000000000000000000000000CE
:10D2600000000000000000000000000000000000BE
:10D2700000000000000000000000000000000000AE
:10D28000000000000000000000000000000000009E
:10D2900000000000000000000700000003C00000C4
:10D2A00000780000001E00000003C0000000F00035
:10D2B00000001E0000000780000000F00000003C9D
:10D2C0000000000600000000000000000000000058
:10D2D000000000000000000000000000000000004E
:10D2E000000000000000000000000000000000003E
:10D2F000000000000000000000000000000000002E
:10D30000000000000000000000000000000000001D
:10D3100000000000100000041000000410000004D1
:10D3200010000004100000041000000410000004AD
:10D330001FFFFFFC000000000000000000000000D4
:10D3400000000000000000000000000000000000DD
:10D3500000000000000000000000000000000000CD
:10D3600000000000000000000000000000000000BD
:10D3700000000000000000000000000000000000AD
:10D38000000000000000000000000000000000009D
:10D39000000000000000000000000000020000008B
:10D3A0000400000008000000180000001000000049
:10D3B0001800000018000000040000000200000037
:10D3C000000000000000000000000000000000005D
:10D3D000000000000000000000000000000000004D
:10D3E000000000000000000000000000000000003D
:10D3F000000000000000000000000000000000002D
:10D40000000000000000000000000000000000011B
:10D410000000000100000001000000010000000108
:10D4200000000001000000010000000100000001F8
:10D4300000000001000000010000000100000001E8
:10D4400000000001000000010000000100000000D9
:10D4500000000000000000000000000000000000CC
:10D4600000000000000000000000000000000000BC
:10D4700000000000000000000000000000000000AC
:10D48000000000000000000000000000000000009C
:10D49000000000000000000010000000100000006C
:10D4A0001000000018000000080000000400000048
:10D4B000000000000000000000000000000000006C
:10D4C000000000000000000000000000000000005C
:10D4D000000000000000000000000000000000004C
:10D4E000000000000000000000000000000000003C
:10D4F000000000000000000000000000000000002C
:10D50000000000000000000000000000000000001B
:10D510000000038000018FC000038C60000618200B
:10D5200000041020000410200004202000042040EB
:10D53000000620400003FFC00001FFE000000020C3
:10D5400000000020000000C00000000000000000FB
:10D5500000000000000000000000000000000000CB
:10D5600000000000000000000000000000000000BB
:10D5700000000000000000000000000000000000AB
:10D58000000000000000000000000000000000009B
:10D59000020000000200000003FFFFE007FFFFC0E1
:10D5A000000180C000020060000200200004002092
:10D5B000000400200004002000060040000300C01A
:10D5C0000001FF800000FE000000000000000000DD
:10D5D000000000000000000000000000000000004B
:10D5E000000000000000000000000000000000003B
:10D5F000000000000000000000000000000000002B
:10D60000000000000000000000000000000000001A
:10D610000000000000007E000001FF80000381C0C8
:10D62000000200400006002000040020000400204A
:10D6300000040020000600200003C0400001C0805C
:10D6400000000300000000000000000000000000D7
:10D6500000000000000000000000000000000000CA
:10D6600000000000000000000000000000000000BA
:10D6700000000000000000000000000000000000AA
:10D68000000000000000000000000000000000009A
:10D690000000000000007E000001FF80000380C049
:10D6A00000060060000400200004002000040020A8
:10D6B000020400400202008003FFFFE007FFFFC0FA
:10D6C00000000040000000400000000000000000DA
:10D6D000000000000000000000000000000000004A
:10D6E000000000000000000000000000000000003A
:10D6F000000000000000000000000000000000002A
:10D700000000000000000000000000000000000019
:10D710000000000000007E000001FF80000311C037
:10D7200000021040000410600004102000041020CB
:10D730000004102000061020000310400001F0C07B
:10D740000000710000000000000000000000000068
:10D7500000000000000000000000000000000000C9
:10D7600000000000000000000000000000000000B9
:10D7700000000000000000000000000000000000A9
:10D780000000000000000000000000000000000099
:10D79000000000000004000000040020000400203D
:10D7A00000040020007FFFE001FFFFE001040020F3
:10D7B00003040020020400200204002002040000F0
:10D7C0000200000001C0000001C0000000000000D5
:10D7D0000000000000000000000000000000000049
:10D7E0000000000000000000000000000000000039
:10D7F0000000000000000000000000000000000029
:10D800000000000000000000000000000000000018
:10D81000000000000000001C0000E33E0003FFC207
:10D8200000020CC3000404C1000404C1000404C1CC
:10D83000000404C100060CC10003F8C30005F06237
:10D840000006007E0006003C000000000000000012
:10D8500000000000000000000000000000000000C8
:10D8600000000000000000000000000000000000B8
:10D8700000000000000000000000000000000000A8
:10D880000000000000000000000000000000000098
:10D89000020000200200002003FFFFE007FFFFE07E
:10D8A000000100200002002000060000000400002B
:10D8B0000004000000040020000600200003FFE038
:10D8C0000001FFE000000020000000200000000038
:10D8D0000000000000000000000000000000000048
:10D8E0000000000000000000000000000000000038
:10D8F0000000000000000000000000000000000028
:10D900000000000000000000000000000000000017
:10D9100000000000000000000004002000040020BF
:10D9200000040020000400200387FFE0038FFFE0D5
:10D9300003800020000000200000002000000020E4
:10D9400000000000000000000000000000000000D7
:10D9500000000000000000000000000000000000C7
:10D9600000000000000000000000000000000000B7
:10D9700000000000000000000000000000000000A7
:10D980000000000000000000000000000000000097
:10D99000000000000000000000000006000000077A
:10D9A000000000010000000100040001000400016B
:10D9B00000040003000400060387FFFC038FFFF848
:10D9C00003800000000000000000000000000000D4
:10D9D0000000000000000000000000000000000047
:10D9E0000000000000000000000000000000000037
:10D9F0000000000000000000000000000000000027
:10DA00000000000000000000000000000000000016
:10DA1000020000200200002003FFFFE007FFFFE0FC
:10DA20000000082000001020000030000000FC0072
:10DA300000058E00000707A0000601E0000400E0DA
:10DA40000004002000000020000000000000000092
:10DA500000000000000000000000000000000000C6
:10DA600000000000000000000000000000000000B6
:10DA700000000000000000000000000000000000A6
:10DA80000000000000000000000000000000000096
:10DA90000000000000000000020000200200002042
:10DAA000020000200200002003FFFFE007FFFFE06C
:10DAB00000000020000000200000002000000020E6
:10DAC0000000000000000000000000000000000056
:10DAD0000000000000000000000000000000000046
:10DAE0000000000000000000000000000000000036
:10DAF0000000000000000000000000000000000026
:10DB00000000000000000000000000000000000015
:10DB1000000400200007FFE0000FFFE000020020EB
:10DB200000040000000400200007FFE00003FFE005
:10DB30000002002000040000000400200007FFE0B5
:10DB40000003FFE0000000200000000000000000D3
:10DB500000000000000000000000000000000000C5
:10DB600000000000000000000000000000000000B5
:10DB700000000000000000000000000000000000A5
:10DB80000000000000000000000000000000000095
:10DB900000040020000400200007FFE0000FFFE069
:10DBA000000100200002002000020000000400002C
:10DBB0000004000000040020000600200003FFE035
:10DBC0000001FFE000000020000000200000000035
:10DBD0000000000000000000000000000000000045
:10DBE0000000000000000000000000000000000035
:10DBF0000000000000000000000000000000000025
:10DC00000000000000000000000000000000000014
:10DC10000000000000007E000000FF80000381C0C3
:10DC20000002004000060020000400200004002044
:10DC3000000400200006002000020040000381C014
:10DC40000001FF8000007E000000000000000000D6
:10DC500000000000000000000000000000000000C4
:10DC600000000000000000000000000000000000B4
:10DC700000000000000000000000000000000000A4
:10DC80000000000000000000000000000000000094
:10DC900000040001000400010007FFFF000FFFFF68
:10DCA000000100C100020041000400200004002027
:10DCB000000400200004002000060040000301C012
:10DCC0000001FF8000007E00000000000000000056
:10DCD0000000000000000000000000000000000044
:10DCE0000000000000000000000000000000000034
:10DCF0000000000000000000000000000000000024
:10DD00000000000000000000000000000000000013
:10DD10000000000000007E000001FF80000380C0C2
:10DD20000002006000040020000400200004002025
:10DD30000004002000020041000300C10003FFFFB7
:10DD40000007FFFF000000010000000100000000CC
:10DD500000000000000000000000000000000000C3
:10DD600000000000000000000000000000000000B3
:10DD700000000000000000000000000000000000A3
:10DD80000000000000000000000000000000000093
:10DD900000040020000400200004002000040020F3
:10DDA000000FFFE0000FFFE00000C0200001002096
:10DDB0000002002000060020000400000004000013
:10DDC0000007000000030000000000000000000049
:10DDD0000000000000000000000000000000000043
:10DDE0000000000000000000000000000000000033
:10DDF0000000000000000000000000000000000023
:10DE00000000000000000000000000000000000012
:10DE100000000000000003E00001C0E00003E0405B
:10DE200000063020000430200004182000041820D0
:10DE30000004182000040C2000020C60000307C03E
:10DE400000078380000000000000000000000000C8
:10DE500000000000000000000000000000000000C2
:10DE600000000000000000000000000000000000B2
:10DE700000000000000000000000000000000000A2
:10DE80000000000000000000000000000000000092
:10DE90000000000000040000000400000004000076
:10DEA000000C0000001FFF8000FFFFC000040060A6
:10DEB00000040020000400200004002000040040B2
:10DEC00000000180000000000000000000000000D1
:10DED0000000000000000000000000000000000042
:10DEE0000000000000000000000000000000000032
:10DEF0000000000000000000000000000000000022
:10DF00000000000000000000000000000000000011
:10DF100000040000000400000007FF80000FFFC0A5
:10DF20000000006000000020000000200000002031
:10DF30000000002000040040000400800007FFE013
:10DF4000000FFFC000000040000000400000000083
:10DF500000000000000000000000000000000000C1
:10DF600000000000000000000000000000000000B1
:10DF700000000000000000000000000000000000A1
:10DF80000000000000000000000000000000000091
:10DF90000004000000040000000780000007F000FB
:10DFA0000004FE0000041FC0000003E00000038026
:10DFB00000001C0000046000000780000006000054
:10DFC000000400000000000000000000000000004D
:10DFD0000000000000000000000000000000000041
:10DFE0000000000000000000000000000000000031
:10DFF0000000000000000000000000000000000021
:10E00000000000000000000000000000000400000C
:10E01000000600000007C0000007FC0000043F806D
:10E02000000003E000040F800006F0000007F0008D
:10E030000007FF8000040FE00000038000043C00A4
:10E040000007C000000600000004000000000000FF
:10E0500000000000000000000000000000000000C0
:10E0600000000000000000000000000000000000B0
:10E0700000000000000000000000000000000000A0
:10E080000000000000000000000000000000000090
:10E09000000000200004002000040060000700E0F1
:10E0A000000783200007E6000004F80000003C00A1
:10E0B00000045E20000587A0000601E00004006067
:10E0C000000400200000002000000000000000000C
:10E0D0000000000000000000000000000000000040
:10E0E0000000000000000000000000000000000030
:10E0F0000000000000000000000000000000000020
:10E10000000000000000000000000000000000000F
:10E110000004000000040003000700030007E00102
:10E120000004F80100041F02000007FC000000E0EA
:10E1300000000700000438000007C00000060000CF
:10E1400000040000000400000000000000000000C7
:10E1500000000000000000000000000000000000BF
:10E1600000000000000000000000000000000000AF
:10E17000000000000000000000000000000000009F
:10E18000000000000000000000000000000000008F
:10E190000000000000078060000600E0000403E0CB
:10E1A000000407A000040E2000043C20000470209E
:10E1B0000005E0200007802000070060000400E068
:10E1C00000000380000000000000000000000000CC
:10E1D000000000000000000000000000000000003F
:10E1E000000000000000000000000000000000002F
:10E1F000000000000000000000000000000000001F
:10E20000000000000000000000000000000000000E
:10E2100000000000000000000000000000000000FE
:10E2200000000000000000000000800000008000EE
:10E230000001400007FE3FF8080000041000000243
:10E2400010000002000000000000000000000000BC
:10E2500000000000000000000000000000000000BE
:10E2600000000000000000000000000000000000AE
:10E27000000000000000000000000000000000009E
:10E28000000000000000000000000000000000008E
:10E29000000000000000000000000000000000007E
:10E2A000000000000000000000000000FFFFFFFF72
:10E2B000000000000000000000000000000000005E
:10E2C000000000000000000000000000000000004E
:10E2D000000000000000000000000000000000003E
:10E2E000000000000000000000000000000000002E
:10E2F000000000000000000000000000000000001E
:10E30000000000000000000000000000000000000D
:10E3100000000000100000021000000208000004CD
:10E3200007FE3FF800014000000080000000800070
:10E3300000000000000000000000000000000000DD
:10E3400000000000000000000000000000000000CD
:10E3500000000000000000000000000000000000BD
:10E3600000000000000000000000000000000000AD
:10E37000000000000000000000000000000000009D
:10E38000000000000000000000000000000000008D
:10E3900018000000300000004000000040000000B5
:10E3A00040000000200000003000000008000000D5
:10E3B0000400000002000000020000000200000053
:10E3C0000C00000018000000000000000000000029
:10E3D000000000000000000000000000000000003D
:10E3E000000000000000000000000000000000002D
:10E3F000000000000000000000000000000000001D
:10E40000000000000000000000000000020FD60223
:10E410000A39C201222200020FB2E51F7072F51EF6
:10E42000D235FFEF25E0244EF8E4F608F60FBF34AE
:10E43000F2900E93E493FFE54BC39F50047F058059
:10E44000027FFB78BDA607120F0440047F03800201
:10E450007F3078BCA607E618F608E678B9F678BCEF
:10E46000E678BAF678BF7633E408F678B8760175C0
:10E470004A0278B6F608F674FF78C1F608F6751FFA
:10E480000178BCE675F005A4F54B120AFFC23722ED
:10E4900078B8E6D3940040021622E51FB40523E4C1
:10E4A000F51FC20178B6E6FE08E6FF784EA606081C
:10E4B000A607A237E433F53C903028F0751E10D241
:10E4C0003522E54B75F0058478BCF6900E8CE4930C
:10E4D000FF25E0240AF8E6FC08E6FD78BCE625E026
:10E4E000244EF8A60408A605EF120F0BD378B796B2
:10E4F000EE1896400D78BCE678B9F678B6A6060810
:10E50000A607900E8CE493120F0BC378C296EE18F8
:10E5100096500D78BCE678BAF678C1A60608A6072C
:10E5200078B6E6FE08E6C378C296FFEE189678C382
:10E53000F608A607900E95E418120EE94002D237AD
:10E5400078BCE6082608F6E51F6401704AE6C37841
:10E55000C0120EDF4005120EDA4039120F024004DD
:10E560007FFE80027F0278BDA60778B9E624037893
:10E57000BFF678B9E624FD78C0F6120F024006789F
:10E58000C0E6FF800478BFE6FF78BEA607751F02CD
:10E5900078B8760102024AE51F6402600302022A8B
:10E5A00078BEE6FFC378C0120EE04008120EDA50C3
:10E5B00003020228120F0240047FFF80027F0178CD
:10E5C000BDA60778B9E60478BFF678B9E61478C036
:10E5D000F618120F044004E6FF80027F0078BFA601
:10E5E00007D308E6648094804004E6FF80027F0041
:10E5F00078C0A607C318E6648094B35004E6FF8091
:10E60000027F3378BFA607C308E6648094B3500442
:10E61000E6FF80027F3378C0A607120F024006781B
:10E62000C0E6FF800478BFE6FF78BEA607751F032B
:10E6300078B876018020E51F6403702678BEE6FF77
:10E64000C378C0120EE04005120EDA400978B9E630
:10E6500078BEF6751F0478BEE675F005A4F54B028A
:10E660000AFFE51FB40410900E94E478C3120EE97B
:10E670004002D237751F05223001030204C0300268
:10E68000030204C09051A5E07893F6A3E008F6A336
:10E69000E008F6E51F703C751E20D235120C7A7822
:10E6A0007EA60608A607788BA609187601120C5BD1
:10E6B000784EA60608A607788BE6786EF6751F01D9
:10E6C0007893E67890F67894E67891F67895E678FF
:10E6D00092F6227990E7D37893964005E796FF80EB
:10E6E00008C37993E7789096FF7888760008A607A4
:10E6F0007991E7D37894964005E796FF8008C3792F
:10E7000094E7789196FF120C8E7992E7D3789596DC
:10E710004005E796FF8008C37995E7789296FF1247
:10E720000C8E120C5B788AE625E0244EF8A60608CB
:10E73000A607788AE6246EF8A609788AE62401FFFF
:10E74000E433FED3EF940FEE6480948040047F00A6
:10E750008005788AE604FF788AA607E51FB4010AD7
:10E76000E660030204C0751F0222120C7A7880A6AC
:10E770000608A607120C7A7882A60608A607786E05
:10E78000E6788CF6786EE6788DF67F01EF25E0244A
:10E790004FF9C37881E69718E61997500A120C8250
:10E7A0007880A60408A605746E2FF9788CE6C397C6
:10E7B0005008746E2FF8E6788CF6EF25E0244FF9B8
:10E7C000D37883E69718E61997400A120C8278826C
:10E7D000A60408A605746E2FF9788DE6D397400835
:10E7E000746E2FF8E6788DF60FEF6410709EC37983
:10E7F00081E7788396FF19E718967884F608A607CC
:10E80000C3798CE7788D9608F6D37981E7787F967F
:10E8100019E71896400509E7088006C3797FE7786D
:10E820008196FF19E71896FE7886A60608A607794E
:10E830008CE7D3788B964005E796FF8008C3798BE9
:10E84000E7788C96FF788FA607E51F6402706990C1
:10E850000E9193FF18E6C39F5072120C4A120C2FB0
:10E86000900E8E120C387880120C6B7B04120C1DEB
:10E87000C31206455056900E92E493FF788FE69FA0
:10E8800040028011900E90E493FFD37889E69F18A0
:10E89000E694004003751F05120C4A120C2F900ECF
:10E8A0008F120C38787E120C6B7B40120C1DD31229
:10E8B00006454018751F0522E51FB4050FD201C299
:10E8C00002E4F51FF51ED235D233D23622EF8DF099
:10E8D000A4A8F0CF8CF0A428CE8DF0A42EFE22BCEC
:10E8E000000BBE0029EF8DF084FFADF022E4CCF8E0
:10E8F00075F008EF2FFFEE33FEEC33FCEE9DEC9845
:10E900004005FCEE9DFE0FD5F0E9E4CEFD22EDF8CA
:10E91000F5F0EE8420D21CFEADF075F008EF2FFF6D
:10E92000ED33FD4007985006D5F0F222C398FD0F55
:10E93000D5F0EA22E88FF0A4CC8BF0A42CFCE98E71
:10E94000F0A42CFC8AF0EDA42CFCEA8EF0A4CDA857
:10E95000F08BF0A42DCC3825F0FDE98FF0A42CCD60
:10E9600035F0FCEB8EF0A4FEA9F0EB8FF0A4CFC540
:10E97000F02ECD39FEE43CFCEAA42DCE35F0FDE4CA
:10E980003CFC2275F008758200EF2FFFEE33FECDC0
:10E9900033CDCC33CCC58233C5829BED9AEC99E55F
:10E9A0008298400CF582EE9BFEED9AFDEC99FC0FEF
:10E9B000D5F0D6E4CEFBE4CDFAE4CCF9A88222B8B7
:10E9C00000C1B90059BA002DEC8BF084CFCECDFC3C
:10E9D000E5F0CBF97818EF2FFFEE33FEED33FDECC9
:10E9E00033FCEB33FB10D703994004EB99FB0FD8B2
:10E9F000E5E4F9FA227818EF2FFFEE33FEED33FD50
:10EA0000EC33FCC933C910D7059BE99A4007EC9B4E
:10EA1000FCE99AF90FD8E0E4C9FAE4CCFB2275F0DE
:10EA200010EF2FFFEE33FEED33FDCC33CCC833C8EF
:10EA300010D7079BEC9AE899400AED9BFDEC9AFCF5
:10EA4000E899F80FD5F0DAE4CDFBE4CCFAE4C8F9A4
:10EA500022EB9FF5F0EA9E42F0E99D42F0E89C45EA
:10EA6000F022E8600FECC313FCED13FDEE13FEEF94
:10EA700013FFD8F122E8600FEFC333FFEE33FEED52
:10EA800033FDEC33FCD8F122E493FC740193FD7464
:10EA90000293FE740393FF22E6FB08E6F908E6FA08
:10EAA00008E6CBF822ECF608EDF608EEF608EFF6ED
:10EAB00022A42582F582E5F03583F58322D083D028
:10EAC00082F8E4937012740193700DA3A393F87409
:10EAD0000193F5828883E4737402936860EFA3A3C3
:10EAE000A380DF9038047852120BFD903800E0FECE
:10EAF000A3E0FDEDFFC3120B9E903810120B929015
:10EB000038067854120BFD903802E0FEA3E0FDEDCC
:10EB1000FFC3120B9E903812120B92A3E0B4310780
:10EB200078527952120C13903814E0B4711578525F
:10EB3000E6FE08E67802CEC313CE13D8F97953F770
:10EB4000EE19F7903815E0B4310778547954120C67
:10EB500013903815E0B471157854E6FE08E6780293
:10EB6000CEC313CE13D8F97955F7EE19F7795212AF
:10EB70000BD909120BD9AF47120BB2E544FB7A004F
:10EB8000FD7C001204D3785AA60608A607AF4512EA
:10EB90000BB2AD037C001204D37856A60608A60774
:10EBA000AF487854120BB4E543FBFD7C001204D34C
:10EBB000785CA60608A607AF467E007854120BB60E
:10EBC000AD037C001204D37858A60608A607C378C4
:10EBD0005BE6940818E6940050057600087608C3B2
:10EBE000785DE6940818E6940050057600087608EB
:10EBF000785A120BC6FFD37857E69F18E69E400E50
:10EC0000785AE613FE08E67857120C0880047E0056
:10EC10007F00785E120BBEFFD37859E69F18E69E00
:10EC2000400E785CE613FE08E67859120C08800462
:10EC30007E007F00E4FCFD7862120699785A120B80
:10EC4000C6785726FFEE1836FE7866120BBE785946
:10EC500026FFEE1836FEE4FCFD786A120699120BC8
:10EC6000CE786612068CD31206454008120BCE7879
:10EC7000661206997854120BD0786A12068CD31259
:10EC80000645400A7854120BD0786A1206997861CA
:10EC9000E6906001F07865E6A3F07869E6A3F07885
:10ECA00055E6A3F07D017861120BE92401120BA651
:10ECB0007865120BE92402120BA67869120BE9247D
:10ECC00003120BA6786D120BE92404120BA60DBDDE
:10ECD00005D4C20EC20622850841903024E0F53DDD
:10ECE000A3E0F53EA3E0F53FA3E0F540A3E0F53C4B
:10ECF000D234E5411206B1093103093504093B0557
:10ED0000093E06094107094A08095B1209731809F7
:10ED10008919095E1A096A1B09AD8009B2810A1DA9
:10ED20008F0A09900A1D910A1D920A1D930A1D94CB
:10ED30000A1D980A179F0A1AEC00000A38120F746D
:10ED400022120F74D20322D20322C20322A237E47A
:10ED500033F53C020A1DC201C202C203120D0D7539
:10ED60001E70D235020A1D020A0485404A853C4BBA
:10ED7000120AFF020A1D854A40854B3C020A1DE427
:10ED8000F522F523854031853F30853E2F853D2E88
:10ED9000120F46801F75220075230174FFF52DF5B3
:10EDA0002CF52BF52A120F46852D40852C3F852BFF
:10EDB0003E852A3DE4F53C8070120F16806B853D40
:10EDC00045853E46E547C313FFE545C39F50028F87
:10EDD00045E548C313FFE546C39F50028F46E5470C
:10EDE000C313FFFDE5452DFDE433FCE544120F9010
:10EDF0004005E5449FF545E548C313FFFDE5462D75
:10EE0000FDE433FCE543120F904005E5439FF546D2
:10EE10001206D78014854048853F47853E46853D8C
:10EE20004580060206D7120D7E903024E53DF0A302
:10EE3000E53EF0A3E53FF0A3E540F0A3E53CF0900C
:10EE40003023E4F022C0E0C083C082C0D0903F0CE9
:10EE5000E0F532E53230E374303666906019E0F563
:10EE60000AA3E0F50B90601DE0F514A3E0F5159002
:10EE70006021E0F50CA3E0F50D906029E0F50EA30C
:10EE8000E0F50F906031E0F510A3E0F511906039E6
:10EE9000E0F512A3E0F513300106303303D380010F
:10EEA000C39209300206303303D38001C3920A3083
:10EEB000330C300309200206200103D38001C392E2
:10EEC0000B903001E04440F0E054BFF0E53230E117
:10EED00014303411903022E0F508E4F0300003D310
:10EEE0008001C39208E53230E5129056A1E0F509A1
:10EEF000303109300503D38001C3920D903F0CE5FA
:10EF000032F0D0D0D082D083D0E032900E7EE49325
:10EF1000FE740193FFC3900E7C7401939FFFE493F2
:10EF20009EFEE48F3B8E3AF539F538AB3BAA3AA901
:10EF300039A838AF4BFCFDFE120528120DE1E47B29
:10EF4000FFFAF9F81205B3120DE1900E69E4120D03
:10EF5000F6120DE1E4854A37F536F535F534AF376D
:10EF6000AE36AD35AC34A3120DF68F378E368D35F7
:10EF70008C34E53B4537F53BE53A4536F53AE5391E
:10EF80004535F539E5384534F538E4F522F523857E
:10EF90003B31853A3085392F85382E020F46E0A364
:10EFA000E075F002A4FFAEF0C308E69FF618E69EF7
:10EFB000F622FFE5F034608F82F583ECF022785280
:10EFC0007E00E6FC08E6FD0204C1E4FCFD120699A1
:10EFD000785CE6C313FE08E613227852E6FE08E6E4
:10EFE000FFE4FCFD22E7C4F854F0C868F709E7C461
:10EFF000540F48F722E6FCED75F004A42212067CBB
:10F000008F488E478D468C4522E0FEA3E0FDEEF64C
:10F01000ED08F62213FFC3E69FFF18E69EFE22E6E8
:10F02000C313F708E61309F722AD39AC38FAF9F83B
:10F030001205288F3B8E3A8D398C38AB37AA36A90A
:10F0400035A8342293FFE4FCFDFE1205288F378E8D
:10F05000368D358C34227884E6FE08E6FFE48F375F
:10F060008E36F535F53422900E8CE49325E0240A93
:10F07000F8E6FE08E6FF22E6FE08E6FFE48F3B8E98
:10F080003AF539F53822784EE6FE08E6FF22EF25FC
:10F09000E0244EF8E6FC08E6FD227889EF26F61813
:10F0A000E436F62275890375A80175B8047534FF36
:10F0B00075350E75361575370D120E9A1200091238
:10F0C0000F16120006D200D234D2AF7534FF753558
:10F0D0000E753649753703120E9A300809C234127C
:10F0E00008CBC208D234300B09C23612026CC20BF4
:10F0F000D236300909C23612000EC209D236300E9D
:10F10000031206D73035D3903029E51EF0B4100530
:10F11000903023E4F0C23580C1E4F54B900E7A9331
:10F12000FFE48F37F536F535F534AF37AE36AD350C
:10F13000AC34900E6A120DF68F378E368D358C34C6
:10F14000900E7212067CEF4537F537EE4536F536F0
:10F15000ED4535F535EC4534F534E4F522F52385F8
:10F16000373185363085352F85342E120F46E4F53C
:10F1700022F523900E72120DEA120F46E4F522F5E5
:10F1800023900E6E120DEA020F46E54024F2F53789
:10F19000E53F3443F536E53E34A2F535E53D342808
:10F1A000F534E537FFE4FEFDFC78181206698F4060
:10F1B0008E3F8D3E8C3DE53754A0FFE536FEE4FDE5
:10F1C000FC78071206567810120F9AE4FFFEE53518
:10F1D000FDE4FC780E120656120F9DE4FFFEFDE5DD
:10F1E00034FC78181206567808120F9A228F3B8E3C
:10F1F0003A8D398C382212067C8F318E308D2F8CCF
:10F200002E2293F9F8020669000000001201170887
:10F210003115535444202020202013011001564062
:10F220001A30297E00300420DF300540BF50030033
:10F23000FD502701FE600011003F0530003F06220F
:10F24000003F012A003F020000360607003F0B0F77
:10F25000F000000000300140BF300100BF302970D5
:10F26000003A0000FF3A0000FF36033602414458DE
:10F270002018100A04040003FF640000800000004E
:10F2800000000002040606000351007A503C281ECC
:10F290001010502D281610100200100C10040C6EC7
:10F2A000060500A55A00AE35AF36E4FDEDC395372F
:10F2B0005033120FE2E493F538740193F539453871
:10F2C0006023853982853883E0FC120FE274039352
:10F2D0005204120FE2740293420485398285388306
:10F2E000ECF00D80C72278BEE6D308FFE66480F814
:10F2F000EF6480982293FF7E00E6FC08E6FD12048E
:10F30000C178C1E6FC08E6FDD3EF9DEE9C2278BDF6
:10F31000D3E6648094802225E0240AF8E6FE08E61D
:10F32000FF22E53CD39400400B900E88120BF19025
:10F330000E868009900E82120BF1900E80E493F5F8
:10F3400044A3E493F543D206300603D38001C3926D
:10F350000E22A2AF9232C2AFE5234522900E5D602D
:10F360000E120FCBE0F52C120FC8E0F52D800C1219
:10F370000FCBE530F0120FC8E531F0A23292AF2288
:10F38000D201C202E4F51FF51ED235D233D236D2F5
:10F3900001C202F51FF51ED235D23322FBD3ED9BFD
:10F3A0007480F86C9822120669E5402FF540E53F1D
:10F3B0003EF53FE53E3DF53EE53D3CF53D22C0E0F6
:10F3C000C083C082903F0DE0F533E533F0D082D0AA
:10F3D00083D0E032900E5FE493FE740193F5828E49
:10F3E0008322787FE4F6D8FD7581CD020C988F8258
:10F3F0008E8375F004ED0206A500004330001F5017
:10F4000000003530210036306900073C0700203805
:10F41000460021382000143811001538110000383A
:10F4200000000138000002380000033800000438F2
:10F430000A0005383F000638070007389F000838E3
:10F440000200093880000A3801000B38E0000C384F
:10F450000B000D381C000E3807000F38B0001338B1
:10F4600004001836040012362B00093712000C373E
:10F47000000004400600023000000630FF00134781
:10F480000300074401000B4635000C4622003748B4
:10F490001600243802000150A30003350000004389
:10F4A0006F001F5001003530410036306900073CC5
:10F4B0000700203846002138000014383100153884
:10F4C0003100003800000138000002380000033825
:10F4D000000004380A0005383F00063806000738E7
:10F4E000A90008380500093800000A3802000B3866
:10F4F000D0000C3805000D38F8000E3803000F3826
:10F500008400133804001836000012362900093729
:10F5100052000C370300023A0200033AE000143AAA
:10F520000200153AE0000440020002301C000630E0
:10F53000C30013470300074404000B4637000C4682
:10F54000200037481600243804000150A30003357A
:10F55000000008304200033103001730FF0018306C
:10F56000FF0034301A003730130008310100303604
:10F57000360031360E003236E200333612002136C4
:10F58000E0000437A00003375A001537780017371A
:10F5900001000B37600005371A00053902000639F3
:10F5A000100001390A003137120000360800013618
:10F5B00033002D306000203652001B3720001C47DE
:10F5C0005000133A4300183A0000193AF800353653
:10F5D0001300363603003436400022360100013C69
:10F5E0003400043C2800053C9800063C0000073C21
:10F5F0000800083C0000093C1C000A3C9C000B3C35
:10F600004000103800001138100012380000083790
:10F6100064000140020005401A0000300000043080
:10F62000FF000E3058002E300000004330001F5005
:10F6300000000E4400000050A7000F3A3000103ABE
:10F6400028001B3A30001E3A2600113A60001F3A8B
:10F650001400005823000158140002580F000358EA
:10F660000F00045812000558260006580C000758D1
:10F67000080008580500095805000A5808000B58EA
:10F680000D000C5808000D5803000E5800000F58CC
:10F6900000001058030011580900125807001358B1
:10F6A000030014580000155801001658030017589D
:10F6B000080018580D00195808001A5805001B5862
:10F6C00006001C5808001D580E001E5829001F581F
:10F6D00017002058110021581100225815002358F6
:10F6E0002800245846002558260026580800275888
:10F6F000260028586400295826002A5824002B5830
:10F7000022002C5824002D5824002E5806002F5873
:10F7100022003058400031584200325824003358FB
:10F720002600345824003558220036582200375815
:10F73000260038584400395824003A5826003B58CF
:10F7400028003C5842003D58CE008051FF008151B6
:10F75000F20082510000835114008451250085512C
:10F7600024008651090087510900885109008951F8
:10F7700075008A5154008B51E0008C51B2008D51BC
:10F7800042008E513D008F515600905146009151DC
:10F79000F80092510400935170009451F00095517B
:10F7A000F0009651030097510100985104009951BF
:10F7B00012009A5104009B5100009C5106009D517B
:10F7C00082009E5138008054010081540800825408
:10F7D00014008354280084545100855465008654D5
:10F7E000710087547D0088548700895491008A54A1
:10F7F0009A008B54AA008C54B8008D54CD008E54BE
:10F80000DD008F54EA0090541D0081531E00825386
:10F810005B008353080084530A0085537E0086539F
:10F82000880087537C0088536C00895310008A53EA
:10F8300001008B5398008055060083554000845585
:10F840001000895510008A5500008B55F8001D5096
:10F8500040000053080001533000025310000353CE
:10F8600000000453080005533000065308000753F6
:10F870001600095308000A5330000B5304000C53C0
:10F880000600255000000830020040472100100803
:10F89000100820102018412018103028613028103E
:10F8A000383061383010403871403810504890502E
:10F8B00048206058A060582004000400040000069E
:10F8C0001C040004F3010548040007CF01064804A6
:10F8D0000004D301041004000840010C303D3E3DFB
:10F8E00001103D4D4E4D011552666866021A668044
:10F8F0008280021F7A9A9C9A02248FB3B6B3032B9C
:10F90000ABD6DAD6040640101EA0401E80C01E40B2
:10F91000A04040101E606030313233343536373805
:10F920003941424344454640305800303132333447
:10F930003536373839616263646566403078000473
:10F94000000008000000000000000200010000109C
:10F9500059656C6C6F77697368200000496E766535
:10F9600072736500477265656E6973680000000018
:10F970004E6F726D616C0000436F6F6C0000000091
:10F980005761726D000000003F0000006465630075
:10F990006964000072756E74696D650068656C70ED
:10F9A000000000006C697374000000006865780056
:10F9B00075696E74385F74206F76353634305F77D2
:10F9C000726974655F7265672875696E7431365F38
:10F9D00074207265672C75696E74385F7420646179
:10F9E00074612900766F69642064636D695F637276
:10F9F0005F7365742875696E74385F742070636C0A
:10FA00006B2C75696E74385F74206873796E632C23
:10FA100075696E74385F74207673796E632900009F
:10FA200075696E74385F74206F76353634305F6672
:10FA30006F6375735F73696E676C6528766F696451
:10FA40002900000075696E74385F74206F76353652
:10FA500034305F666F6375735F636F6E7374616E6E
:10FA60007428766F69642900766F6964206F763533
:10FA70003634305F77686974655F62616C616E63AC
:10FA8000652875696E74385F74206D6F6465290030
:10FA9000766F6964206F76353634305F74657374C1
:10FAA0005F7061747465726E2875696E74385F7406
:10FAB000206D6F6465290000766F6964206F76356C
:10FAC0003634305F6578706F737572652875696E4E
:10FAD00074385F74206578706F73757265290000E3
:10FAE00075696E74385F74206F76353634305F72A6
:10FAF0006561645F7265672875696E7431365F741D
:10FB00002072656729000000766F6964207772694A
:10FB100074655F616464722875696E7433325F74F2
:10FB200020616464722C75696E7433325F74207660
:10FB3000616C2900766F6964206F76353634305FEA
:10FB400073686172706E6573732875696E74385F5F
:10FB500074207368617270290000000075696E740A
:10FB600033325F7420726561645F6164647228750A
:10FB7000696E7433325F742061646472290000001E
:10FB8000766F69642064656C61795F6D732875694F
:10FB90006E7431365F74206E6D732900766F696400
:10FBA0002064656C61795F75732875696E74333292
:10FBB0005F74206E75732900766F6964206F7635E7
:10FBC0003634305F636F6C6F725F7361747572612E
:10FBD00074696F6E2875696E74385F742073617410
:10FBE00029000000766F6964206F76353634305F07
:10FBF0007370656369616C5F6566666563747328BD
:10FC000075696E74385F74206566742900000000A1
:10FC100075696E74385F74206F76353634305F6F77
:10FC2000757473697A655F7365742875696E74316C
:10FC3000365F74206F6666782C75696E7431365F36
:10FC400074206F6666792C75696E7431365F742026
:10FC500077696474682C75696E7431365F742068D6
:10FC6000656967687429000075696E74385F74206F
:10FC70006F76353634305F696D6167655F77696EC1
:10FC8000646F775F7365742875696E7431365F745D
:10FC9000206F6666782C75696E7431365F74206FDC
:10FCA0006666792C75696E7431365F742077696485
:10FCB00074682C75696E7431365F74206865696785
:10FCC00068742900766F69642064636D695F736589
:10FCD000745F77696E646F772875696E7431365F0B
:10FCE000742073782C75696E7431365F7420737963
:10FCF0002C75696E7431365F742077696474682C72
:10FD000075696E7431365F74206865696768742937
:10FD100000000000766F6964206F76353634305FFE
:10FD20006272696768746E6573732875696E74387A
:10FD30005F7420627269676874290000766F696475
:10FD4000206F76353634305F636F6E747261737412
:10FD50002875696E74385F7420636F6E7472617396
:10FD600074290000766F6964206F76353634305F11
:10FD7000666C6173685F6374726C2875696E743841
:08FD80005F7420737729000075
:040000050800029954
:00000001FF
